/*
MySQL Backup
Database: baiguixe
Backup Time: 2022-10-27 18:42:27
*/

SET FOREIGN_KEY_CHECKS=0;
DROP TABLE IF EXISTS `baiguixe`.`chu_xe`;
DROP TABLE IF EXISTS `baiguixe`.`gia_ve`;
DROP TABLE IF EXISTS `baiguixe`.`ho_gia_dinh`;
DROP TABLE IF EXISTS `baiguixe`.`the`;
DROP TABLE IF EXISTS `baiguixe`.`thoi_gian_gui_va_lay_xe`;
DROP TABLE IF EXISTS `baiguixe`.`thong_tin_gui`;
DROP TABLE IF EXISTS `baiguixe`.`thong_tin_xe`;
CREATE TABLE `chu_xe` (
  `ID_chu_xe` varchar(20) NOT NULL,
  `ID_ho` varchar(20) DEFAULT NULL,
  `Ten_chu_xe` varchar(50) DEFAULT NULL,
  `SDT` varchar(20) DEFAULT NULL,
  PRIMARY KEY (`ID_chu_xe`),
  KEY `FK_IDHo` (`ID_ho`),
  CONSTRAINT `FK_IDHo` FOREIGN KEY (`ID_ho`) REFERENCES `ho_gia_dinh` (`ID_ho`) ON DELETE CASCADE ON UPDATE CASCADE
) ENGINE=InnoDB DEFAULT CHARSET=utf8mb4;
CREATE TABLE `gia_ve` (
  `ID_gia` varchar(10) NOT NULL,
  `Loai_xe` varchar(10) DEFAULT NULL,
  `Gia_ve` int(11) DEFAULT NULL,
  PRIMARY KEY (`ID_gia`)
) ENGINE=InnoDB DEFAULT CHARSET=utf8mb4;
CREATE TABLE `ho_gia_dinh` (
  `ID_ho` varchar(20) NOT NULL,
  PRIMARY KEY (`ID_ho`)
) ENGINE=InnoDB DEFAULT CHARSET=utf8mb4;
CREATE TABLE `the` (
  `ID_the` varchar(20) NOT NULL,
  `ID_chu_xe` varchar(20) DEFAULT NULL,
  `ID_xe` varchar(20) DEFAULT NULL,
  PRIMARY KEY (`ID_the`),
  KEY `FK_IDchuxe1` (`ID_chu_xe`),
  KEY `FK_IDxe` (`ID_xe`),
  CONSTRAINT `FK_IDchuxe1` FOREIGN KEY (`ID_chu_xe`) REFERENCES `chu_xe` (`ID_chu_xe`) ON DELETE CASCADE ON UPDATE CASCADE,
  CONSTRAINT `FK_IDxe` FOREIGN KEY (`ID_xe`) REFERENCES `thong_tin_xe` (`ID_xe`) ON DELETE CASCADE ON UPDATE CASCADE
) ENGINE=InnoDB DEFAULT CHARSET=utf8mb4;
CREATE TABLE `thoi_gian_gui_va_lay_xe` (
  `ID` int(11) NOT NULL AUTO_INCREMENT,
  `ID_the` varchar(20) DEFAULT NULL,
  `Thoi_gian` datetime DEFAULT NULL,
  `Trang_thai` varchar(20) DEFAULT NULL,
  PRIMARY KEY (`ID`),
  KEY `ID_the` (`ID_the`),
  CONSTRAINT `thoi_gian_gui_va_lay_xe_ibfk_1` FOREIGN KEY (`ID_the`) REFERENCES `the` (`ID_the`)
) ENGINE=InnoDB AUTO_INCREMENT=2000 DEFAULT CHARSET=utf8mb4;
CREATE TABLE `thong_tin_gui` (
  `ID` int(11) NOT NULL AUTO_INCREMENT,
  `ID_the` varchar(20) DEFAULT NULL,
  `ID_xe` varchar(20) DEFAULT NULL,
  PRIMARY KEY (`ID`),
  KEY `FK_IDthe` (`ID_the`),
  KEY `FK_xe1` (`ID_xe`),
  CONSTRAINT `FK_IDthe` FOREIGN KEY (`ID_the`) REFERENCES `the` (`ID_the`) ON DELETE CASCADE ON UPDATE CASCADE,
  CONSTRAINT `FK_xe1` FOREIGN KEY (`ID_xe`) REFERENCES `thong_tin_xe` (`ID_xe`) ON DELETE CASCADE ON UPDATE CASCADE
) ENGINE=InnoDB AUTO_INCREMENT=2000 DEFAULT CHARSET=utf8mb4;
CREATE TABLE `thong_tin_xe` (
  `ID_xe` varchar(20) NOT NULL,
  `ID_chu_xe` varchar(20) DEFAULT NULL,
  `Bien_so_xe` varchar(20) DEFAULT NULL,
  `Hang_xe` varchar(20) DEFAULT NULL,
  `Loai_xe` varchar(20) DEFAULT NULL,
  PRIMARY KEY (`ID_xe`),
  KEY `FK_IDchuxe` (`ID_chu_xe`),
  CONSTRAINT `FK_IDchuxe` FOREIGN KEY (`ID_chu_xe`) REFERENCES `chu_xe` (`ID_chu_xe`) ON DELETE CASCADE ON UPDATE CASCADE
) ENGINE=InnoDB DEFAULT CHARSET=utf8mb4;
BEGIN;
LOCK TABLES `baiguixe`.`chu_xe` WRITE;
DELETE FROM `baiguixe`.`chu_xe`;
INSERT INTO `baiguixe`.`chu_xe` (`ID_chu_xe`,`ID_ho`,`Ten_chu_xe`,`SDT`) VALUES ('User10009', 'HO85722', 'Elena Newman', '0160210566'),('User10010', 'HO87343', 'Willie Colombie', '0560228380'),('User10018', 'HO18500', 'Mollie Gaedner', '0655681513'),('User10022', 'HO61812', 'Chelsea Carlos', '0538662215'),('User10191', 'HO63819', 'Frances Peterson', '0376981045'),('User10217', 'HO82276', 'Nora Baxter', '0329904825'),('User10308', 'HO35760', 'Pauge Butler', '0447500542'),('User10406', 'HO27617', 'Kaira Laing', '0758277947'),('User10407', 'HO17438', 'Jodie Ronanldo', '0937000679'),('User10520', 'HO57126', 'Rhonda Kimmich', '0643722030'),('User10566', 'HO18656', 'Fleur Laing', '0240461240'),('User10639', 'HO72003', 'Hollie Gaedner', '0434331962'),('User10645', 'HO62025', 'Fanni Degear', '0219979378'),('User10651', 'HO30637', 'Mina Thornton', '0346830522'),('User10681', 'HO98879', 'Lena Meijia', '0893230232'),('User10708', 'HO39024', 'Eleanor Chapman', '0597068736'),('User10893', 'HO49892', 'Tassa Paker', '0446552468'),('User11072', 'HO57126', 'Rhonda Aguirre', '0901687936'),('User11073', 'HO15635', 'Esther Edwards', '0711493022'),('User11219', 'HO30637', 'Mina Smith', '0139973527'),('User11254', 'HO36148', 'Rosa Dennis', '0642795428'),('User11309', 'HO93315', 'Kathruyn Littel', '0542762074'),('User11358', 'HO84534', 'Leila Herbert', '0243437888'),('User11413', 'HO53817', 'Rina Thompson', '0994373261'),('User11557', 'HO38740', 'Nancy Hunt', '0278210297'),('User11622', 'HO84534', 'Leila Henderson', '0106105981'),('User11663', 'HO42104', 'Adrina Littel', '0938013720'),('User11681', 'HO42104', 'Adrina Canatan', '0536433399'),('User11730', 'HO71922', 'Thea Glover', '0301770824'),('User11765', 'HO63819', 'Frances Beck', '0180801860'),('User11859', 'HO17104', 'Getrude Gughes', '0886067754'),('User11873', 'HO36657', 'Tiphanie Poberto', '0744993728'),('User12080', 'HO58096', 'Olive Thornton', '0995892470'),('User12097', 'HO91491', 'Kian Day', '0878767792'),('User12193', 'HO25078', 'Alicia Hommond', '0170922613'),('User12237', 'HO91207', 'Irene Bird', '0697901453'),('User12397', 'HO28473', 'Meghan Todd', '0362273957'),('User12565', 'HO49843', 'Luccia Gaedner', '0603383297'),('User12683', 'HO18712', 'Millie Alavers', '0809158452'),('User12731', 'HO93068', 'Marine Thornton', '0542216185'),('User12975', 'HO39024', 'Eleanor Paker', '0727374625'),('User13006', 'HO17104', 'Getrude Butler', '0865447726'),('User13083', 'HO25078', 'Alicia Copper', '0612884157'),('User13113', 'HO50957', 'Daisy Donaldson', '0370108213'),('User13218', 'HO30592', 'Kyra Griffin', '0171064675'),('User13245', 'HO91207', 'Irene Baker', '0100843661'),('User13261', 'HO33937', 'Anastashia Smith', '0633553785'),('User13479', 'HO93315', 'Kathruyn Edwards', '0453706894'),('User13557', 'HO40713', 'Sharon Matinezs', '0926745923'),('User13558', 'HO49079', 'Ella Hopkins', '0635149991'),('User13795', 'HO82276', 'Nora Simpson', '0360711002'),('User13796', 'HO36657', 'Tiphanie Lord', '0766486084'),('User13886', 'HO36148', 'Rosa Alvardo', '0617613019'),('User14007', 'HO39024', 'Eleanor Pearson', '0589402712'),('User14061', 'HO36657', 'Tiphanie Henderson', '0385276499'),('User14146', 'HO74450', 'Grace Griffin', '0827279035'),('User14263', 'HO63726', 'Kye Beck', '0824901240'),('User14496', 'HO30637', 'Mina Peterson', '0959100352'),('User14592', 'HO89208', 'Melanie Griffin', '0269708221'),('User14622', 'HO33426', 'Rosemary Morton', '0825679049'),('User14740', 'HO89208', 'Melanie Baker', '0615584763'),('User14895', 'HO60086', 'Joel Coles', '0506852184'),('User14912', 'HO34322', 'Elise Phelps', '0797705083'),('User14948', 'HO71922', 'Thea Green', '0221920475'),('User14966', 'HO25078', 'Alicia Herrera', '0515891463'),('User14974', 'HO29974', 'Natasha Ramos', '0709931648'),('User15112', 'HO98070', 'Monica Colombie', '0162963761'),('User15281', 'HO63960', 'Amina Carter', '0139036386'),('User15350', 'HO24369', 'Rebekah Phelps', '0619239191'),('User15360', 'HO53817', 'Rina Emily', '0991524005'),('User15591', 'HO86554', 'Ruth Jordan', '0332902706'),('User15736', 'HO98879', 'Lena Kimmich', '0397302769'),('User15788', 'HO73801', 'Ann Matinezs', '0854736871'),('User15820', 'HO80814', 'Milicent Horton', '0537287550'),('User15854', 'HO65168', 'Minnie Watson', '0693904332'),('User15946', 'HO33937', 'Anastashia Paker', '0305939293'),('User16022', 'HO89042', 'Alya Phelps', '0773583809'),('User16077', 'HO12675', 'Maria Peterson', '0890218299'),('User16582', 'HO60222', 'Saffon Kaka', '0803086263'),('User16661', 'HO63952', 'Elesha Hunter', '0875367345'),('User16922', 'HO24369', 'Rebekah Dennis', '0792241111'),('User17057', 'HO36148', 'Rosa Hussain', '0494847972'),('User17132', 'HO74450', 'Grace Adkins', '0495364726'),('User17177', 'HO10156', 'Robin Le', '0490795803'),('User17245', 'HO18656', 'Fleur Herrera', '0781460180'),('User17275', 'HO63960', 'Amina Newman', '0468613872'),('User17334', 'HO34041', 'Franki Watts', '0885917027'),('User17344', 'HO41193', 'Florence Humphreys', '0298610462'),('User17467', 'HO91974', 'Naomi Adkins', '0242107181'),('User17604', 'HO53523', 'Yasmin Beck', '0327250183'),('User17627', 'HO60222', 'Saffon Debruyer', '0188050541'),('User17670', 'HO29974', 'Natasha Macerlo', '0662943479'),('User17671', 'HO22126', 'Hafsa Robinson', '0445469317'),('User17717', 'HO18648', 'Nannie Matinezs', '0494564947'),('User17779', 'HO34322', 'Elise Green', '0433464744'),('User17840', 'HO65168', 'Minnie Griffin', '0554663904'),('User17851', 'HO24369', 'Rebekah Macerlo', '0469474349'),('User17853', 'HO91868', 'Laura Jame', '0995631869'),('User17862', 'HO72003', 'Hollie Poberto', '0286912359'),('User17931', 'HO86554', 'Ruth Graves', '0575727157'),('User17944', 'HO38148', 'Alice Morton', '0649837860'),('User17986', 'HO87343', 'Willie Robinson', '0448777839'),('User18137', 'HO94472', 'Elin Liu', '0998299724'),('User18396', 'HO21759', 'Tiffani Degear', '0855822665'),('User18520', 'HO91868', 'Laura Smith', '0312202976'),('User18577', 'HO34575', 'Lilly Marsh', '0214983840'),('User18666', 'HO91974', 'Naomi Phelps', '0597887989'),('User18692', 'HO26943', 'Lana Klau', '0688758396'),('User18796', 'HO28473', 'Meghan Khan', '0448227992'),('User18952', 'HO60214', 'Jesse Hommond', '0526099651'),('User18970', 'HO57126', 'Rhonda Carlos', '0768611669'),('User18999', 'HO60086', 'Joel Hogan', '0402992118'),('User19026', 'HO98879', 'Lena Brady', '0351293155'),('User19211', 'HO10156', 'Robin Harry', '0547289761'),('User19235', 'HO30637', 'Mina Glover', '0998274972'),('User19394', 'HO63952', 'Elesha Dawson', '0555430378'),('User19576', 'HO42104', 'Adrina Canatan', '0837753827'),('User19605', 'HO38740', 'Nancy Thornton', '0929941692'),('User19607', 'HO22126', 'Hafsa Marsh', '0394107805'),('User19618', 'HO57126', 'Rhonda Hunter', '0501690303'),('User19853', 'HO60222', 'Saffon Alvardo', '0249935880'),('User19923', 'HO53817', 'Rina Schmidt', '0294225565'),('User19955', 'HO10156', 'Robin Newman', '0630579945'),('User20020', 'HO82276', 'Nora Moore', '0163466854'),('User20063', 'HO15635', 'Esther Hussain', '0769964058'),('User20102', 'HO24369', 'Rebekah Macerlo', '0158491123'),('User20216', 'HO30592', 'Kyra Gregory', '0648247430'),('User20368', 'HO98070', 'Monica Messie', '0875031989'),('User20536', 'HO10240', 'Kayla Hunter', '0641747581'),('User20589', 'HO61812', 'Chelsea Ross', '0604789615'),('User20761', 'HO49843', 'Luccia Santiago', '0854027807'),('User20816', 'HO63726', 'Kye Alvardo', '0453792415'),('User20892', 'HO83856', 'Morgan Hicks', '0697661604'),('User20893', 'HO98070', 'Monica Humphreys', '0863565780'),('User20899', 'HO49079', 'Ella Butler', '0992751457'),('User20962', 'HO34575', 'Lilly Phelps', '0952166799'),('User21035', 'HO62651', 'Erica Schmidt', '0944136109'),('User21196', 'HO50957', 'Daisy Griffin', '0185361931'),('User21214', 'HO11681', 'Edith Hunt', '0566576846'),('User21239', 'HO57126', 'Rhonda Peterson', '0930928271'),('User21292', 'HO15635', 'Esther Larson', '0489490202'),('User21303', 'HO17438', 'Jodie Robinson', '0441143496'),('User21348', 'HO40713', 'Sharon Macerlo', '0117183868'),('User21378', 'HO62183', 'Neve Dennis', '0474646409'),('User21521', 'HO15635', 'Esther Jame', '0504045132'),('User21524', 'HO18712', 'Millie Baker', '0787939126'),('User21641', 'HO86554', 'Ruth Ramos', '0134718191'),('User21661', 'HO18500', 'Mollie Bailey', '0257078708'),('User21743', 'HO89208', 'Melanie Hopkins', '0337949951'),('User21763', 'HO22126', 'Hafsa Padilla', '0323474244'),('User21764', 'HO26943', 'Lana Carlos', '0606853094'),('User21814', 'HO60214', 'Jesse Jame', '0785909530'),('User21961', 'HO74334', 'Annabel Saunders', '0116641494'),('User22036', 'HO56348', 'Frankie Degear', '0867524888'),('User22063', 'HO17104', 'Getrude Russel', '0587512609'),('User22081', 'HO26768', 'Rosie Adkins', '0130543018'),('User22338', 'HO38148', 'Alice Santiago', '0797280552'),('User22497', 'HO61812', 'Chelsea Le', '0911002810'),('User22518', 'HO62025', 'Fanni Littel', '0650547386'),('User22743', 'HO30637', 'Mina Herbert', '0159443674'),('User22858', 'HO63819', 'Frances Hommond', '0137005389'),('User22873', 'HO43870', 'Jamie Simpson', '0354908014'),('User23031', 'HO33937', 'Anastashia Canatan', '0836188686'),('User23242', 'HO22732', 'Francis Herrera', '0244986008'),('User23326', 'HO28473', 'Meghan Donaldson', '0113465625'),('User23471', 'HO26943', 'Lana Thompson', '0383345051'),('User23473', 'HO18712', 'Millie Moore', '0415608647'),('User23570', 'HO60086', 'Joel Schmidt', '0588977915'),('User23698', 'HO74450', 'Grace Gregory', '0253708689'),('User23976', 'HO36148', 'Rosa Khan', '0617110191'),('User24249', 'HO18656', 'Fleur Thompson', '0386912446'),('User24284', 'HO42104', 'Adrina Gughes', '0533454932'),('User24584', 'HO49079', 'Ella Holland', '0730696260'),('User24635', 'HO29747', 'Jenni Schmidt', '0176216913'),('User24727', 'HO21759', 'Tiffani Greene', '0656743137'),('User24739', 'HO43870', 'Jamie Dawson', '0265648710'),('User24819', 'HO44650', 'Fannie Thompson', '0501329228'),('User24895', 'HO56348', 'Frankie Hopkins', '0161672938'),('User25135', 'HO62651', 'Erica Patel', '0394444449'),('User25145', 'HO83856', 'Morgan Le', '0155441852'),('User25276', 'HO39024', 'Eleanor Suarez', '0488043395'),('User25814', 'HO91974', 'Naomi Bailey', '0110691726'),('User25958', 'HO63819', 'Frances Henderson', '0891220471'),('User26025', 'HO34322', 'Elise Edwards', '0517427891'),('User26043', 'HO30637', 'Mina Kin', '0832622080'),('User26176', 'HO57729', 'Ashley Humphreys', '0303138926'),('User26218', 'HO15635', 'Esther Suarez', '0403200636'),('User26268', 'HO35760', 'Pauge Mccoy', '0422043177'),('User26444', 'HO87343', 'Willie Carter', '0792543366'),('User26463', 'HO57729', 'Ashley Hernandez', '0847038270'),('User26548', 'HO12675', 'Maria Mccoy', '0812929245'),('User26571', 'HO18500', 'Mollie Papoy', '0212456232'),('User26579', 'HO34575', 'Lilly Hicks', '0358273381'),('User26632', 'HO91207', 'Irene Watts', '0142064997'),('User26792', 'HO98070', 'Monica Carey', '0458637898'),('User26914', 'HO82276', 'Nora Emily', '0274944209'),('User27052', 'HO58096', 'Olive Dawson', '0316632363'),('User27059', 'HO98879', 'Lena Thompson', '0135388088'),('User27070', 'HO62183', 'Neve Donaldson', '0878658874'),('User27133', 'HO62651', 'Erica Poberto', '0865151918'),('User27381', 'HO20049', 'Lilian Glover', '0118345365'),('User27494', 'HO50957', 'Daisy Padilla', '0968617820'),('User27683', 'HO93747', 'Jennifer Larson', '0389721554'),('User27696', 'HO29747', 'Jenni Gaedner', '0844338899'),('User27843', 'HO83073', 'Christina Coles', '0425150134'),('User27989', 'HO83856', 'Morgan Canatan', '0645396188'),('User28084', 'HO10156', 'Robin Greene', '0844549545'),('User28166', 'HO39024', 'Eleanor Watson', '0609959379'),('User28169', 'HO49843', 'Luccia Herrera', '0341177465'),('User28184', 'HO38148', 'Alice Donaldson', '0410279403'),('User28313', 'HO49892', 'Tassa Carey', '0583367148'),('User28417', 'HO83856', 'Morgan Ross', '0604946465'),('User28470', 'HO36657', 'Tiphanie Wheeler', '0921455254'),('User28518', 'HO53614', 'Lucie Canatan', '0107454072'),('User28569', 'HO98879', 'Lena Khan', '0105833095'),('User28681', 'HO27617', 'Kaira Carlos', '0371905529'),('User28784', 'HO33937', 'Anastashia Wheeler', '0453063691'),('User28902', 'HO84534', 'Leila Herbert', '0203872486'),('User28995', 'HO95969', 'Lee Moore', '0404789460'),('User29102', 'HO83073', 'Christina Alavers', '0674264747'),('User29164', 'HO91974', 'Naomi Bird', '0964444927'),('User29204', 'HO60222', 'Saffon Griffin', '0776186181'),('User29246', 'HO29747', 'Jenni Laing', '0357200696'),('User29271', 'HO10156', 'Robin Russel', '0625179965'),('User29387', 'HO91868', 'Laura Kaka', '0434432853'),('User29518', 'HO21759', 'Tiffani Hernandez', '0654497830'),('User29530', 'HO29747', 'Jenni Marsh', '0694046433'),('User29782', 'HO11681', 'Edith Harry', '0156090947'),('User29927', 'HO89042', 'Alya Bird', '0978940191'),('User30034', 'HO69337', 'Talia Simpson', '0793859501'),('User30049', 'HO36657', 'Tiphanie Ramos', '0844055531'),('User30065', 'HO55293', 'Fiona Hunter', '0833945705'),('User30401', 'HO40713', 'Sharon King', '0769203671'),('User30588', 'HO52090', 'Fern Carey', '0817159850'),('User30615', 'HO56348', 'Frankie Carlos', '0948984541'),('User30651', 'HO84534', 'Leila Hunter', '0742275906'),('User30783', 'HO49892', 'Tassa Khan', '0411414026'),('User30798', 'HO10156', 'Robin Bird', '0545596090'),('User30938', 'HO36657', 'Tiphanie Wheeler', '0774221130'),('User30956', 'HO91340', 'Troy Harry', '0435596904'),('User31064', 'HO17438', 'Jodie Smith', '0126829228'),('User31133', 'HO57126', 'Rhonda Moore', '0814206395'),('User31441', 'HO63520', 'Zara Liu', '0175840945'),('User31486', 'HO63726', 'Kye Greene', '0356309492'),('User31500', 'HO82276', 'Nora Laing', '0976982046'),('User31547', 'HO18712', 'Millie Gregory', '0593581950'),('User31595', 'HO36148', 'Rosa Pearson', '0457655012'),('User31652', 'HO20049', 'Lilian Carey', '0401428525'),('User31698', 'HO42104', 'Adrina Hogan', '0778875948'),('User31753', 'HO50957', 'Daisy Adkins', '0821387937'),('User31773', 'HO38740', 'Nancy Kaka', '0965544209'),('User31796', 'HO36657', 'Tiphanie Holland', '0720639358'),('User31874', 'HO31515', 'Bethan Bailey', '0607312073'),('User31961', 'HO62183', 'Neve Matinezs', '0907289087'),('User32187', 'HO82276', 'Nora Carlos', '0445446081'),('User32243', 'HO63520', 'Zara Herrera', '0416548259'),('User32532', 'HO24369', 'Rebekah Peterson', '0153605615'),('User32656', 'HO12675', 'Maria Alavers', '0301738332'),('User32700', 'HO62025', 'Fanni Peterson', '0762466277'),('User32825', 'HO91207', 'Irene Le', '0568565786'),('User33006', 'HO25078', 'Alicia Graves', '0179856760'),('User33133', 'HO74334', 'Annabel Deans', '0876457633'),('User33217', 'HO83073', 'Christina Hart', '0344452082'),('User33465', 'HO49843', 'Luccia Bailey', '0430731430'),('User33642', 'HO57729', 'Ashley Marsh', '0937557343'),('User33786', 'HO91207', 'Irene Papoy', '0422591810'),('User34003', 'HO97875', 'Asya Simpson', '0580572770'),('User34018', 'HO82276', 'Nora Paker', '0218827991'),('User34063', 'HO23554', 'Kristina Adkins', '0193372533'),('User34211', 'HO34041', 'Franki Hopkins', '0319854118'),('User34294', 'HO83856', 'Morgan Frazier', '0508190075'),('User34335', 'HO39024', 'Eleanor Baxter', '0911983149'),('User34379', 'HO63819', 'Frances Santiago', '0532314893'),('User34469', 'HO26768', 'Rosie Macerlo', '0776670773'),('User35071', 'HO30592', 'Kyra Littel', '0443131765'),('User35097', 'HO68231', 'Hanna Chapman', '0249594904'),('User35205', 'HO91491', 'Kian Edwards', '0195866850'),('User35233', 'HO68231', 'Hanna Simpson', '0414972704'),('User35330', 'HO29974', 'Natasha Dennis', '0578607145'),('User35393', 'HO63819', 'Frances Harry', '0195282320'),('User35417', 'HO83073', 'Christina Khan', '0476622256'),('User35524', 'HO33937', 'Anastashia Herrera', '0753181399'),('User35576', 'HO91868', 'Laura Frazier', '0697686973'),('User35635', 'HO35760', 'Pauge Hernandez', '0201305278'),('User35688', 'HO62025', 'Fanni Henderson', '0949668644'),('User35808', 'HO11681', 'Edith Donaldson', '0568018851'),('User35841', 'HO85722', 'Elena Jame', '0232337628'),('User35850', 'HO21759', 'Tiffani Horton', '0913786377'),('User35906', 'HO68231', 'Hanna Saunders', '0804428726'),('User35958', 'HO33426', 'Rosemary Papoy', '0505237517'),('User35992', 'HO21759', 'Tiffani Hicks', '0573283313'),('User36100', 'HO91207', 'Irene Adkins', '0158816566'),('User36421', 'HO15635', 'Esther Pearson', '0114886530'),('User36560', 'HO26943', 'Lana Aguirre', '0985547182'),('User36764', 'HO60086', 'Joel Bailey', '0927545303'),('User36805', 'HO12675', 'Maria Wright', '0751553682'),('User36872', 'HO12675', 'Maria Papoy', '0886982973'),('User36943', 'HO20049', 'Lilian Saunders', '0114800977'),('User37031', 'HO25078', 'Alicia Glover', '0831000394'),('User37052', 'HO89208', 'Melanie Thompson', '0358512910'),('User37069', 'HO63819', 'Frances Brady', '0617828247'),('User37116', 'HO18656', 'Fleur Beck', '0893745711'),('User37135', 'HO40713', 'Sharon Russel', '0444874035'),('User37156', 'HO40713', 'Sharon Klau', '0524315818'),('User37189', 'HO95969', 'Lee Graves', '0130323280'),('User37198', 'HO91974', 'Naomi Thornton', '0603943314'),('User37487', 'HO26768', 'Rosie Alavers', '0721080663'),('User37525', 'HO25078', 'Alicia Brady', '0318558032'),('User37526', 'HO97875', 'Asya Mccoy', '0866955177'),('User37596', 'HO29974', 'Natasha Gill', '0611078344'),('User37898', 'HO35760', 'Pauge Holland', '0665896527'),('User38008', 'HO73801', 'Ann Horton', '0352230559'),('User38026', 'HO38740', 'Nancy Santiago', '0112507634'),('User38034', 'HO63819', 'Frances Baker', '0392383484'),('User38079', 'HO43870', 'Jamie Greene', '0987640381'),('User38102', 'HO60086', 'Joel Coles', '0287883221'),('User38302', 'HO36148', 'Rosa Frazier', '0117133630'),('User38450', 'HO53817', 'Rina Adkins', '0422197513'),('User38527', 'HO63520', 'Zara Mccoy', '0409418621'),('User38648', 'HO17104', 'Getrude Hart', '0104117058'),('User38674', 'HO39024', 'Eleanor Humphreys', '0394473681'),('User38941', 'HO11681', 'Edith Bailey', '0390675745'),('User39035', 'HO34322', 'Elise Bailey', '0194615536'),('User39151', 'HO15635', 'Esther Papoy', '0654687417'),('User39446', 'HO38740', 'Nancy Degear', '0995081170'),('User39471', 'HO31515', 'Bethan Adkins', '0907759190'),('User39693', 'HO91340', 'Troy Hogan', '0860260589'),('User39831', 'HO24544', 'Anisa Copper', '0742417919'),('User39865', 'HO11681', 'Edith Poberto', '0491253573'),('User40016', 'HO97875', 'Asya Phelps', '0853907260'),('User40267', 'HO98879', 'Lena Smith', '0780417088'),('User40329', 'HO43870', 'Jamie Le', '0266657121'),('User40462', 'HO71922', 'Thea Smith', '0605906543'),('User40525', 'HO18648', 'Nannie Emily', '0471663241'),('User40563', 'HO49843', 'Luccia Graves', '0728033144'),('User40625', 'HO72003', 'Hollie Frazier', '0122446007'),('User40771', 'HO49892', 'Tassa Kimmich', '0268545308'),('User40792', 'HO53817', 'Rina Carey', '0719490513'),('User40809', 'HO60222', 'Saffon Hayes', '0615264443'),('User40828', 'HO82276', 'Nora Ramos', '0489878968'),('User40833', 'HO80814', 'Milicent Colombie', '0771335848'),('User40844', 'HO98879', 'Lena Gill', '0766390295'),('User40874', 'HO30637', 'Mina Russel', '0373870992'),('User40980', 'HO91868', 'Laura Simpson', '0981369986'),('User41075', 'HO15635', 'Esther Peterson', '0643606346'),('User41127', 'HO53614', 'Lucie Harry', '0923280087'),('User41189', 'HO35760', 'Pauge Edwards', '0654453101'),('User41256', 'HO74334', 'Annabel Bailey', '0168423071'),('User41328', 'HO55293', 'Fiona Hommond', '0460142535'),('User41517', 'HO81214', 'Allie Hayes', '0674474331'),('User41543', 'HO63819', 'Frances Kaka', '0943541250'),('User41589', 'HO62651', 'Erica Hayes', '0411957529'),('User41604', 'HO30637', 'Mina Copper', '0422811805'),('User41674', 'HO62025', 'Fanni Hussain', '0524113669'),('User41681', 'HO93315', 'Kathruyn Aguirre', '0568884759'),('User41869', 'HO23554', 'Kristina Debruyer', '0666696098'),('User41909', 'HO94472', 'Elin Bird', '0655087661'),('User41983', 'HO91868', 'Laura Hopkins', '0851589137'),('User41995', 'HO98070', 'Monica Gregory', '0612344845'),('User42061', 'HO17438', 'Jodie Coles', '0870297703'),('User42127', 'HO83073', 'Christina Russel', '0559281349'),('User42188', 'HO10240', 'Kayla King', '0494031648'),('User42235', 'HO61812', 'Chelsea Padilla', '0270096061'),('User42240', 'HO27617', 'Kaira Ross', '0319824982'),('User42349', 'HO28473', 'Meghan Marsh', '0201836430'),('User42617', 'HO40713', 'Sharon Santiago', '0129006722'),('User42715', 'HO91491', 'Kian Henderson', '0871009352'),('User42726', 'HO87239', 'Paige Simpson', '0314885052'),('User42785', 'HO60214', 'Jesse Holland', '0936600217'),('User42789', 'HO15635', 'Esther Laing', '0790669799'),('User42957', 'HO12675', 'Maria Alavers', '0203186034'),('User43265', 'HO91340', 'Troy Phelps', '0706761670'),('User43303', 'HO63520', 'Zara Herbert', '0339810373'),('User43344', 'HO85722', 'Elena Messie', '0785180332'),('User43365', 'HO50957', 'Daisy Thornton', '0947258782'),('User43611', 'HO93068', 'Marine Bird', '0823704646'),('User43651', 'HO53817', 'Rina Degear', '0546600021'),('User43664', 'HO93747', 'Jennifer Carey', '0756654623'),('User43667', 'HO26943', 'Lana Chapman', '0828487194'),('User43752', 'HO20049', 'Lilian Jame', '0990123233'),('User43814', 'HO83073', 'Christina Brady', '0413046619'),('User43851', 'HO22126', 'Hafsa Klau', '0221112946'),('User44045', 'HO23554', 'Kristina Baxter', '0590550344'),('User44090', 'HO58096', 'Olive Edwards', '0225001047'),('User44138', 'HO74334', 'Annabel Gughes', '0469132105'),('User44272', 'HO57126', 'Rhonda Aguilar', '0954536728'),('User44329', 'HO40713', 'Sharon Aguilar', '0972022655'),('User44382', 'HO38740', 'Nancy Edwards', '0764739276'),('User44609', 'HO27617', 'Kaira Jame', '0701629971'),('User44616', 'HO61812', 'Chelsea Alvardo', '0520303608'),('User44618', 'HO60214', 'Jesse Copper', '0373181034'),('User44705', 'HO87239', 'Paige Russel', '0471928893'),('User44787', 'HO30637', 'Mina Horton', '0657914622'),('User44810', 'HO95969', 'Lee Griffin', '0365525854'),('User44868', 'HO26943', 'Lana Watts', '0199743807'),('User45111', 'HO44650', 'Fannie Meijia', '0879225513'),('User45225', 'HO22732', 'Francis Santiago', '0822262342'),('User45254', 'HO34041', 'Franki Thornton', '0166069853'),('User45346', 'HO84534', 'Leila Kin', '0303603096'),('User45501', 'HO42104', 'Adrina Harry', '0978912563'),('User45587', 'HO34575', 'Lilly Watson', '0524255920'),('User45637', 'HO22732', 'Francis Debruyer', '0708406953'),('User45850', 'HO71922', 'Thea Harry', '0209515262'),('User46088', 'HO18648', 'Nannie Saunders', '0143575545'),('User46102', 'HO43870', 'Jamie Deans', '0757009428'),('User46157', 'HO74334', 'Annabel Newman', '0264613036'),('User46182', 'HO55293', 'Fiona Hopkins', '0907271998'),('User46212', 'HO10156', 'Robin Mccoy', '0709307422'),('User46487', 'HO36657', 'Tiphanie Watson', '0545029289'),('User46543', 'HO68231', 'Hanna Peterson', '0886443005'),('User46550', 'HO83073', 'Christina Hicks', '0873559367'),('User46732', 'HO63520', 'Zara Canatan', '0648501916'),('User46754', 'HO41193', 'Florence Ramos', '0648325473'),('User46794', 'HO60222', 'Saffon Carter', '0424965103'),('User46848', 'HO71922', 'Thea Donaldson', '0948666292'),('User46938', 'HO68231', 'Hanna Dennis', '0210713822'),('User46959', 'HO79383', 'Poppy Baker', '0716509416'),('User47033', 'HO97875', 'Asya Santiago', '0792033641'),('User47038', 'HO18500', 'Mollie Carter', '0847715207'),('User47425', 'HO63520', 'Zara Littel', '0400520893'),('User47429', 'HO68231', 'Hanna Alavers', '0255237175'),('User47430', 'HO12675', 'Maria Carlos', '0882916976'),('User47590', 'HO30592', 'Kyra Canatan', '0642113337'),('User47651', 'HO98879', 'Lena Hopkins', '0155213995'),('User47678', 'HO68231', 'Hanna Laing', '0823475918'),('User47693', 'HO24369', 'Rebekah Griffin', '0498122521'),('User47879', 'HO23554', 'Kristina Duccan', '0550800589'),('User48000', 'HO40713', 'Sharon Marsh', '0390860460'),('User48181', 'HO15635', 'Esther Mccoy', '0121790015'),('User48234', 'HO62025', 'Fanni Butler', '0555079300'),('User48549', 'HO58096', 'Olive Jordan', '0596651265'),('User48689', 'HO60086', 'Joel Khan', '0294371689'),('User48915', 'HO42104', 'Adrina Hunt', '0748147855'),('User49186', 'HO98879', 'Lena Littel', '0303230279'),('User49280', 'HO87343', 'Willie Papoy', '0358270910'),('User49302', 'HO12675', 'Maria Lord', '0501731939'),('User49568', 'HO41193', 'Florence Kaka', '0653026873'),('User49646', 'HO20049', 'Lilian Griffin', '0533364339'),('User49699', 'HO62651', 'Erica Padilla', '0674384524'),('User49702', 'HO49079', 'Ella Deans', '0947893352'),('User49735', 'HO86554', 'Ruth Klau', '0923662495'),('User49765', 'HO53523', 'Yasmin Dennis', '0824091585'),('User49799', 'HO61812', 'Chelsea Griffin', '0275026698'),('User49979', 'HO94472', 'Elin Morton', '0500250087'),('User50096', 'HO91340', 'Troy Gill', '0834247626'),('User50233', 'HO62025', 'Fanni Hicks', '0560663374'),('User50369', 'HO91974', 'Naomi Newman', '0518704157'),('User50612', 'HO53614', 'Lucie Pearson', '0855655177'),('User50734', 'HO85722', 'Elena Emily', '0341575433'),('User50753', 'HO87239', 'Paige Baxter', '0146378160'),('User50864', 'HO30592', 'Kyra Dawson', '0864033572'),('User51015', 'HO43870', 'Jamie Brady', '0267899363'),('User51208', 'HO29747', 'Jenni Marsh', '0517268620'),('User51231', 'HO18656', 'Fleur Klau', '0342293067'),('User51332', 'HO42104', 'Adrina Herbert', '0303102986'),('User51434', 'HO71922', 'Thea Hommond', '0763283658'),('User51517', 'HO61812', 'Chelsea Hernandez', '0529324915'),('User51527', 'HO83856', 'Morgan Green', '0921960067'),('User51563', 'HO31515', 'Bethan Glover', '0715892012'),('User51731', 'HO36148', 'Rosa Lord', '0760646623'),('User51810', 'HO34575', 'Lilly Donaldson', '0533326221'),('User51859', 'HO93747', 'Jennifer Carey', '0958583523'),('User51885', 'HO62651', 'Erica Glover', '0453930049'),('User51936', 'HO24544', 'Anisa Debruyer', '0769498917'),('User51944', 'HO71922', 'Thea Green', '0142629260'),('User51959', 'HO10240', 'Kayla King', '0344415984'),('User51974', 'HO69337', 'Talia Watts', '0444628643'),('User52137', 'HO36657', 'Tiphanie Newman', '0792351886'),('User52249', 'HO58096', 'Olive Jordan', '0452104848'),('User52296', 'HO41193', 'Florence Pearson', '0360536135'),('User52538', 'HO68231', 'Hanna Littel', '0825149817'),('User52588', 'HO44801', 'Alannal Jame', '0611644205'),('User52615', 'HO20049', 'Lilian Hernandez', '0180737985'),('User52659', 'HO38740', 'Nancy Aguirre', '0345575612'),('User52696', 'HO42104', 'Adrina Chapman', '0924436227'),('User52720', 'HO30592', 'Kyra Gaedner', '0967217553'),('User52762', 'HO34322', 'Elise Peterson', '0960721003'),('User52859', 'HO61812', 'Chelsea Debruyer', '0499513630'),('User53012', 'HO73801', 'Ann Bailey', '0511708156'),('User53258', 'HO73801', 'Ann Marsh', '0233302743'),('User53321', 'HO63819', 'Frances Meijia', '0429419836'),('User53348', 'HO44650', 'Fannie Canatan', '0965869185'),('User53495', 'HO24369', 'Rebekah Emily', '0148640471'),('User53572', 'HO82276', 'Nora Paker', '0385205396'),('User53574', 'HO98070', 'Monica Harry', '0434525711'),('User53581', 'HO53523', 'Yasmin Herrera', '0886918711'),('User53597', 'HO49079', 'Ella Smith', '0653611450'),('User53809', 'HO84534', 'Leila Hommond', '0855075303'),('User53852', 'HO91491', 'Kian Alvardo', '0410852922'),('User53900', 'HO29747', 'Jenni Macerlo', '0218908662'),('User53934', 'HO49843', 'Luccia Meijia', '0469396355'),('User54019', 'HO72003', 'Hollie Hommond', '0751351410'),('User54033', 'HO63952', 'Elesha Henderson', '0255935309'),('User54122', 'HO57729', 'Ashley Henderson', '0868320162'),('User54201', 'HO38148', 'Alice Ramos', '0307206679'),('User54268', 'HO34575', 'Lilly Kaka', '0436114817'),('User54341', 'HO98070', 'Monica Degear', '0790499091'),('User54398', 'HO62025', 'Fanni Messie', '0688231528'),('User54842', 'HO49843', 'Luccia Kaka', '0713851403'),('User54913', 'HO41193', 'Florence Littel', '0495364022'),('User54922', 'HO33426', 'Rosemary Aguirre', '0743279938'),('User54948', 'HO55293', 'Fiona Degear', '0140076739'),('User55076', 'HO34575', 'Lilly Hommond', '0636795361'),('User55126', 'HO49843', 'Luccia Canatan', '0747012527'),('User55127', 'HO60214', 'Jesse Jordan', '0978080072'),('User55180', 'HO63819', 'Frances Greene', '0401473501'),('User55219', 'HO93068', 'Marine Saunders', '0807174571'),('User55309', 'HO43870', 'Jamie Morton', '0731478827'),('User55361', 'HO30637', 'Mina Edwards', '0398415712'),('User55629', 'HO53614', 'Lucie King', '0431975304'),('User55633', 'HO63726', 'Kye Aguirre', '0813582541'),('User55736', 'HO10240', 'Kayla Colombie', '0246835998'),('User55748', 'HO73801', 'Ann Matinezs', '0918618879'),('User55775', 'HO57729', 'Ashley Herrera', '0297582885'),('User55851', 'HO83073', 'Christina Hunter', '0278699795'),('User55954', 'HO69337', 'Talia Papoy', '0464299004'),('User55976', 'HO91340', 'Troy Poberto', '0800788872'),('User56007', 'HO50957', 'Daisy Gughes', '0844254846'),('User56139', 'HO82276', 'Nora Humphreys', '0426460631'),('User56150', 'HO18712', 'Millie Patel', '0467324173'),('User56152', 'HO18712', 'Millie Saunders', '0797803363'),('User56154', 'HO63819', 'Frances Santiago', '0193328672'),('User56243', 'HO20049', 'Lilian Deans', '0770458146'),('User56252', 'HO50957', 'Daisy Holland', '0520971136'),('User56429', 'HO72003', 'Hollie Poberto', '0324143113'),('User56438', 'HO63520', 'Zara Liu', '0109034219'),('User56542', 'HO63952', 'Elesha Graves', '0107511899'),('User56635', 'HO93315', 'Kathruyn Hayes', '0294893197'),('User56755', 'HO63952', 'Elesha Duccan', '0662097766'),('User56772', 'HO33426', 'Rosemary Herrera', '0515499587'),('User56793', 'HO43870', 'Jamie Ross', '0485630486'),('User56842', 'HO71922', 'Thea Kaka', '0282650118'),('User57027', 'HO28473', 'Meghan Le', '0701141888'),('User57149', 'HO34575', 'Lilly Kin', '0811543046'),('User57167', 'HO25078', 'Alicia Thompson', '0359337663'),('User57181', 'HO55293', 'Fiona Emily', '0898303367'),('User57257', 'HO85722', 'Elena Jordan', '0310770364'),('User57372', 'HO89042', 'Alya Simpson', '0244862752'),('User57476', 'HO53614', 'Lucie Humphreys', '0309774026'),('User57497', 'HO22126', 'Hafsa Laing', '0715365238'),('User57646', 'HO57729', 'Ashley Santiago', '0781755384'),('User57707', 'HO34322', 'Elise Gregory', '0215445270'),('User57739', 'HO53523', 'Yasmin Thornton', '0691860249'),('User58094', 'HO72003', 'Hollie Gregory', '0790465860'),('User58434', 'HO22732', 'Francis Robinson', '0790781104'),('User58479', 'HO56348', 'Frankie Smith', '0705729842'),('User58855', 'HO21759', 'Tiffani Hart', '0359260455'),('User59104', 'HO93068', 'Marine Alavers', '0554397263'),('User59164', 'HO22732', 'Francis Suarez', '0880243672'),('User59262', 'HO18500', 'Mollie Ayala', '0462802417'),('User59315', 'HO87343', 'Willie Adkins', '0699766261'),('User59323', 'HO89042', 'Alya Marsh', '0952459051'),('User59350', 'HO27617', 'Kaira Brady', '0349429491'),('User59535', 'HO91340', 'Troy Gregory', '0730909070'),('User59691', 'HO34041', 'Franki Hunter', '0338221137'),('User59711', 'HO29747', 'Jenni Copper', '0333649490'),('User59728', 'HO93747', 'Jennifer Brady', '0165367532'),('User59753', 'HO24369', 'Rebekah Phelps', '0443245375'),('User59822', 'HO86554', 'Ruth Copper', '0104793579'),('User59924', 'HO84534', 'Leila Laing', '0869434126'),('User59969', 'HO34322', 'Elise Marsh', '0387357270'),('User60010', 'HO74450', 'Grace Coles', '0234446474'),('User60036', 'HO29974', 'Natasha Emily', '0541807925'),('User60088', 'HO53614', 'Lucie Mccoy', '0671354783'),('User60131', 'HO91207', 'Irene Saunders', '0268627927'),('User60141', 'HO69337', 'Talia Klau', '0445993059'),('User60147', 'HO60222', 'Saffon Hussain', '0634648405'),('User60198', 'HO30637', 'Mina Schmidt', '0905275691'),('User60238', 'HO36657', 'Tiphanie Kaka', '0464168025'),('User60249', 'HO55293', 'Fiona Jame', '0224962673'),('User60275', 'HO55293', 'Fiona Aguirre', '0592869119'),('User60308', 'HO63520', 'Zara Macerlo', '0957961574'),('User60322', 'HO72003', 'Hollie Harry', '0110380601'),('User60573', 'HO41193', 'Florence Wheeler', '0287288029'),('User60684', 'HO48142', 'Angela Todd', '0299794246'),('User60816', 'HO87239', 'Paige Schmidt', '0840268979'),('User60869', 'HO23554', 'Kristina Santiago', '0255403717'),('User60984', 'HO91974', 'Naomi Carey', '0883188606'),('User61061', 'HO15635', 'Esther Chapman', '0223759022'),('User61237', 'HO65168', 'Minnie Lord', '0143159775'),('User61361', 'HO63520', 'Zara Horton', '0155040851'),('User61391', 'HO72003', 'Hollie Edwards', '0679523321'),('User61483', 'HO56348', 'Frankie Edwards', '0639498961'),('User61496', 'HO74334', 'Annabel Harry', '0228413128'),('User61505', 'HO86554', 'Ruth Deans', '0952888637'),('User61573', 'HO53817', 'Rina Herrera', '0596799537'),('User61664', 'HO42104', 'Adrina Wheeler', '0377075265'),('User61948', 'HO26943', 'Lana Frazier', '0374580304'),('User62288', 'HO49892', 'Tassa Ayala', '0373365591'),('User62292', 'HO49892', 'Tassa Hayes', '0578789289'),('User62380', 'HO63726', 'Kye Littel', '0287744853'),('User62440', 'HO97875', 'Asya Duccan', '0182188723'),('User62448', 'HO36148', 'Rosa Simpson', '0288235639'),('User62458', 'HO60222', 'Saffon Glover', '0898227751'),('User62491', 'HO22126', 'Hafsa Debruyer', '0490982904'),('User62544', 'HO53817', 'Rina Smith', '0647950757'),('User62557', 'HO56348', 'Frankie Gughes', '0757460076'),('User62564', 'HO21759', 'Tiffani Beck', '0329073312'),('User62723', 'HO63952', 'Elesha Hogan', '0821044392'),('User62809', 'HO80814', 'Milicent Papoy', '0316930547'),('User62937', 'HO53614', 'Lucie Bird', '0812823623'),('User63133', 'HO33426', 'Rosemary Hayes', '0713296545'),('User63153', 'HO17438', 'Jodie Khan', '0157124755'),('User63187', 'HO22126', 'Hafsa Gaedner', '0216427752'),('User63315', 'HO85722', 'Elena Graves', '0659743009'),('User63536', 'HO61812', 'Chelsea Pearson', '0964174705'),('User63625', 'HO49892', 'Tassa Coles', '0105417515'),('User63660', 'HO71922', 'Thea Beck', '0894737912'),('User63708', 'HO33937', 'Anastashia Gaedner', '0785412993'),('User63784', 'HO41193', 'Florence Coles', '0376674027'),('User63878', 'HO98070', 'Monica Ramos', '0472923216'),('User63935', 'HO36657', 'Tiphanie Frazier', '0821260169'),('User64046', 'HO87343', 'Willie Wright', '0488784689'),('User64140', 'HO91491', 'Kian Herbert', '0875024424'),('User64144', 'HO21759', 'Tiffani Duccan', '0906854838'),('User64213', 'HO38740', 'Nancy Thornton', '0468123640'),('User64406', 'HO63520', 'Zara Meijia', '0376852337'),('User64459', 'HO44650', 'Fannie Kin', '0172288625'),('User64487', 'HO41193', 'Florence Holland', '0638290940'),('User64518', 'HO98879', 'Lena Harry', '0665159704'),('User64565', 'HO49079', 'Ella Debruyer', '0931406263'),('User64879', 'HO60214', 'Jesse Baxter', '0602715475'),('User64919', 'HO91340', 'Troy Padilla', '0588735312'),('User64965', 'HO65168', 'Minnie Padilla', '0119249821'),('User65017', 'HO83856', 'Morgan Ronanldo', '0839490846'),('User65124', 'HO93315', 'Kathruyn Alvardo', '0345011672'),('User65129', 'HO20049', 'Lilian Butler', '0546539855'),('User65201', 'HO63819', 'Frances Hernandez', '0481767446'),('User65212', 'HO23554', 'Kristina Hunter', '0483335440'),('User65489', 'HO62025', 'Fanni Donaldson', '0521605314'),('User65588', 'HO63952', 'Elesha Beck', '0296350311'),('User65632', 'HO58096', 'Olive Hicks', '0816087273'),('User65887', 'HO38148', 'Alice Adkins', '0696814587'),('User66128', 'HO84534', 'Leila Marsh', '0550103866'),('User66209', 'HO31515', 'Bethan Aguilar', '0377859974'),('User66339', 'HO30592', 'Kyra Debruyer', '0569162876'),('User66348', 'HO49892', 'Tassa Moore', '0155075118'),('User66541', 'HO42104', 'Adrina Brady', '0892771787'),('User66603', 'HO44650', 'Fannie Duccan', '0227807086'),('User66604', 'HO50957', 'Daisy Padilla', '0258099742'),('User66612', 'HO21759', 'Tiffani Meijia', '0397036174'),('User66623', 'HO62025', 'Fanni Kaka', '0800941462'),('User66952', 'HO71922', 'Thea Aguilar', '0731154099'),('User67101', 'HO18656', 'Fleur Green', '0697536449'),('User67125', 'HO28473', 'Meghan Gregory', '0962953600'),('User67205', 'HO87239', 'Paige Morton', '0907218944'),('User67254', 'HO91340', 'Troy Colombie', '0140752641'),('User67293', 'HO31515', 'Bethan Macerlo', '0218145812'),('User67384', 'HO85722', 'Elena Mccoy', '0945147725'),('User67385', 'HO56348', 'Frankie Graves', '0448282625'),('User67392', 'HO62183', 'Neve Hussain', '0454745843'),('User67477', 'HO40713', 'Sharon Kin', '0456898547'),('User67494', 'HO35760', 'Pauge Green', '0550810462'),('User67527', 'HO20049', 'Lilian Mccoy', '0756419644'),('User67668', 'HO58096', 'Olive Papoy', '0996091737'),('User67748', 'HO83856', 'Morgan Le', '0127366383'),('User67772', 'HO17438', 'Jodie Wright', '0253535427'),('User67874', 'HO72003', 'Hollie Gaedner', '0635464485'),('User68127', 'HO53523', 'Yasmin Robinson', '0327556665'),('User68171', 'HO33426', 'Rosemary Larson', '0639274819'),('User68328', 'HO22732', 'Francis Bailey', '0752732629'),('User68391', 'HO63960', 'Amina Alavers', '0661712021'),('User68423', 'HO29747', 'Jenni Harry', '0653780601'),('User68495', 'HO31515', 'Bethan Gaedner', '0374389005'),('User68848', 'HO53817', 'Rina Herbert', '0102425440'),('User69002', 'HO95969', 'Lee Graves', '0510699446'),('User69412', 'HO58096', 'Olive Carlos', '0940023603'),('User69783', 'HO57729', 'Ashley Harry', '0696868478'),('User70065', 'HO73801', 'Ann Jame', '0249750456'),('User70148', 'HO25078', 'Alicia Herbert', '0791705311'),('User70197', 'HO85722', 'Elena Duccan', '0102498775'),('User70216', 'HO27617', 'Kaira Baxter', '0326798489'),('User70232', 'HO18712', 'Millie Lord', '0537040854'),('User70404', 'HO63520', 'Zara Messie', '0715735323'),('User70442', 'HO89042', 'Alya Littel', '0676924485'),('User70578', 'HO23554', 'Kristina Ramos', '0427685552'),('User70633', 'HO91868', 'Laura Gregory', '0371732507'),('User70685', 'HO60222', 'Saffon Dawson', '0229530547'),('User70912', 'HO61812', 'Chelsea Meijia', '0310303568'),('User71114', 'HO34575', 'Lilly Watson', '0548050210'),('User71158', 'HO81214', 'Allie Butler', '0967430964'),('User71342', 'HO72003', 'Hollie Patel', '0103121383'),('User71354', 'HO29974', 'Natasha Wright', '0173929025'),('User71411', 'HO82276', 'Nora Green', '0938213331'),('User71492', 'HO38740', 'Nancy Deans', '0220216686'),('User71509', 'HO68231', 'Hanna Copper', '0115596344'),('User71625', 'HO85722', 'Elena Brady', '0496680675'),('User71756', 'HO62025', 'Fanni Hart', '0123005471'),('User71758', 'HO83073', 'Christina Phelps', '0587496157'),('User72028', 'HO74450', 'Grace Ayala', '0171531296'),('User72149', 'HO43870', 'Jamie Day', '0720568305'),('User72152', 'HO15635', 'Esther Kaka', '0667613085'),('User72224', 'HO17104', 'Getrude Carey', '0698960215'),('User72263', 'HO33426', 'Rosemary Klau', '0805948044'),('User72473', 'HO85722', 'Elena Russel', '0783076099'),('User72556', 'HO30592', 'Kyra Simpson', '0970373552'),('User72597', 'HO55293', 'Fiona Ross', '0976671683'),('User72657', 'HO30592', 'Kyra Messie', '0572705682'),('User72687', 'HO63960', 'Amina Kaka', '0240791066'),('User72788', 'HO80814', 'Milicent Thornton', '0311774387'),('User72815', 'HO93747', 'Jennifer Gughes', '0364096045'),('User72842', 'HO10156', 'Robin Ramos', '0305570298'),('User72877', 'HO49892', 'Tassa Alvardo', '0965584857'),('User72902', 'HO63520', 'Zara Duccan', '0494926599'),('User73137', 'HO91491', 'Kian Patel', '0462593531'),('User73145', 'HO61812', 'Chelsea Chapman', '0679142913'),('User73248', 'HO83073', 'Christina Liu', '0802583497'),('User73363', 'HO87343', 'Willie Ronanldo', '0135685524'),('User73462', 'HO63952', 'Elesha Morton', '0876651082'),('User73595', 'HO63726', 'Kye Hicks', '0137010771'),('User73743', 'HO43870', 'Jamie Phelps', '0224257308'),('User73926', 'HO49843', 'Luccia Hayes', '0352866938'),('User73963', 'HO33426', 'Rosemary Chapman', '0719192081'),('User74092', 'HO33426', 'Rosemary Dennis', '0473860758'),('User74187', 'HO74450', 'Grace Beck', '0631770881'),('User74359', 'HO17104', 'Getrude Lord', '0116347013'),('User74411', 'HO41193', 'Florence Duccan', '0709364104'),('User74460', 'HO79383', 'Poppy Schmidt', '0550464516'),('User74466', 'HO62651', 'Erica Beck', '0717316886'),('User74474', 'HO72003', 'Hollie Kin', '0850502405'),('User74478', 'HO26768', 'Rosie Paker', '0778584978'),('User74511', 'HO53523', 'Yasmin Hussain', '0738606014'),('User74527', 'HO53614', 'Lucie Copper', '0534926269'),('User74639', 'HO17438', 'Jodie Humphreys', '0657259060'),('User74645', 'HO10156', 'Robin Schmidt', '0703236738'),('User74662', 'HO48142', 'Angela Larson', '0326106461'),('User74782', 'HO91974', 'Naomi Deans', '0991676876'),('User74830', 'HO40713', 'Sharon Laing', '0488428618'),('User74861', 'HO65168', 'Minnie Herbert', '0610323401'),('User74994', 'HO98070', 'Monica Deans', '0804825582'),('User75032', 'HO12675', 'Maria Meijia', '0957414325'),('User75045', 'HO82276', 'Nora Littel', '0250030096'),('User75135', 'HO69337', 'Talia Dennis', '0406586972'),('User75172', 'HO18648', 'Nannie Suarez', '0224572462'),('User75255', 'HO82276', 'Nora Morton', '0542863536'),('User75352', 'HO93315', 'Kathruyn Deans', '0506489321'),('User75401', 'HO91974', 'Naomi Gaedner', '0107578013'),('User75426', 'HO20049', 'Lilian Carey', '0274556275'),('User75554', 'HO94472', 'Elin Patel', '0715972454'),('User75810', 'HO86554', 'Ruth Khan', '0467825642'),('User75830', 'HO38148', 'Alice Humphreys', '0183994377'),('User75990', 'HO50957', 'Daisy Ross', '0599666758'),('User76081', 'HO49079', 'Ella Jordan', '0527135501'),('User76148', 'HO93315', 'Kathruyn Patel', '0524094337'),('User76162', 'HO79383', 'Poppy Gregory', '0337107008'),('User76230', 'HO34575', 'Lilly Day', '0524771754'),('User76297', 'HO49843', 'Luccia Laing', '0880837895'),('User76308', 'HO38740', 'Nancy Coles', '0101722165'),('User76314', 'HO11681', 'Edith Ramos', '0911631213'),('User76563', 'HO44650', 'Fannie Khan', '0121645169'),('User76584', 'HO42104', 'Adrina Hernandez', '0966481272'),('User76681', 'HO95969', 'Lee Hart', '0520924002'),('User76683', 'HO44801', 'Alannal Kaka', '0976803791'),('User76835', 'HO57729', 'Ashley Griffin', '0178987785'),('User77061', 'HO84534', 'Leila Emily', '0367207745'),('User77213', 'HO15635', 'Esther Ramos', '0925171532'),('User77260', 'HO24369', 'Rebekah Messie', '0775304134'),('User77320', 'HO85722', 'Elena Hopkins', '0142867158'),('User77483', 'HO18648', 'Nannie Alvardo', '0591174606'),('User77515', 'HO31515', 'Bethan Kimmich', '0644205380'),('User77703', 'HO86554', 'Ruth Messie', '0343576068'),('User77748', 'HO62183', 'Neve Edwards', '0385101086'),('User77972', 'HO11681', 'Edith Gill', '0628098858'),('User78088', 'HO94472', 'Elin Jordan', '0126334977'),('User78163', 'HO60222', 'Saffon Copper', '0502537690'),('User78289', 'HO71922', 'Thea Alvardo', '0958923602'),('User78580', 'HO91491', 'Kian Larson', '0432102939'),('User78598', 'HO33426', 'Rosemary Robinson', '0837148490'),('User78744', 'HO29974', 'Natasha Dawson', '0128306521'),('User78850', 'HO21759', 'Tiffani Humphreys', '0225672768'),('User78928', 'HO73801', 'Ann Carlos', '0920922336'),('User79140', 'HO17438', 'Jodie Papoy', '0524528446'),('User79185', 'HO29974', 'Natasha Debruyer', '0482161955'),('User79244', 'HO42104', 'Adrina Dennis', '0599870276'),('User79359', 'HO63726', 'Kye Degear', '0622273253'),('User79416', 'HO10240', 'Kayla Kimmich', '0782415089'),('User79418', 'HO97875', 'Asya Marsh', '0890918286'),('User79555', 'HO29747', 'Jenni Newman', '0449530477'),('User79564', 'HO95969', 'Lee Chapman', '0623623288'),('User79568', 'HO49079', 'Ella Aguilar', '0462592922'),('User79594', 'HO52090', 'Fern Kimmich', '0228814990'),('User79751', 'HO93068', 'Marine Moore', '0416801167'),('User79786', 'HO44801', 'Alannal Edwards', '0394851378'),('User80402', 'HO56348', 'Frankie Suarez', '0752654260'),('User80404', 'HO17438', 'Jodie Gregory', '0683998386'),('User80511', 'HO62025', 'Fanni Phelps', '0854763925'),('User80566', 'HO63726', 'Kye Klau', '0997049575'),('User80708', 'HO93068', 'Marine Gill', '0478148507'),('User80823', 'HO63819', 'Frances Hogan', '0680980751'),('User80842', 'HO71922', 'Thea Moore', '0819769833'),('User80856', 'HO44650', 'Fannie Beck', '0844757012'),('User80939', 'HO61812', 'Chelsea Ayala', '0906480209'),('User81107', 'HO44801', 'Alannal Russel', '0800302489'),('User81295', 'HO62183', 'Neve Moore', '0629546853'),('User81329', 'HO53523', 'Yasmin Brady', '0860315343'),('User81381', 'HO34041', 'Franki Herbert', '0315883606'),('User81400', 'HO42104', 'Adrina Todd', '0863565137'),('User81573', 'HO63520', 'Zara Emily', '0703413298'),('User81590', 'HO26768', 'Rosie Kin', '0189067027'),('User81616', 'HO26768', 'Rosie Deans', '0705670787'),('User81650', 'HO44650', 'Fannie Degear', '0393022649'),('User81651', 'HO24369', 'Rebekah Aguirre', '0543913680'),('User81652', 'HO83856', 'Morgan Liu', '0206733766'),('User81737', 'HO93068', 'Marine Watson', '0676926534'),('User81741', 'HO62651', 'Erica Kaka', '0417943876'),('User81906', 'HO10156', 'Robin Colombie', '0514223287'),('User82100', 'HO97875', 'Asya Pearson', '0248155573'),('User82169', 'HO85722', 'Elena Hernandez', '0405166608'),('User82216', 'HO10156', 'Robin Kimmich', '0322017713'),('User82300', 'HO73801', 'Ann Watts', '0307206331'),('User82311', 'HO63726', 'Kye Thompson', '0434411196'),('User82457', 'HO18656', 'Fleur Colombie', '0241951813'),('User82547', 'HO33937', 'Anastashia Le', '0282386703'),('User82552', 'HO44650', 'Fannie Gughes', '0770081806'),('User82663', 'HO81214', 'Allie Donaldson', '0296024979'),('User82776', 'HO83856', 'Morgan Kaka', '0426726955'),('User82779', 'HO18648', 'Nannie Carter', '0751661499'),('User82792', 'HO50957', 'Daisy Canatan', '0360249007'),('User82816', 'HO85722', 'Elena Thornton', '0196956267'),('User82904', 'HO11681', 'Edith Chapman', '0785940584'),('User82931', 'HO55293', 'Fiona Newman', '0948454674'),('User83005', 'HO25078', 'Alicia Macerlo', '0304977539'),('User83060', 'HO29974', 'Natasha Degear', '0968742936'),('User83205', 'HO10156', 'Robin Ronanldo', '0439855284'),('User83219', 'HO40713', 'Sharon Simpson', '0265141227'),('User83469', 'HO63952', 'Elesha Poberto', '0256594624'),('User83579', 'HO60086', 'Joel Colombie', '0986669133'),('User83629', 'HO57729', 'Ashley Graves', '0564331560'),('User83751', 'HO22732', 'Francis Hunt', '0699822808'),('User83796', 'HO29974', 'Natasha Ramos', '0874151617'),('User83799', 'HO18500', 'Mollie Matinezs', '0464109942'),('User83812', 'HO62651', 'Erica Aguilar', '0964840643'),('User83865', 'HO38740', 'Nancy Simpson', '0505960128'),('User83991', 'HO18656', 'Fleur Liu', '0228247990'),('User84049', 'HO28473', 'Meghan Peterson', '0297820013'),('User84057', 'HO38148', 'Alice Meijia', '0605877193'),('User84206', 'HO63952', 'Elesha Peterson', '0110101855'),('User84304', 'HO22126', 'Hafsa Alvardo', '0893413486'),('User84465', 'HO17438', 'Jodie Robinson', '0160315472'),('User84516', 'HO48142', 'Angela Green', '0128885499'),('User84701', 'HO20049', 'Lilian Hunter', '0415335513'),('User84810', 'HO91340', 'Troy Thompson', '0408452465'),('User85045', 'HO31515', 'Bethan Patel', '0252675827'),('User85050', 'HO49843', 'Luccia Aguirre', '0421981532'),('User85062', 'HO52090', 'Fern Coles', '0670992981'),('User85072', 'HO18656', 'Fleur Carlos', '0929051602'),('User85089', 'HO57729', 'Ashley Carlos', '0224978087'),('User85241', 'HO30592', 'Kyra Klau', '0648628263'),('User85340', 'HO44801', 'Alannal Klau', '0170406413'),('User85352', 'HO89042', 'Alya Alvardo', '0242023900'),('User85373', 'HO85722', 'Elena Russel', '0542123029'),('User85375', 'HO41193', 'Florence Hopkins', '0345226930'),('User85527', 'HO87239', 'Paige Morton', '0321699644'),('User85679', 'HO23554', 'Kristina Harry', '0354533113'),('User85818', 'HO74334', 'Annabel Canatan', '0733809302'),('User85843', 'HO63952', 'Elesha Pearson', '0193733555'),('User85972', 'HO40713', 'Sharon Hussain', '0362755137'),('User86103', 'HO91974', 'Naomi Larson', '0898534368'),('User86177', 'HO29974', 'Natasha Kin', '0608076245'),('User86340', 'HO74450', 'Grace Thompson', '0379836454'),('User86394', 'HO91491', 'Kian Carter', '0642532461'),('User86518', 'HO79383', 'Poppy Horton', '0840112928'),('User86674', 'HO56348', 'Frankie Hernandez', '0967131906'),('User87153', 'HO22126', 'Hafsa Aguirre', '0850011683'),('User87173', 'HO25078', 'Alicia Gughes', '0596118004'),('User87175', 'HO74450', 'Grace Dawson', '0682476225'),('User87185', 'HO61812', 'Chelsea Thornton', '0380659197'),('User87327', 'HO42104', 'Adrina Larson', '0944891631'),('User87342', 'HO26943', 'Lana Le', '0823622338'),('User87359', 'HO12675', 'Maria Baxter', '0122242628'),('User87395', 'HO62651', 'Erica Day', '0736868877'),('User87428', 'HO60214', 'Jesse Horton', '0598935541'),('User87846', 'HO53614', 'Lucie Day', '0716697165'),('User87920', 'HO63819', 'Frances Smith', '0544908625'),('User87932', 'HO34041', 'Franki Suarez', '0888620402'),('User87982', 'HO71922', 'Thea Kimmich', '0767852765'),('User88055', 'HO53523', 'Yasmin Santiago', '0982625020'),('User88156', 'HO22126', 'Hafsa Donaldson', '0708809842'),('User88256', 'HO36148', 'Rosa Gill', '0182972827'),('User88260', 'HO53614', 'Lucie Jordan', '0490893598'),('User88691', 'HO31515', 'Bethan Colombie', '0960144893'),('User88693', 'HO49892', 'Tassa Jordan', '0748545522'),('User88821', 'HO73801', 'Ann Kin', '0282559424'),('User88828', 'HO83073', 'Christina Green', '0230295412'),('User88829', 'HO60214', 'Jesse Hunter', '0518028632'),('User88927', 'HO86554', 'Ruth Coles', '0366901103'),('User89180', 'HO33426', 'Rosemary Holland', '0237109971'),('User89221', 'HO93315', 'Kathruyn Gill', '0727403088'),('User89241', 'HO58096', 'Olive Beck', '0550312924'),('User89520', 'HO98879', 'Lena Colombie', '0751257387'),('User89523', 'HO26768', 'Rosie Khan', '0899697087'),('User89579', 'HO34322', 'Elise Humphreys', '0239659776'),('User89849', 'HO50957', 'Daisy Hopkins', '0524152028'),('User89901', 'HO18712', 'Millie Robinson', '0235154506'),('User89984', 'HO24544', 'Anisa Debruyer', '0198002188'),('User90074', 'HO58096', 'Olive Ross', '0484549707'),('User90166', 'HO72003', 'Hollie Gregory', '0827503816'),('User90192', 'HO34041', 'Franki Green', '0204296902'),('User90282', 'HO29974', 'Natasha Donaldson', '0321479345'),('User90342', 'HO43870', 'Jamie Larson', '0833470104'),('User90410', 'HO33937', 'Anastashia Frazier', '0812455792'),('User90656', 'HO60222', 'Saffon Baker', '0223079825'),('User90667', 'HO39024', 'Eleanor Hayes', '0163667357'),('User90675', 'HO60086', 'Joel Adkins', '0657568460'),('User90753', 'HO63520', 'Zara Macerlo', '0456022140'),('User90835', 'HO18656', 'Fleur Russel', '0782712458'),('User91032', 'HO87343', 'Willie Donaldson', '0544610589'),('User91361', 'HO12675', 'Maria Hunter', '0226910602'),('User91485', 'HO60214', 'Jesse Hernandez', '0849523864'),('User91704', 'HO36657', 'Tiphanie Butler', '0447804191'),('User91715', 'HO98070', 'Monica Beck', '0987221821'),('User91734', 'HO93315', 'Kathruyn Herbert', '0314814022'),('User91795', 'HO18712', 'Millie Jordan', '0437088950'),('User92080', 'HO44650', 'Fannie Kin', '0722091989'),('User92177', 'HO93747', 'Jennifer Wright', '0947676976'),('User92622', 'HO26768', 'Rosie Simpson', '0102067056'),('User92783', 'HO18656', 'Fleur Gughes', '0149991851'),('User92813', 'HO97875', 'Asya Edwards', '0502580731'),('User92873', 'HO57729', 'Ashley Coles', '0252832500'),('User92989', 'HO50957', 'Daisy Day', '0329949336'),('User93019', 'HO91491', 'Kian Lord', '0401133684'),('User93243', 'HO53817', 'Rina Morton', '0887386484'),('User93356', 'HO35760', 'Pauge Khan', '0524331207'),('User93402', 'HO98070', 'Monica Deans', '0281357317'),('User93414', 'HO94472', 'Elin Butler', '0971010260'),('User93543', 'HO44801', 'Alannal Herrera', '0755575707'),('User93613', 'HO91491', 'Kian Lord', '0601453164'),('User93740', 'HO34322', 'Elise Herbert', '0941650042'),('User93775', 'HO49843', 'Luccia Hayes', '0825788949'),('User93913', 'HO35760', 'Pauge Baxter', '0124786362'),('User93954', 'HO34041', 'Franki Kin', '0572720798'),('User93965', 'HO91868', 'Laura Griffin', '0207352197'),('User94011', 'HO52090', 'Fern Alvardo', '0331694054'),('User94236', 'HO69337', 'Talia Watson', '0571792977'),('User94239', 'HO41193', 'Florence Bird', '0395749625'),('User94293', 'HO22126', 'Hafsa Alavers', '0783762692'),('User94436', 'HO26768', 'Rosie Macerlo', '0955897640'),('User94479', 'HO52090', 'Fern Ross', '0174964046'),('User94639', 'HO82276', 'Nora Schmidt', '0316611496'),('User94751', 'HO18656', 'Fleur Hicks', '0298029236'),('User94764', 'HO73801', 'Ann Meijia', '0489986540'),('User94818', 'HO93747', 'Jennifer Saunders', '0846527400'),('User95153', 'HO30637', 'Mina Copper', '0644744461'),('User95404', 'HO33937', 'Anastashia Chapman', '0283073108'),('User95437', 'HO12675', 'Maria Pearson', '0733472794'),('User95507', 'HO35760', 'Pauge Hogan', '0549353828'),('User95578', 'HO94472', 'Elin Messie', '0258973597'),('User95624', 'HO79383', 'Poppy Adkins', '0916107960'),('User95736', 'HO22732', 'Francis Glover', '0463743305'),('User95773', 'HO63726', 'Kye Donaldson', '0673040803'),('User96175', 'HO57126', 'Rhonda Zidane', '0579053305'),('User96620', 'HO50957', 'Daisy Carter', '0962011659'),('User96713', 'HO91868', 'Laura Poberto', '0294382927'),('User96765', 'HO24544', 'Anisa Russel', '0756186431'),('User96894', 'HO98879', 'Lena Thornton', '0876495249'),('User97141', 'HO30592', 'Kyra Russel', '0493264129'),('User97144', 'HO97875', 'Asya Aguilar', '0993639996'),('User97197', 'HO55293', 'Fiona Watson', '0427374462'),('User97407', 'HO49843', 'Luccia Gughes', '0421617519'),('User97423', 'HO73801', 'Ann Padilla', '0392477832'),('User97595', 'HO24369', 'Rebekah Frazier', '0801646135'),('User97653', 'HO98070', 'Monica Jame', '0684803443'),('User97756', 'HO34322', 'Elise Zidane', '0227327625'),('User97812', 'HO48142', 'Angela Green', '0697027097'),('User97832', 'HO63819', 'Frances Wheeler', '0326771519'),('User97855', 'HO85722', 'Elena Brady', '0954615893'),('User97932', 'HO27617', 'Kaira Mccoy', '0946219373'),('User97935', 'HO80814', 'Milicent Kaka', '0280355900'),('User97950', 'HO89042', 'Alya Coles', '0318976513'),('User97992', 'HO63960', 'Amina Ayala', '0472019929'),('User98035', 'HO36148', 'Rosa Marsh', '0502981888'),('User98074', 'HO34041', 'Franki Wright', '0985539247'),('User98223', 'HO81214', 'Allie Mccoy', '0595245482'),('User98268', 'HO12675', 'Maria Ramos', '0289194085'),('User98341', 'HO29747', 'Jenni Debruyer', '0695047947'),('User98471', 'HO26943', 'Lana Larson', '0873772467'),('User98505', 'HO91868', 'Laura Bailey', '0203220472'),('User98507', 'HO63960', 'Amina Holland', '0770508478'),('User98617', 'HO18712', 'Millie Thornton', '0445500308'),('User98825', 'HO15635', 'Esther Hogan', '0825521925'),('User98899', 'HO89042', 'Alya Jordan', '0437777639'),('User98922', 'HO73801', 'Ann Greene', '0102569429'),('User98941', 'HO91868', 'Laura Kaka', '0661768914'),('User98961', 'HO36148', 'Rosa Khan', '0377908664'),('User99043', 'HO85722', 'Elena King', '0639888885'),('User99068', 'HO93068', 'Marine Kaka', '0609598950'),('User99109', 'HO27617', 'Kaira Marsh', '0118400894'),('User99350', 'HO95969', 'Lee Graves', '0616460335'),('User99473', 'HO42104', 'Adrina Robinson', '0246867072'),('User99625', 'HO97875', 'Asya Baker', '0679690972'),('User99751', 'HO34041', 'Franki Moore', '0920682123'),('User99799', 'HO62183', 'Neve Hernandez', '0495373057'),('User99953', 'HO57126', 'Rhonda Holland', '0497915050'),('User99967', 'HO82276', 'Nora Herbert', '0991715559'),('User99981', 'HO34575', 'Lilly Glover', '0683029157');
UNLOCK TABLES;
COMMIT;
BEGIN;
LOCK TABLES `baiguixe`.`gia_ve` WRITE;
DELETE FROM `baiguixe`.`gia_ve`;
INSERT INTO `baiguixe`.`gia_ve` (`ID_gia`,`Loai_xe`,`Gia_ve`) VALUES ('DB', 'Bike', 10000),('DBC', 'Bicycle', 5000),('DC', 'Car', 30000),('MB', 'Bike', 200000),('MBC', 'Bicycle', 100000),('MC', 'Car', 300000),('TB', 'Bike', 15000),('TBC', 'Bicycle', 10000),('TC', 'Car', 45000);
UNLOCK TABLES;
COMMIT;
BEGIN;
LOCK TABLES `baiguixe`.`ho_gia_dinh` WRITE;
DELETE FROM `baiguixe`.`ho_gia_dinh`;
INSERT INTO `baiguixe`.`ho_gia_dinh` (`ID_ho`) VALUES ('HO10156'),('HO10240'),('HO11681'),('HO12675'),('HO15635'),('HO17104'),('HO17438'),('HO18500'),('HO18648'),('HO18656'),('HO18712'),('HO20049'),('HO21759'),('HO22126'),('HO22732'),('HO23554'),('HO24369'),('HO24544'),('HO25078'),('HO26768'),('HO26943'),('HO27617'),('HO28473'),('HO29747'),('HO29974'),('HO30592'),('HO30637'),('HO31515'),('HO33426'),('HO33937'),('HO34041'),('HO34322'),('HO34575'),('HO35760'),('HO36148'),('HO36657'),('HO38148'),('HO38740'),('HO39024'),('HO40713'),('HO41193'),('HO42104'),('HO43870'),('HO44650'),('HO44801'),('HO48142'),('HO49079'),('HO49843'),('HO49892'),('HO50957'),('HO52090'),('HO53523'),('HO53614'),('HO53817'),('HO55293'),('HO56348'),('HO57126'),('HO57729'),('HO58096'),('HO60086'),('HO60214'),('HO60222'),('HO61812'),('HO62025'),('HO62183'),('HO62651'),('HO63520'),('HO63726'),('HO63819'),('HO63952'),('HO63960'),('HO65168'),('HO68231'),('HO69337'),('HO71922'),('HO72003'),('HO73801'),('HO74334'),('HO74450'),('HO79383'),('HO80814'),('HO81214'),('HO82276'),('HO83073'),('HO83856'),('HO84534'),('HO85722'),('HO86554'),('HO87239'),('HO87343'),('HO89042'),('HO89208'),('HO91207'),('HO91340'),('HO91491'),('HO91868'),('HO91974'),('HO93068'),('HO93315'),('HO93747'),('HO94472'),('HO95969'),('HO97875'),('HO98070'),('HO98879');
UNLOCK TABLES;
COMMIT;
BEGIN;
LOCK TABLES `baiguixe`.`the` WRITE;
DELETE FROM `baiguixe`.`the`;
INSERT INTO `baiguixe`.`the` (`ID_the`,`ID_chu_xe`,`ID_xe`) VALUES ('D10084', NULL, 'XE89031'),('D10115', NULL, 'XE62851'),('D10310', NULL, 'XE95215'),('D10636', NULL, 'XE95922'),('D10658', NULL, 'XE93943'),('D10850', NULL, 'XE78233'),('D10864', NULL, 'XE35666'),('D11222', NULL, 'XE78297'),('D11486', NULL, 'XE45341'),('D11546', NULL, 'XE23567'),('D11566', NULL, 'XE74544'),('D11569', NULL, 'XE80587'),('D11614', NULL, 'XE42268'),('D11668', NULL, 'XE19766'),('D11682', NULL, 'XE73807'),('D11683', NULL, 'XE11179'),('D11881', NULL, 'XE77204'),('D11884', NULL, 'XE17269'),('D11955', NULL, 'XE49911'),('D12115', NULL, 'XE53939'),('D12226', NULL, 'XE15769'),('D12253', NULL, 'XE25500'),('D12260', NULL, 'XE59652'),('D12726', NULL, 'XE80019'),('D13034', NULL, 'XE78784'),('D13230', NULL, 'XE39453'),('D13326', NULL, 'XE15442'),('D13419', NULL, 'XE87548'),('D13506', NULL, 'XE93456'),('D13517', NULL, 'XE88014'),('D13555', NULL, 'XE36753'),('D13731', NULL, 'XE12169'),('D13734', NULL, 'XE73124'),('D13802', NULL, 'XE34427'),('D13821', NULL, 'XE86989'),('D13878', NULL, 'XE99426'),('D13905', NULL, 'XE54555'),('D13940', NULL, 'XE65239'),('D13998', NULL, 'XE18881'),('D14031', NULL, 'XE52906'),('D14162', NULL, 'XE91592'),('D14211', NULL, 'XE82248'),('D14873', NULL, 'XE76950'),('D15027', NULL, 'XE58499'),('D15152', NULL, 'XE43737'),('D15280', NULL, 'XE66967'),('D15318', NULL, 'XE77832'),('D15341', NULL, 'XE18078'),('D15497', NULL, 'XE69873'),('D15513', NULL, 'XE98254'),('D15638', NULL, 'XE95955'),('D15708', NULL, 'XE68201'),('D16128', NULL, 'XE69399'),('D16197', NULL, 'XE32188'),('D16308', NULL, 'XE30220'),('D16316', NULL, 'XE16228'),('D16344', NULL, 'XE24185'),('D16488', NULL, 'XE53158'),('D16521', NULL, 'XE81303'),('D16531', NULL, 'XE61080'),('D16615', NULL, 'XE91984'),('D16658', NULL, 'XE77444'),('D16723', NULL, 'XE89503'),('D16727', NULL, 'XE19950'),('D16734', NULL, 'XE86912'),('D16889', NULL, 'XE66242'),('D17058', NULL, 'XE45638'),('D17091', NULL, 'XE61099'),('D17236', NULL, 'XE39740'),('D17336', NULL, 'XE66170'),('D17391', NULL, 'XE34055'),('D17551', NULL, 'XE71556'),('D17637', NULL, 'XE79170'),('D17933', NULL, 'XE14900'),('D18037', NULL, 'XE70037'),('D18291', NULL, 'XE99734'),('D18332', NULL, 'XE80945'),('D18379', NULL, 'XE98602'),('D18421', NULL, 'XE68289'),('D18638', NULL, 'XE97344'),('D18812', NULL, 'XE37554'),('D18825', NULL, 'XE31676'),('D18904', NULL, 'XE20677'),('D18957', NULL, 'XE54347'),('D18975', NULL, 'XE88140'),('D19076', NULL, 'XE95147'),('D19137', NULL, 'XE59341'),('D19236', NULL, 'XE10032'),('D19316', NULL, 'XE39527'),('D19352', NULL, 'XE74555'),('D19469', NULL, 'XE46039'),('D19780', NULL, 'XE93265'),('D20064', NULL, 'XE72224'),('D20220', NULL, 'XE53417'),('D20509', NULL, 'XE67434'),('D20595', NULL, 'XE71875'),('D20943', NULL, 'XE74171'),('D20951', NULL, 'XE29877'),('D20966', NULL, 'XE61263'),('D21016', NULL, 'XE40706'),('D21020', NULL, 'XE56824'),('D21122', NULL, 'XE34041'),('D21293', NULL, 'XE87581'),('D21322', NULL, 'XE29690'),('D21335', NULL, 'XE78290'),('D21363', NULL, 'XE11752'),('D21441', NULL, 'XE43516'),('D21482', NULL, 'XE92703'),('D21630', NULL, 'XE69031'),('D21725', NULL, 'XE32477'),('D21762', NULL, 'XE31713'),('D21781', NULL, 'XE14829'),('D21785', NULL, 'XE91524'),('D21809', NULL, 'XE41207'),('D21939', NULL, 'XE42685'),('D22159', NULL, 'XE15603'),('D22256', NULL, 'XE15502'),('D22425', NULL, 'XE31469'),('D22606', NULL, 'XE47089'),('D22738', NULL, 'XE47352'),('D22910', NULL, 'XE90951'),('D22953', NULL, 'XE47962'),('D23138', NULL, 'XE12594'),('D23218', NULL, 'XE21918'),('D23544', NULL, 'XE15109'),('D23548', NULL, 'XE71959'),('D23738', NULL, 'XE46601'),('D23773', NULL, 'XE74792'),('D23781', NULL, 'XE93112'),('D23918', NULL, 'XE23094'),('D24029', NULL, 'XE42993'),('D24091', NULL, 'XE66733'),('D24094', NULL, 'XE16733'),('D24117', NULL, 'XE96547'),('D24200', NULL, 'XE99193'),('D24205', NULL, 'XE10273'),('D24234', NULL, 'XE40461'),('D24261', NULL, 'XE64053'),('D24396', NULL, 'XE33935'),('D24432', NULL, 'XE49585'),('D24472', NULL, 'XE40939'),('D24516', NULL, 'XE88793'),('D24541', NULL, 'XE62118'),('D24551', NULL, 'XE67130'),('D24649', NULL, 'XE45610'),('D24678', NULL, 'XE56544'),('D24761', NULL, 'XE73530'),('D24881', NULL, 'XE94294'),('D24969', NULL, 'XE89140'),('D24998', NULL, 'XE91523'),('D25140', NULL, 'XE99867'),('D25248', NULL, 'XE36547'),('D25449', NULL, 'XE64741'),('D25503', NULL, 'XE84066'),('D25718', NULL, 'XE82760'),('D25783', NULL, 'XE36914'),('D25919', NULL, 'XE87782'),('D25941', NULL, 'XE18030'),('D26082', NULL, 'XE75954'),('D26228', NULL, 'XE68554'),('D26343', NULL, 'XE79366'),('D26421', NULL, 'XE18957'),('D26707', NULL, 'XE34882'),('D26714', NULL, 'XE99571'),('D26789', NULL, 'XE44277'),('D26799', NULL, 'XE51961'),('D26839', NULL, 'XE65654'),('D26847', NULL, 'XE40971'),('D26984', NULL, 'XE83624'),('D27032', NULL, 'XE49759'),('D27101', NULL, 'XE89083'),('D27114', NULL, 'XE76937'),('D27142', NULL, 'XE67595'),('D27144', NULL, 'XE73813'),('D27198', NULL, 'XE76143'),('D27229', NULL, 'XE67176'),('D27337', NULL, 'XE24592'),('D27370', NULL, 'XE44771'),('D27400', NULL, 'XE84061'),('D27412', NULL, 'XE86365'),('D27439', NULL, 'XE18634'),('D27443', NULL, 'XE73880'),('D27476', NULL, 'XE38861'),('D27492', NULL, 'XE42506'),('D27506', NULL, 'XE23346'),('D27525', NULL, 'XE48200'),('D27533', NULL, 'XE24542'),('D27874', NULL, 'XE77445'),('D28059', NULL, 'XE88918'),('D28067', NULL, 'XE71851'),('D28086', NULL, 'XE38321'),('D28240', NULL, 'XE57947'),('D28266', NULL, 'XE91610'),('D28316', NULL, 'XE51248'),('D28350', NULL, 'XE67133'),('D28425', NULL, 'XE70719'),('D28456', NULL, 'XE70132'),('D28511', NULL, 'XE44891'),('D28525', NULL, 'XE84071'),('D28565', NULL, 'XE88546'),('D28587', NULL, 'XE63431'),('D28591', NULL, 'XE93286'),('D28631', NULL, 'XE14893'),('D28669', NULL, 'XE25052'),('D28686', NULL, 'XE33256'),('D28789', NULL, 'XE11250'),('D28808', NULL, 'XE64758'),('D28865', NULL, 'XE75841'),('D28968', NULL, 'XE94597'),('D28978', NULL, 'XE82261'),('D28993', NULL, 'XE29856'),('D29161', NULL, 'XE52351'),('D29193', NULL, 'XE97883'),('D29207', NULL, 'XE43782'),('D29291', NULL, 'XE53111'),('D29520', NULL, 'XE62292'),('D29590', NULL, 'XE98360'),('D29604', NULL, 'XE16904'),('D29625', NULL, 'XE86429'),('D29654', NULL, 'XE35904'),('D29762', NULL, 'XE17593'),('D29946', NULL, 'XE60126'),('D29975', NULL, 'XE27750'),('D30004', NULL, 'XE81876'),('D30400', NULL, 'XE94878'),('D30520', NULL, 'XE57403'),('D30580', NULL, 'XE60063'),('D30785', NULL, 'XE38304'),('D30998', NULL, 'XE17464'),('D31107', NULL, 'XE19693'),('D31124', NULL, 'XE75882'),('D31189', NULL, 'XE79112'),('D31232', NULL, 'XE88996'),('D31344', NULL, 'XE97406'),('D31440', NULL, 'XE38897'),('D31626', NULL, 'XE39641'),('D31705', NULL, 'XE43764'),('D31725', NULL, 'XE85571'),('D31874', NULL, 'XE13150'),('D31930', NULL, 'XE49257'),('D32049', NULL, 'XE69870'),('D32276', NULL, 'XE92745'),('D32389', NULL, 'XE30919'),('D32476', NULL, 'XE24055'),('D32526', NULL, 'XE25414'),('D32529', NULL, 'XE97954'),('D32543', NULL, 'XE72401'),('D32611', NULL, 'XE61383'),('D32685', NULL, 'XE36003'),('D32728', NULL, 'XE19102'),('D32734', NULL, 'XE97806'),('D32858', NULL, 'XE16609'),('D32943', NULL, 'XE40472'),('D32969', NULL, 'XE31549'),('D33136', NULL, 'XE58899'),('D33169', NULL, 'XE43524'),('D33257', NULL, 'XE36113'),('D33312', NULL, 'XE84531'),('D33506', NULL, 'XE82721'),('D33539', NULL, 'XE94478'),('D33567', NULL, 'XE66559'),('D33689', NULL, 'XE11147'),('D33789', NULL, 'XE56045'),('D33837', NULL, 'XE43439'),('D33906', NULL, 'XE72324'),('D33967', NULL, 'XE10591'),('D33981', NULL, 'XE81630'),('D33990', NULL, 'XE24810'),('D34036', NULL, 'XE75758'),('D34102', NULL, 'XE50047'),('D34273', NULL, 'XE47990'),('D34400', NULL, 'XE31120'),('D34520', NULL, 'XE41613'),('D34651', NULL, 'XE44065'),('D34717', NULL, 'XE17480'),('D34883', NULL, 'XE97143'),('D34884', NULL, 'XE31440'),('D34919', NULL, 'XE19186'),('D35119', NULL, 'XE19050'),('D35125', NULL, 'XE41251'),('D35134', NULL, 'XE80857'),('D35150', NULL, 'XE72107'),('D35662', NULL, 'XE47147'),('D35667', NULL, 'XE28196'),('D35706', NULL, 'XE72433'),('D35752', NULL, 'XE99180'),('D35878', NULL, 'XE61706'),('D35915', NULL, 'XE13330'),('D36033', NULL, 'XE79489'),('D36137', NULL, 'XE39172'),('D36236', NULL, 'XE43052'),('D36370', NULL, 'XE39723'),('D36485', NULL, 'XE77127'),('D36551', NULL, 'XE60459'),('D36718', NULL, 'XE43954'),('D36726', NULL, 'XE70758'),('D36829', NULL, 'XE25311'),('D36983', NULL, 'XE80416'),('D37052', NULL, 'XE21151'),('D37117', NULL, 'XE13471'),('D37145', NULL, 'XE70004'),('D37169', NULL, 'XE37287'),('D37187', NULL, 'XE76532'),('D37259', NULL, 'XE24854'),('D37421', NULL, 'XE42571'),('D37427', NULL, 'XE57341'),('D37439', NULL, 'XE24886'),('D37490', NULL, 'XE55202'),('D37537', NULL, 'XE65422'),('D37553', NULL, 'XE38108'),('D37770', NULL, 'XE51166'),('D37834', NULL, 'XE86792'),('D37924', NULL, 'XE22965'),('D38029', NULL, 'XE48666'),('D38045', NULL, 'XE62968'),('D38104', NULL, 'XE20881'),('D38159', NULL, 'XE68506'),('D38237', NULL, 'XE49571'),('D38273', NULL, 'XE18342'),('D38288', NULL, 'XE44474'),('D38346', NULL, 'XE83671'),('D38370', NULL, 'XE39128'),('D38423', NULL, 'XE39640'),('D38613', NULL, 'XE36067'),('D38733', NULL, 'XE36002'),('D39139', NULL, 'XE76847'),('D39169', NULL, 'XE98000'),('D39208', NULL, 'XE61357'),('D39370', NULL, 'XE68761'),('D39381', NULL, 'XE70614'),('D39406', NULL, 'XE60069'),('D39547', NULL, 'XE71284'),('D39550', NULL, 'XE13532'),('D39759', NULL, 'XE58298'),('D39813', NULL, 'XE56194'),('D39874', NULL, 'XE35618'),('D39999', NULL, 'XE74861'),('D40044', NULL, 'XE68550'),('D40056', NULL, 'XE42964'),('D40245', NULL, 'XE12886'),('D40425', NULL, 'XE25075'),('D40651', NULL, 'XE73056'),('D40678', NULL, 'XE60038'),('D40772', NULL, 'XE68117'),('D40798', NULL, 'XE36013'),('D40921', NULL, 'XE12590'),('D40931', NULL, 'XE12704'),('D40937', NULL, 'XE77217'),('D40949', NULL, 'XE74921'),('D41421', NULL, 'XE78362'),('D41423', NULL, 'XE70072'),('D41496', NULL, 'XE25664'),('D41538', NULL, 'XE65253'),('D41650', NULL, 'XE64509'),('D41652', NULL, 'XE26230'),('D41686', NULL, 'XE42293'),('D41708', NULL, 'XE83125'),('D41807', NULL, 'XE29963'),('D41839', NULL, 'XE79146'),('D42123', NULL, 'XE59315'),('D42207', NULL, 'XE70976'),('D42532', NULL, 'XE69577'),('D42605', NULL, 'XE66696'),('D42655', NULL, 'XE19687'),('D42705', NULL, 'XE52545'),('D42752', NULL, 'XE52086'),('D42905', NULL, 'XE17295'),('D42995', NULL, 'XE20013'),('D43014', NULL, 'XE62064'),('D43119', NULL, 'XE48560'),('D43130', NULL, 'XE76866'),('D43142', NULL, 'XE77630'),('D43148', NULL, 'XE69687'),('D43193', NULL, 'XE46957'),('D43220', NULL, 'XE94482'),('D43240', NULL, 'XE46852'),('D43347', NULL, 'XE48181'),('D43415', NULL, 'XE28645'),('D43419', NULL, 'XE48291'),('D43443', NULL, 'XE29945'),('D43545', NULL, 'XE30585'),('D43668', NULL, 'XE99307'),('D43713', NULL, 'XE97662'),('D43749', NULL, 'XE15336'),('D43780', NULL, 'XE33722'),('D43798', NULL, 'XE95720'),('D43857', NULL, 'XE60584'),('D44035', NULL, 'XE52456'),('D44174', NULL, 'XE44381'),('D44180', NULL, 'XE23165'),('D44192', NULL, 'XE11638'),('D44669', NULL, 'XE60772'),('D44687', NULL, 'XE51787'),('D44894', NULL, 'XE45343'),('D44899', NULL, 'XE72128'),('D44923', NULL, 'XE65393'),('D45011', NULL, 'XE81992'),('D45032', NULL, 'XE48883'),('D45195', NULL, 'XE45214'),('D45266', NULL, 'XE77172'),('D45432', NULL, 'XE49712'),('D45490', NULL, 'XE37166'),('D45561', NULL, 'XE71869'),('D45706', NULL, 'XE73869'),('D45809', NULL, 'XE42022'),('D45871', NULL, 'XE96914'),('D45914', NULL, 'XE11304'),('D45916', NULL, 'XE77990'),('D45922', NULL, 'XE81550'),('D46016', NULL, 'XE15652'),('D46160', NULL, 'XE58378'),('D46219', NULL, 'XE53498'),('D46339', NULL, 'XE49844'),('D46381', NULL, 'XE79769'),('D46601', NULL, 'XE38701'),('D46663', NULL, 'XE42245'),('D46740', NULL, 'XE19650'),('D46839', NULL, 'XE51112'),('D46867', NULL, 'XE50351'),('D47198', NULL, 'XE45187'),('D47330', NULL, 'XE97195'),('D47341', NULL, 'XE54819'),('D47366', NULL, 'XE93460'),('D47370', NULL, 'XE41904'),('D47409', NULL, 'XE65636'),('D47410', NULL, 'XE12389'),('D47425', NULL, 'XE59893'),('D47436', NULL, 'XE95559'),('D47498', NULL, 'XE63829'),('D47714', NULL, 'XE94920'),('D47801', NULL, 'XE44404'),('D48046', NULL, 'XE42342'),('D48219', NULL, 'XE97394'),('D48296', NULL, 'XE59231'),('D48546', NULL, 'XE80311'),('D48573', NULL, 'XE67405'),('D48596', NULL, 'XE71504'),('D48746', NULL, 'XE68554'),('D48770', NULL, 'XE77435'),('D49101', NULL, 'XE55747'),('D49128', NULL, 'XE38642'),('D49337', NULL, 'XE64480'),('D49352', NULL, 'XE31953'),('D49356', NULL, 'XE27423'),('D49436', NULL, 'XE67154'),('D49612', NULL, 'XE77624'),('D49754', NULL, 'XE60789'),('D49767', NULL, 'XE90586'),('D49947', NULL, 'XE94384'),('D49972', NULL, 'XE50859'),('D50132', NULL, 'XE26977'),('D50266', NULL, 'XE99414'),('D50287', NULL, 'XE84881'),('D50381', NULL, 'XE49589'),('D50462', NULL, 'XE17443'),('D50653', NULL, 'XE24720'),('D50695', NULL, 'XE60923'),('D50820', NULL, 'XE62054'),('D50834', NULL, 'XE96566'),('D50894', NULL, 'XE25899'),('D50895', NULL, 'XE57354'),('D51064', NULL, 'XE99790'),('D51072', NULL, 'XE67733'),('D51131', NULL, 'XE61970'),('D51255', NULL, 'XE29470'),('D51328', NULL, 'XE67279'),('D51360', NULL, 'XE27086'),('D51465', NULL, 'XE23793'),('D51516', NULL, 'XE70581'),('D51689', NULL, 'XE51778'),('D51738', NULL, 'XE46888'),('D51794', NULL, 'XE70871'),('D51872', NULL, 'XE99703'),('D51986', NULL, 'XE71498'),('D52019', NULL, 'XE72898'),('D52093', NULL, 'XE65569'),('D52245', NULL, 'XE51762'),('D52272', NULL, 'XE64634'),('D52298', NULL, 'XE63953'),('D52606', NULL, 'XE55810'),('D52616', NULL, 'XE38438'),('D52651', NULL, 'XE11169'),('D52682', NULL, 'XE56210'),('D52729', NULL, 'XE40491'),('D52738', NULL, 'XE77929'),('D52774', NULL, 'XE20225'),('D52932', NULL, 'XE59423'),('D52962', NULL, 'XE41623'),('D53000', NULL, 'XE95071'),('D53220', NULL, 'XE42709'),('D53341', NULL, 'XE35630'),('D53487', NULL, 'XE67222'),('D53559', NULL, 'XE99706'),('D53576', NULL, 'XE40589'),('D53640', NULL, 'XE11093'),('D53840', NULL, 'XE15781'),('D53924', NULL, 'XE51942'),('D54063', NULL, 'XE40760'),('D54168', NULL, 'XE65434'),('D54180', NULL, 'XE87200'),('D54264', NULL, 'XE91116'),('D54266', NULL, 'XE70579'),('D54398', NULL, 'XE74936'),('D54463', NULL, 'XE83675'),('D54493', NULL, 'XE57515'),('D54602', NULL, 'XE90597'),('D54673', NULL, 'XE82978'),('D54720', NULL, 'XE24855'),('D54863', NULL, 'XE10444'),('D54892', NULL, 'XE72848'),('D55050', NULL, 'XE37456'),('D55086', NULL, 'XE12595'),('D55091', NULL, 'XE20916'),('D55308', NULL, 'XE80331'),('D55334', NULL, 'XE17946'),('D55406', NULL, 'XE72408'),('D55550', NULL, 'XE77575'),('D55889', NULL, 'XE11361'),('D56081', NULL, 'XE72131'),('D56134', NULL, 'XE48883'),('D56185', NULL, 'XE61269'),('D56414', NULL, 'XE44035'),('D56466', NULL, 'XE44614'),('D56543', NULL, 'XE68973'),('D56559', NULL, 'XE71570'),('D56582', NULL, 'XE87775'),('D56596', NULL, 'XE24877'),('D56605', NULL, 'XE87706'),('D56836', NULL, 'XE10567'),('D56887', NULL, 'XE24915'),('D56973', NULL, 'XE37598'),('D57078', NULL, 'XE82012'),('D57144', NULL, 'XE57647'),('D57268', NULL, 'XE85079'),('D57511', NULL, 'XE52479'),('D57548', NULL, 'XE93599'),('D57579', NULL, 'XE79587'),('D57587', NULL, 'XE87084'),('D57650', NULL, 'XE67826'),('D57818', NULL, 'XE25045'),('D57918', NULL, 'XE22763'),('D58028', NULL, 'XE59139'),('D58038', NULL, 'XE18026'),('D58048', NULL, 'XE78951'),('D58056', NULL, 'XE10921'),('D58065', NULL, 'XE65155'),('D58115', NULL, 'XE56090'),('D58186', NULL, 'XE51166'),('D58307', NULL, 'XE34890'),('D58368', NULL, 'XE27211'),('D58396', NULL, 'XE60849'),('D58429', NULL, 'XE89494'),('D58451', NULL, 'XE60630'),('D58537', NULL, 'XE27658'),('D58702', NULL, 'XE45623'),('D58711', NULL, 'XE50071'),('D58824', NULL, 'XE18894'),('D58925', NULL, 'XE63562'),('D59014', NULL, 'XE39901'),('D59119', NULL, 'XE73993'),('D59215', NULL, 'XE64674'),('D59259', NULL, 'XE80711'),('D59285', NULL, 'XE65403'),('D59298', NULL, 'XE34810'),('D59352', NULL, 'XE43450'),('D59418', NULL, 'XE77424'),('D59453', NULL, 'XE80362'),('D59479', NULL, 'XE11123'),('D59519', NULL, 'XE59702'),('D59558', NULL, 'XE69842'),('D59675', NULL, 'XE91797'),('D59774', NULL, 'XE34344'),('D59926', NULL, 'XE50173'),('D59931', NULL, 'XE79658'),('D59983', NULL, 'XE73031'),('D60015', NULL, 'XE37556'),('D60026', NULL, 'XE40843'),('D60038', NULL, 'XE85863'),('D60104', NULL, 'XE12584'),('D60134', NULL, 'XE88184'),('D60269', NULL, 'XE91498'),('D60468', NULL, 'XE73229'),('D60703', NULL, 'XE79022'),('D60747', NULL, 'XE70343'),('D60840', NULL, 'XE60355'),('D61086', NULL, 'XE57936'),('D61154', NULL, 'XE67757'),('D61290', NULL, 'XE51797'),('D61309', NULL, 'XE42235'),('D61402', NULL, 'XE19860'),('D61650', NULL, 'XE62605'),('D61783', NULL, 'XE25299'),('D61878', NULL, 'XE21422'),('D61906', NULL, 'XE53129'),('D62006', NULL, 'XE99343'),('D62293', NULL, 'XE65078'),('D62437', NULL, 'XE29558'),('D62466', NULL, 'XE98438'),('D62492', NULL, 'XE84142'),('D62700', NULL, 'XE50417'),('D62771', NULL, 'XE15124'),('D62838', NULL, 'XE92450'),('D62905', NULL, 'XE87266'),('D62920', NULL, 'XE50629'),('D62921', NULL, 'XE54546'),('D63002', NULL, 'XE34024'),('D63140', NULL, 'XE35929'),('D63194', NULL, 'XE81321'),('D63243', NULL, 'XE85540'),('D63364', NULL, 'XE88542'),('D63388', NULL, 'XE64877'),('D63401', NULL, 'XE24099'),('D63412', NULL, 'XE84322'),('D63793', NULL, 'XE26164'),('D63854', NULL, 'XE23352'),('D63874', NULL, 'XE44106'),('D64138', NULL, 'XE44830'),('D64151', NULL, 'XE32732'),('D64208', NULL, 'XE94843'),('D64345', NULL, 'XE39269'),('D64811', NULL, 'XE15108'),('D64835', NULL, 'XE92371'),('D65071', NULL, 'XE89916'),('D65085', NULL, 'XE37787'),('D65150', NULL, 'XE82411'),('D65524', NULL, 'XE30561'),('D65588', NULL, 'XE24497'),('D65829', NULL, 'XE17516'),('D65862', NULL, 'XE14203'),('D65929', NULL, 'XE24485'),('D65985', NULL, 'XE62953'),('D66065', NULL, 'XE22348'),('D66151', NULL, 'XE36112'),('D66325', NULL, 'XE92045'),('D66408', NULL, 'XE54211'),('D66444', NULL, 'XE37997'),('D66448', NULL, 'XE11973'),('D66456', NULL, 'XE49505'),('D66487', NULL, 'XE53516'),('D66545', NULL, 'XE81012'),('D66875', NULL, 'XE66592'),('D66990', NULL, 'XE44905'),('D67043', NULL, 'XE43260'),('D67195', NULL, 'XE18684'),('D67434', NULL, 'XE80302'),('D67539', NULL, 'XE45982'),('D67557', NULL, 'XE21752'),('D67618', NULL, 'XE96563'),('D67656', NULL, 'XE17475'),('D67811', NULL, 'XE33401'),('D67934', NULL, 'XE42879'),('D67977', NULL, 'XE40992'),('D68024', NULL, 'XE20736'),('D68063', NULL, 'XE64212'),('D68182', NULL, 'XE86319'),('D68199', NULL, 'XE31623'),('D68266', NULL, 'XE17400'),('D68585', NULL, 'XE48261'),('D68611', NULL, 'XE81877'),('D68630', NULL, 'XE34806'),('D68642', NULL, 'XE35127'),('D68866', NULL, 'XE52185'),('D68921', NULL, 'XE22616'),('D68942', NULL, 'XE24118'),('D69183', NULL, 'XE29059'),('D69284', NULL, 'XE50096'),('D69336', NULL, 'XE94633'),('D69354', NULL, 'XE54400'),('D69512', NULL, 'XE15356'),('D69563', NULL, 'XE62056'),('D69740', NULL, 'XE76870'),('D69744', NULL, 'XE94308'),('D69795', NULL, 'XE91078'),('D69919', NULL, 'XE86851'),('D69944', NULL, 'XE44278'),('D70048', NULL, 'XE90606'),('D70212', NULL, 'XE60018'),('D70281', NULL, 'XE76036'),('D70538', NULL, 'XE59004'),('D70882', NULL, 'XE81126'),('D71178', NULL, 'XE67850'),('D71414', NULL, 'XE48698'),('D71561', NULL, 'XE43093'),('D71583', NULL, 'XE39342'),('D71636', NULL, 'XE38367'),('D71993', NULL, 'XE98961'),('D72237', NULL, 'XE76431'),('D72743', NULL, 'XE40958'),('D73170', NULL, 'XE38801'),('D73291', NULL, 'XE35885'),('D73506', NULL, 'XE12015'),('D73614', NULL, 'XE35240'),('D73644', NULL, 'XE92382'),('D73656', NULL, 'XE97690'),('D73796', NULL, 'XE20154'),('D73817', NULL, 'XE83151'),('D73844', NULL, 'XE52555'),('D73874', NULL, 'XE17625'),('D73934', NULL, 'XE22317'),('D73947', NULL, 'XE14864'),('D74041', NULL, 'XE58291'),('D74126', NULL, 'XE88125'),('D74344', NULL, 'XE70385'),('D74375', NULL, 'XE38275'),('D74396', NULL, 'XE52373'),('D74409', NULL, 'XE91792'),('D74496', NULL, 'XE88912'),('D74515', NULL, 'XE82122'),('D74724', NULL, 'XE87019'),('D75080', NULL, 'XE91907'),('D75139', NULL, 'XE82047'),('D75192', NULL, 'XE87705'),('D75219', NULL, 'XE22943'),('D75299', NULL, 'XE39096'),('D75348', NULL, 'XE48181'),('D75364', NULL, 'XE36777'),('D75450', NULL, 'XE93095'),('D75465', NULL, 'XE65149'),('D75499', NULL, 'XE74831'),('D75527', NULL, 'XE73781'),('D75556', NULL, 'XE65454'),('D75694', NULL, 'XE63500'),('D75717', NULL, 'XE79072'),('D75821', NULL, 'XE90663'),('D75853', NULL, 'XE92878'),('D76508', NULL, 'XE50585'),('D76522', NULL, 'XE96749'),('D76734', NULL, 'XE30193'),('D76825', NULL, 'XE50181'),('D76834', NULL, 'XE24550'),('D76849', NULL, 'XE87458'),('D76899', NULL, 'XE24935'),('D77160', NULL, 'XE31784'),('D77194', NULL, 'XE49302'),('D77200', NULL, 'XE20801'),('D77263', NULL, 'XE85188'),('D77264', NULL, 'XE52732'),('D77319', NULL, 'XE92479'),('D77606', NULL, 'XE40513'),('D77713', NULL, 'XE35518'),('D77859', NULL, 'XE97441'),('D77898', NULL, 'XE23531'),('D77965', NULL, 'XE36435'),('D78084', NULL, 'XE31164'),('D78296', NULL, 'XE56768'),('D78341', NULL, 'XE94246'),('D78385', NULL, 'XE15835'),('D78625', NULL, 'XE56669'),('D78645', NULL, 'XE94359'),('D78653', NULL, 'XE49857'),('D78746', NULL, 'XE43862'),('D78756', NULL, 'XE54006'),('D78821', NULL, 'XE18286'),('D78947', NULL, 'XE15585'),('D79061', NULL, 'XE45853'),('D79178', NULL, 'XE24441'),('D79199', NULL, 'XE95850'),('D79291', NULL, 'XE53440'),('D79440', NULL, 'XE14407'),('D79521', NULL, 'XE57624'),('D79685', NULL, 'XE29106'),('D79841', NULL, 'XE73303'),('D80064', NULL, 'XE33592'),('D80112', NULL, 'XE49767'),('D80231', NULL, 'XE40330'),('D80299', NULL, 'XE19630'),('D80347', NULL, 'XE93796'),('D80477', NULL, 'XE32854'),('D80586', NULL, 'XE30818'),('D80620', NULL, 'XE48479'),('D80689', NULL, 'XE83836'),('D80717', NULL, 'XE77189'),('D80862', NULL, 'XE84782'),('D80874', NULL, 'XE36530'),('D80933', NULL, 'XE73700'),('D80943', NULL, 'XE52850'),('D81004', NULL, 'XE72838'),('D81160', NULL, 'XE90004'),('D81376', NULL, 'XE41545'),('D81391', NULL, 'XE58752'),('D81456', NULL, 'XE94043'),('D81499', NULL, 'XE12160'),('D81500', NULL, 'XE34788'),('D81724', NULL, 'XE14894'),('D81745', NULL, 'XE12564'),('D81915', NULL, 'XE94266'),('D81987', NULL, 'XE15447'),('D82009', NULL, 'XE29289'),('D82102', NULL, 'XE92878'),('D82131', NULL, 'XE42415'),('D82171', NULL, 'XE92753'),('D82177', NULL, 'XE58376'),('D82327', NULL, 'XE58976'),('D82368', NULL, 'XE14322'),('D82378', NULL, 'XE26863'),('D82385', NULL, 'XE90637'),('D82400', NULL, 'XE46700'),('D82418', NULL, 'XE57136'),('D82454', NULL, 'XE78610'),('D82497', NULL, 'XE14650'),('D82524', NULL, 'XE29415'),('D82593', NULL, 'XE95346'),('D82614', NULL, 'XE87790'),('D82737', NULL, 'XE92778'),('D82775', NULL, 'XE87602'),('D82854', NULL, 'XE80246'),('D82911', NULL, 'XE91527'),('D83062', NULL, 'XE17982'),('D83134', NULL, 'XE33083'),('D83187', NULL, 'XE52049'),('D83196', NULL, 'XE37910'),('D83256', NULL, 'XE39752'),('D83387', NULL, 'XE51468'),('D83469', NULL, 'XE57741'),('D83717', NULL, 'XE44771'),('D83842', NULL, 'XE72087'),('D83871', NULL, 'XE93376'),('D83887', NULL, 'XE75044'),('D83897', NULL, 'XE43319'),('D83958', NULL, 'XE68839'),('D84029', NULL, 'XE95925'),('D84042', NULL, 'XE22428'),('D84185', NULL, 'XE24536'),('D84210', NULL, 'XE55374'),('D84545', NULL, 'XE35924'),('D84669', NULL, 'XE90238'),('D84812', NULL, 'XE33395'),('D84883', NULL, 'XE26566'),('D84890', NULL, 'XE32235'),('D85037', NULL, 'XE86791'),('D85038', NULL, 'XE33324'),('D85110', NULL, 'XE44748'),('D85373', NULL, 'XE86548'),('D85604', NULL, 'XE42080'),('D85665', NULL, 'XE69608'),('D85757', NULL, 'XE52741'),('D85803', NULL, 'XE63024'),('D85825', NULL, 'XE57307'),('D85876', NULL, 'XE15870'),('D85955', NULL, 'XE76573'),('D86113', NULL, 'XE64903'),('D86135', NULL, 'XE37316'),('D86206', NULL, 'XE55885'),('D86271', NULL, 'XE21907'),('D86492', NULL, 'XE56395'),('D86501', NULL, 'XE74396'),('D86575', NULL, 'XE20635'),('D86647', NULL, 'XE59709'),('D86675', NULL, 'XE27357'),('D86723', NULL, 'XE28710'),('D86777', NULL, 'XE39441'),('D86839', NULL, 'XE81776'),('D87000', NULL, 'XE60239'),('D87022', NULL, 'XE58226'),('D87037', NULL, 'XE90027'),('D87040', NULL, 'XE72953'),('D87138', NULL, 'XE54143'),('D87265', NULL, 'XE76521'),('D87325', NULL, 'XE15936'),('D87354', NULL, 'XE77727'),('D87373', NULL, 'XE53449'),('D87421', NULL, 'XE47444'),('D87685', NULL, 'XE42343'),('D87691', NULL, 'XE84463'),('D87708', NULL, 'XE85662'),('D87759', NULL, 'XE31329'),('D87777', NULL, 'XE26410'),('D87841', NULL, 'XE73099'),('D87852', NULL, 'XE46226'),('D88108', NULL, 'XE89536'),('D88118', NULL, 'XE47241'),('D88122', NULL, 'XE51572'),('D88274', NULL, 'XE93544'),('D88289', NULL, 'XE45153'),('D88297', NULL, 'XE32774'),('D88300', NULL, 'XE92460'),('D88387', NULL, 'XE62946'),('D88459', NULL, 'XE16421'),('D88470', NULL, 'XE71800'),('D88486', NULL, 'XE96259'),('D88656', NULL, 'XE36991'),('D88665', NULL, 'XE57618'),('D88858', NULL, 'XE76778'),('D88962', NULL, 'XE58915'),('D88969', NULL, 'XE35830'),('D89170', NULL, 'XE92378'),('D89202', NULL, 'XE98347'),('D89240', NULL, 'XE78911'),('D89277', NULL, 'XE23968'),('D89350', NULL, 'XE99176'),('D89398', NULL, 'XE29010'),('D89544', NULL, 'XE45270'),('D89926', NULL, 'XE13961'),('D89933', NULL, 'XE20099'),('D89970', NULL, 'XE76721'),('D90016', NULL, 'XE23103'),('D90161', NULL, 'XE75656'),('D90334', NULL, 'XE29902'),('D90423', NULL, 'XE94463'),('D90513', NULL, 'XE51138'),('D90555', NULL, 'XE13364'),('D90711', NULL, 'XE14608'),('D90979', NULL, 'XE67408'),('D90985', NULL, 'XE83852'),('D90997', NULL, 'XE49973'),('D91060', NULL, 'XE79419'),('D91094', NULL, 'XE90586'),('D91217', NULL, 'XE76356'),('D91276', NULL, 'XE75162'),('D91342', NULL, 'XE29296'),('D91568', NULL, 'XE39810'),('D91749', NULL, 'XE26860'),('D91812', NULL, 'XE83190'),('D91959', NULL, 'XE11358'),('D91963', NULL, 'XE90508'),('D91970', NULL, 'XE49197'),('D92089', NULL, 'XE88383'),('D92126', NULL, 'XE52328'),('D92177', NULL, 'XE43777'),('D92214', NULL, 'XE72084'),('D92296', NULL, 'XE35961'),('D92376', NULL, 'XE53535'),('D92503', NULL, 'XE70703'),('D92565', NULL, 'XE27742'),('D92584', NULL, 'XE96922'),('D92693', NULL, 'XE30757'),('D92695', NULL, 'XE26056'),('D92753', NULL, 'XE98988'),('D93020', NULL, 'XE89811'),('D93165', NULL, 'XE52739'),('D93253', NULL, 'XE71639'),('D93505', NULL, 'XE20817'),('D93641', NULL, 'XE15220'),('D93653', NULL, 'XE65145'),('D93654', NULL, 'XE43891'),('D93859', NULL, 'XE72355'),('D93911', NULL, 'XE86878'),('D93947', NULL, 'XE73774'),('D94054', NULL, 'XE58957'),('D94174', NULL, 'XE92089'),('D94214', NULL, 'XE95748'),('D94436', NULL, 'XE99055'),('D94654', NULL, 'XE83929'),('D94783', NULL, 'XE43521'),('D94800', NULL, 'XE27606'),('D94819', NULL, 'XE81110'),('D94828', NULL, 'XE85423'),('D94960', NULL, 'XE44181'),('D94983', NULL, 'XE24364'),('D95141', NULL, 'XE65788'),('D95165', NULL, 'XE59655'),('D95335', NULL, 'XE73203'),('D95395', NULL, 'XE20983'),('D95417', NULL, 'XE13997'),('D95527', NULL, 'XE97132'),('D95759', NULL, 'XE90602'),('D95984', NULL, 'XE65990'),('D96005', NULL, 'XE24405'),('D96014', NULL, 'XE87970'),('D96085', NULL, 'XE46320'),('D96290', NULL, 'XE87271'),('D96331', NULL, 'XE86390'),('D96378', NULL, 'XE14343'),('D96418', NULL, 'XE64084'),('D96438', NULL, 'XE57503'),('D96482', NULL, 'XE45432'),('D96512', NULL, 'XE86435'),('D96522', NULL, 'XE14456'),('D96607', NULL, 'XE51461'),('D96662', NULL, 'XE81340'),('D96787', NULL, 'XE46106'),('D96816', NULL, 'XE64995'),('D96864', NULL, 'XE91052'),('D96973', NULL, 'XE43922'),('D97032', NULL, 'XE13266'),('D97092', NULL, 'XE24637'),('D97246', NULL, 'XE54088'),('D97268', NULL, 'XE97528'),('D97483', NULL, 'XE38397'),('D97504', NULL, 'XE11023'),('D97563', NULL, 'XE41833'),('D97661', NULL, 'XE32092'),('D97685', NULL, 'XE28427'),('D97785', NULL, 'XE49516'),('D98131', NULL, 'XE96385'),('D98255', NULL, 'XE27800'),('D98283', NULL, 'XE50167'),('D98682', NULL, 'XE34541'),('D98968', NULL, 'XE93670'),('D99109', NULL, 'XE85257'),('D99180', NULL, 'XE86223'),('D99703', NULL, 'XE11776'),('D99704', NULL, 'XE45201'),('D99833', NULL, 'XE28524'),('D99843', NULL, 'XE57406'),('D99897', NULL, 'XE75606'),('M10163', 'User52538', 'XE34132'),('M10468', 'User45225', 'XE35764'),('M10532', 'User98505', 'XE39533'),('M10568', 'User88927', 'XE19671'),('M10600', 'User60131', 'XE27666'),('M10673', 'User60249', 'XE19377'),('M10793', 'User54201', 'XE98585'),('M10812', 'User78598', 'XE77288'),('M10824', 'User32825', 'XE16371'),('M10997', 'User56793', 'XE96854'),('M11051', 'User10639', 'XE54285'),('M11075', 'User31796', 'XE68079'),('M11247', 'User81650', 'XE42455'),('M11457', 'User12975', 'XE66999'),('M11507', 'User81741', 'XE44999'),('M11637', 'User16077', 'XE33829'),('M11710', 'User46794', 'XE72855'),('M11719', 'User15360', 'XE82378'),('M11935', 'User72149', 'XE23664'),('M11969', 'User31133', 'XE84401'),('M12057', 'User63625', 'XE74276'),('M12408', 'User49979', 'XE63125'),('M12574', 'User81906', 'XE65267'),('M12595', 'User46182', 'XE75297'),('M12949', 'User73363', 'XE43908'),('M13025', 'User99981', 'XE29983'),('M13039', 'User52859', 'XE31153'),('M13055', 'User89221', 'XE70931'),('M13147', 'User63660', 'XE91083'),('M13339', 'User59535', 'XE13217'),('M13345', 'User98471', 'XE91254'),('M13393', 'User74359', 'XE90428'),('M13460', 'User44090', 'XE74043'),('M13480', 'User60684', 'XE62001'),('M13714', 'User43303', 'XE99153'),('M13742', 'User89984', 'XE25848'),('M13849', 'User14895', 'XE46389'),('M14002', 'User28184', 'XE22799'),('M14027', 'User70232', 'XE90660'),('M14073', 'User94639', 'XE71220'),('M14122', 'User48000', 'XE43695'),('M14366', 'User69002', 'XE37884'),('M14623', 'User25814', 'XE28765'),('M14635', 'User62448', 'XE43708'),('M14731', 'User20816', 'XE30037'),('M14740', 'User36764', 'XE84130'),('M14936', 'User59969', 'XE62008'),('M15126', 'User28681', 'XE53526'),('M15179', 'User44705', 'XE64748'),('M15182', 'User90753', 'XE87105'),('M15198', 'User38079', 'XE70536'),('M15250', 'User47430', 'XE15250'),('M15257', 'User52137', 'XE50372'),('M15401', 'User56755', 'XE82810'),('M15433', 'User72028', 'XE25075'),('M15536', 'User81737', 'XE64707'),('M15799', 'User86177', 'XE32848'),('M15860', 'User71411', 'XE81481'),('M15972', 'User74187', 'XE10251'),('M16000', 'User35635', 'XE76042'),('M16126', 'User51885', 'XE30421'),('M16297', 'User81573', 'XE80088'),('M16336', 'User85072', 'XE39799'),('M16415', 'User55633', 'XE17863'),('M16507', 'User93954', 'XE50678'),('M16881', 'User79185', 'XE92627'),('M16979', 'User30588', 'XE84870'),('M17012', 'User51332', 'XE42367'),('M17134', 'User89523', 'XE66561'),('M17174', 'User66348', 'XE52047'),('M17248', 'User24635', 'XE60531'),('M17257', 'User59753', 'XE52968'),('M17292', 'User50612', 'XE95368'),('M17297', 'User71342', 'XE64964'),('M17324', 'User51517', 'XE90145'),('M17478', 'User21743', 'XE11492'),('M17745', 'User37525', 'XE76923'),('M17813', 'User29782', 'XE64823'),('M17838', 'User60088', 'XE56368'),('M18195', 'User67772', 'XE42283'),('M18299', 'User50864', 'XE32505'),('M18327', 'User37487', 'XE95317'),('M18333', 'User98941', 'XE85759'),('M18337', 'User64965', 'XE55390'),('M18371', 'User92783', 'XE34874'),('M18438', 'User38941', 'XE68786'),('M18535', 'User26632', 'XE54697'),('M18550', 'User14966', 'XE26339'),('M18565', 'User58094', 'XE13929'),('M18610', 'User63187', 'XE94803'),('M18627', 'User37135', 'XE93137'),('M18652', 'User17779', 'XE60923'),('M18820', 'User59262', 'XE35191'),('M18920', 'User45254', 'XE85636'),('M19015', 'User51944', 'XE13818'),('M19043', 'User29927', 'XE46109'),('M19113', 'User41328', 'XE43080'),('M19158', 'User70633', 'XE24069'),('M19219', 'User19211', 'XE47451'),('M19222', 'User88256', 'XE54827'),('M19354', 'User83799', 'XE84262'),('M19371', 'User37031', 'XE92544'),('M19682', 'User25135', 'XE75055'),('M19760', 'User55126', 'XE60809'),('M19828', 'User90166', 'XE57888'),('M19849', 'User75032', 'XE35265'),('M19856', 'User55309', 'XE75517'),('M20080', 'User87175', 'XE12269'),('M20086', 'User10018', 'XE12953'),('M20361', 'User93740', 'XE73032'),('M20400', 'User10681', 'XE71600'),('M20485', 'User40267', 'XE61973'),('M20500', 'User40771', 'XE28660'),('M20538', 'User45111', 'XE76372'),('M20739', 'User35233', 'XE15470'),('M20762', 'User50233', 'XE83405'),('M20824', 'User97407', 'XE21377'),('M20825', 'User86340', 'XE11824'),('M20837', 'User27696', 'XE82969'),('M20856', 'User55076', 'XE40326'),('M21207', 'User26176', 'XE40361'),('M21376', 'User27494', 'XE73407'),('M21479', 'User99799', 'XE79638'),('M21508', 'User51434', 'XE94669'),('M21594', 'User47678', 'XE42134'),('M21620', 'User97653', 'XE98045'),('M21728', 'User37069', 'XE82266'),('M21866', 'User17245', 'XE50250'),('M21951', 'User52588', 'XE86286'),('M22189', 'User38450', 'XE50233'),('M22335', 'User56842', 'XE56805'),('M22362', 'User13795', 'XE62905'),('M22387', 'User57181', 'XE82314'),('M22526', 'User17717', 'XE29296'),('M22650', 'User25145', 'XE65779'),('M22785', 'User30798', 'XE12901'),('M22862', 'User51527', 'XE83071'),('M22953', 'User83469', 'XE74003'),('M23410', 'User32700', 'XE64085'),('M23559', 'User67392', 'XE31793'),('M23746', 'User54033', 'XE59416'),('M23782', 'User60010', 'XE65020'),('M24003', 'User34211', 'XE17079'),('M24095', 'User26548', 'XE70503'),('M24124', 'User31753', 'XE45099'),('M24195', 'User46487', 'XE32246'),('M24396', 'User20761', 'XE48045'),('M24555', 'User95404', 'XE21825'),('M24574', 'User53321', 'XE99214'),('M24619', 'User35688', 'XE59930'),('M24635', 'User47425', 'XE24130'),('M24644', 'User42789', 'XE43631'),('M24720', 'User85050', 'XE81787'),('M24770', 'User81107', 'XE45884'),('M24828', 'User54268', 'XE32515'),('M24909', 'User77748', 'XE81616'),('M24913', 'User29102', 'XE21845'),('M25192', 'User30651', 'XE51525'),('M25452', 'User29164', 'XE72623'),('M25470', 'User21814', 'XE93531'),('M25633', 'User88055', 'XE58548'),('M25694', 'User39693', 'XE88920'),('M25774', 'User94764', 'XE36424'),('M25796', 'User35841', 'XE42984'),('M25922', 'User79594', 'XE43298'),('M26119', 'User75810', 'XE63423'),('M26130', 'User49765', 'XE95963'),('M26150', 'User97756', 'XE87548'),('M26345', 'User35097', 'XE78464'),('M26367', 'User70578', 'XE49028'),('M26400', 'User37898', 'XE72113'),('M26446', 'User48915', 'XE37684'),('M26451', 'User24819', 'XE25909'),('M26581', 'User74830', 'XE93608'),('M26620', 'User23471', 'XE45178'),('M26816', 'User84206', 'XE88330'),('M26862', 'User61237', 'XE50399'),('M27241', 'User87932', 'XE26100'),('M27345', 'User58855', 'XE67685'),('M27431', 'User11663', 'XE93215'),('M27438', 'User67205', 'XE65977'),('M27675', 'User93913', 'XE79010'),('M27681', 'User17840', 'XE40829'),('M27710', 'User34335', 'XE61414'),('M27819', 'User42785', 'XE78620'),('M28104', 'User83991', 'XE61513'),('M28162', 'User98961', 'XE32949'),('M28208', 'User70442', 'XE30052'),('M28274', 'User73595', 'XE69897'),('M28308', 'User40525', 'XE54310'),('M28392', 'User31500', 'XE67955'),('M28416', 'User18396', 'XE54776'),('M28468', 'User75401', 'XE32157'),('M28527', 'User84701', 'XE50610'),('M28591', 'User39471', 'XE39550'),('M28742', 'User49702', 'XE88555'),('M28750', 'User13557', 'XE16205'),('M28816', 'User28995', 'XE84438'),('M28848', 'User46088', 'XE63826'),('M29046', 'User76308', 'XE13549'),('M29050', 'User85375', 'XE63357'),('M29247', 'User79416', 'XE39923'),('M29370', 'User71758', 'XE50277'),('M29406', 'User46157', 'XE34546'),('M29488', 'User23473', 'XE83292'),('M29698', 'User11219', 'XE67090'),('M29706', 'User76230', 'XE35642'),('M29779', 'User72657', 'XE53867'),('M29792', 'User60573', 'XE77520'),('M29983', 'User83812', 'XE23914'),('M30024', 'User67125', 'XE55004'),('M30146', 'User61573', 'XE16182'),('M30216', 'User41517', 'XE64906'),('M30217', 'User10893', 'XE63787'),('M30248', 'User61361', 'XE99715'),('M30325', 'User13479', 'XE48009'),('M30400', 'User14974', 'XE96468'),('M30413', 'User20589', 'XE47068'),('M30581', 'User66603', 'XE98932'),('M30593', 'User23698', 'XE80236'),('M30633', 'User22497', 'XE11965'),('M30668', 'User19923', 'XE51930'),('M30830', 'User17851', 'XE93913'),('M30882', 'User13245', 'XE11483'),('M30949', 'User64144', 'XE17176'),('M31131', 'User83060', 'XE63703'),('M31246', 'User89849', 'XE30990'),('M31359', 'User12683', 'XE25549'),('M31415', 'User51936', 'XE98756'),('M31467', 'User60869', 'XE15505'),('M31468', 'User87153', 'XE86969'),('M31558', 'User44616', 'XE31118'),('M31568', 'User18952', 'XE60313'),('M31642', 'User71492', 'XE51561'),('M31675', 'User57167', 'XE27851'),('M31804', 'User79555', 'XE55226'),('M31991', 'User28417', 'XE56982'),('M32012', 'User20893', 'XE31696'),('M32119', 'User87173', 'XE36216'),('M32152', 'User80939', 'XE89766'),('M32374', 'User67254', 'XE34392'),('M32490', 'User76563', 'XE60203'),('M32538', 'User23242', 'XE91001'),('M32557', 'User79751', 'XE64922'),('M32705', 'User51231', 'XE72202'),('M32747', 'User32656', 'XE99949'),('M33000', 'User33133', 'XE58362'),('M33224', 'User41075', 'XE33753'),('M33425', 'User46550', 'XE87185'),('M33434', 'User96620', 'XE41809'),('M33544', 'User76584', 'XE89992'),('M33546', 'User88829', 'XE32942'),('M33848', 'User36421', 'XE60113'),('M34162', 'User40625', 'XE45460'),('M34189', 'User92622', 'XE25412'),('M34273', 'User13113', 'XE45163'),('M34449', 'User80842', 'XE27414'),('M34466', 'User43851', 'XE40772'),('M34496', 'User36805', 'XE71475'),('M35107', 'User67527', 'XE89613'),('M35113', 'User31595', 'XE80676'),('M35240', 'User85045', 'XE73626'),('M35392', 'User55736', 'XE83946'),('M35559', 'User81329', 'XE78657'),('M35687', 'User41869', 'XE76575'),('M35741', 'User68848', 'XE20582'),('M35799', 'User98341', 'XE56668'),('M35883', 'User97992', 'XE94642'),('M36046', 'User60147', 'XE61200'),('M36122', 'User34063', 'XE78742'),('M36234', 'User38648', 'XE97767'),('M36279', 'User56772', 'XE80127'),('M36495', 'User10308', 'XE32493'),('M36549', 'User75255', 'XE39365'),('M36559', 'User43664', 'XE19892'),('M36572', 'User82792', 'XE72696'),('M36609', 'User64919', 'XE33420'),('M36684', 'User28784', 'XE59362'),('M36694', 'User28169', 'XE45566'),('M36822', 'User35071', 'XE46800'),('M36829', 'User53852', 'XE74774'),('M36880', 'User64565', 'XE49522'),('M37131', 'User17944', 'XE36350'),('M37172', 'User43611', 'XE37103'),('M37480', 'User82169', 'XE78727'),('M37697', 'User47590', 'XE89131'),('M37794', 'User97932', 'XE86857'),('M38008', 'User16922', 'XE61367'),('M38025', 'User66128', 'XE47036'),('M38073', 'User84304', 'XE95370'),('M38074', 'User99953', 'XE97632'),('M38178', 'User74782', 'XE13229'),('M38247', 'User42235', 'XE17903'),('M38491', 'User82904', 'XE34589'),('M38516', 'User77260', 'XE15588'),('M38637', 'User40792', 'XE69991'),('M38737', 'User27052', 'XE38558'),('M38754', 'User80402', 'XE18037'),('M38839', 'User25958', 'XE34289'),('M38898', 'User17275', 'XE57791'),('M38942', 'User47879', 'XE36982'),('M38965', 'User39151', 'XE45371'),('M39095', 'User21524', 'XE14713'),('M39111', 'User33786', 'XE45526'),('M39338', 'User97141', 'XE96489'),('M39342', 'User61664', 'XE53231'),('M39372', 'User76081', 'XE97629'),('M39416', 'User18999', 'XE63382'),('M39629', 'User40563', 'XE15780'),('M39787', 'User28084', 'XE27009'),('M39789', 'User54341', 'XE84904'),('M39806', 'User68495', 'XE69187'),('M39814', 'User72597', 'XE83783'),('M39819', 'User66604', 'XE70155'),('M39830', 'User49568', 'XE26768'),('M39843', 'User50096', 'XE48246'),('M39886', 'User35850', 'XE41727'),('M39938', 'User44787', 'XE22889'),('M40152', 'User72902', 'XE73066'),('M40336', 'User19394', 'XE10486'),('M40338', 'User71114', 'XE21627'),('M40505', 'User81400', 'XE75022'),('M40576', 'User33217', 'XE50740'),('M40622', 'User13261', 'XE53068'),('M40692', 'User76683', 'XE38893'),('M40885', 'User71354', 'XE91371'),('M40894', 'User45501', 'XE26990'),('M41058', 'User80823', 'XE28480'),('M41117', 'User60275', 'XE76970'),('M41130', 'User62557', 'XE98005'),('M41148', 'User93402', 'XE46857'),('M41208', 'User85818', 'XE18921'),('M41228', 'User44810', 'XE21613'),('M41260', 'User50734', 'XE81757'),('M41474', 'User34018', 'XE18216'),('M41607', 'User57027', 'XE12772'),('M41795', 'User12097', 'XE14259'),('M41823', 'User46212', 'XE87037'),('M41958', 'User75990', 'XE72532'),('M42189', 'User14912', 'XE93380'),('M42193', 'User61391', 'XE23352'),('M42276', 'User21239', 'XE59464'),('M42449', 'User66952', 'XE74131'),('M42522', 'User51731', 'XE17237'),('M42663', 'User54019', 'XE72429'),('M42900', 'User47033', 'XE31968'),('M42956', 'User72224', 'XE15871'),('M42971', 'User80708', 'XE60068'),('M43178', 'User95153', 'XE46429'),('M43214', 'User40828', 'XE16823'),('M43308', 'User54913', 'XE18820'),('M43496', 'User25276', 'XE66903'),('M43512', 'User17862', 'XE26088'),('M43529', 'User17344', 'XE20218'),('M43656', 'User90282', 'XE58223'),('M43852', 'User94436', 'XE98158'),('M43937', 'User99967', 'XE16716'),('M44156', 'User57476', 'XE67757'),('M44342', 'User78289', 'XE38489'),('M44398', 'User74474', 'XE23467'),('M44558', 'User94818', 'XE68703'),('M44562', 'User54922', 'XE95677'),('M44567', 'User39831', 'XE95435'),('M44606', 'User56243', 'XE33534'),('M44651', 'User10566', 'XE60820'),('M44701', 'User35808', 'XE12550'),('M44711', 'User87185', 'XE81953'),('M44825', 'User15946', 'XE35250'),('M44896', 'User40809', 'XE17603'),('M44934', 'User98922', 'XE57666'),('M45016', 'User31547', 'XE62718'),('M45185', 'User48181', 'XE41928'),('M45188', 'User51563', 'XE16827'),('M45376', 'User82779', 'XE16542'),('M45449', 'User91734', 'XE80764'),('M45614', 'User21763', 'XE63997'),('M45747', 'User41674', 'XE18699'),('M45772', 'User65124', 'XE34402'),('M45933', 'User14146', 'XE71631'),('M45978', 'User12237', 'XE40050'),('M46145', 'User44329', 'XE39022'),('M46233', 'User22873', 'XE10042'),('M46286', 'User24249', 'XE60439'),('M46451', 'User29518', 'XE77380'),('M46571', 'User49646', 'XE79375'),('M46612', 'User77703', 'XE21158'),('M46753', 'User57646', 'XE15335'),('M46830', 'User31874', 'XE13796'),('M46863', 'User53581', 'XE73383'),('M46893', 'User65212', 'XE22597'),('M47307', 'User83005', 'XE49521'),('M47420', 'User77213', 'XE35834'),('M47427', 'User89241', 'XE57643'),('M47452', 'User82300', 'XE31705'),('M47461', 'User77972', 'XE48198'),('M47573', 'User68127', 'XE19491'),('M47690', 'User59822', 'XE42927'),('M47777', 'User28166', 'XE24138'),('M47787', 'User16582', 'XE37802'),('M47807', 'User55629', 'XE37814'),('M47826', 'User55219', 'XE96473'),('M47924', 'User64046', 'XE45181'),('M48110', 'User18970', 'XE68555'),('M48125', 'User41681', 'XE10895'),('M48130', 'User20536', 'XE71837'),('M48229', 'User30783', 'XE51813'),('M48294', 'User12731', 'XE96472'),('M48542', 'User97855', 'XE78365'),('M48694', 'User66612', 'XE56619'),('M48732', 'User97197', 'XE82925'),('M48965', 'User55180', 'XE15343'),('M49025', 'User74662', 'XE18691'),('M49071', 'User26571', 'XE16108'),('M49074', 'User24739', 'XE16776'),('M49092', 'User27070', 'XE63131'),('M49107', 'User42617', 'XE11837'),('M49159', 'User95437', 'XE82978'),('M49494', 'User43814', 'XE10426'),('M49521', 'User43365', 'XE36795'),('M49526', 'User85527', 'XE90750'),('M49527', 'User71625', 'XE35757'),('M49607', 'User82776', 'XE88109'),('M49853', 'User81590', 'XE58599'),('M49876', 'User17334', 'XE85215'),('M49893', 'User52249', 'XE13861'),('M50034', 'User39035', 'XE15174'),('M50068', 'User43651', 'XE29927'),('M50105', 'User31441', 'XE30672'),('M50200', 'User17931', 'XE26517'),('M50370', 'User63315', 'XE11566'),('M50431', 'User72473', 'XE30547'),('M50468', 'User36943', 'XE59955'),('M50555', 'User11557', 'XE19097'),('M50588', 'User21521', 'XE66799'),('M50751', 'User43667', 'XE80762'),('M50852', 'User59924', 'XE83314'),('M51057', 'User90410', 'XE66891'),('M51075', 'User83205', 'XE81217'),('M51143', 'User10022', 'XE47846'),('M51163', 'User64518', 'XE95759'),('M51293', 'User97144', 'XE92398'),('M51345', 'User18666', 'XE57474'),('M51394', 'User41256', 'XE85366'),('M51498', 'User27683', 'XE19103'),('M51541', 'User98035', 'XE65187'),('M51601', 'User87982', 'XE98026'),('M51972', 'User71158', 'XE13165'),('M51991', 'User20102', 'XE32374'),('M52311', 'User91032', 'XE45792'),('M52457', 'User31133', 'XE90156'),('M52464', 'User82931', 'XE39215'),('M52517', 'User78580', 'XE65496'),('M52576', 'User76681', 'XE28975'),('M52619', 'User87359', 'XE83228'),('M52623', 'User62380', 'XE46800'),('M52666', 'User62937', 'XE65770'),('M52677', 'User61505', 'XE58276'),('M52817', 'User91795', 'XE87196'),('M52829', 'User11072', 'XE74183'),('M52839', 'User24727', 'XE66789'),('M52944', 'User55775', 'XE48263'),('M53106', 'User90675', 'XE80518'),('M53311', 'User62544', 'XE23899'),('M53312', 'User73743', 'XE34915'),('M53316', 'User72556', 'XE98132'),('M53474', 'User85679', 'XE10814'),('M53513', 'User60238', 'XE50073'),('M53569', 'User79568', 'XE28392'),('M53731', 'User38034', 'XE60291'),('M53765', 'User75135', 'XE86148'),('M53818', 'User86103', 'XE44085'),('M53906', 'User59104', 'XE46611'),('M53929', 'User28569', 'XE38889'),('M54097', 'User58434', 'XE38679'),('M54104', 'User52762', 'XE65247'),('M54108', 'User42726', 'XE94714'),('M54179', 'User90192', 'XE29468'),('M54233', 'User87428', 'XE84646'),('M54336', 'User81616', 'XE32731'),('M54567', 'User94751', 'XE92658'),('M54701', 'User46938', 'XE11784'),('M54818', 'User73145', 'XE25658'),('M54952', 'User10217', 'XE47652'),('M55261', 'User84049', 'XE76695'),('M55312', 'User29530', 'XE75745'),('M55404', 'User51810', 'XE64899'),('M55408', 'User93356', 'XE28095'),('M55565', 'User78163', 'XE32540'),('M55656', 'User73137', 'XE13907'),('M55784', 'User34003', 'XE56352'),('M55839', 'User70065', 'XE49216'),('M55885', 'User42127', 'XE64785'),('M55886', 'User20020', 'XE76702'),('M55909', 'User78928', 'XE60720'),('M55996', 'User41589', 'XE43133'),('M56040', 'User64459', 'XE80995'),('M56092', 'User86674', 'XE17358'),('M56137', 'User40874', 'XE83998'),('M56246', 'User46959', 'XE47615'),('M56286', 'User22338', 'XE59717'),('M56426', 'User11254', 'XE39374'),('M56509', 'User47038', 'XE37538'),('M56605', 'User51015', 'XE52579'),('M56721', 'User77320', 'XE58063'),('M56832', 'User90656', 'XE23325'),('M56874', 'User85843', 'XE62846'),('M56881', 'User34469', 'XE67202'),('M56972', 'User44045', 'XE57464'),('M57079', 'User38527', 'XE24894'),('M57088', 'User53934', 'XE26065'),('M57196', 'User10407', 'XE35599'),('M57339', 'User80566', 'XE75156'),('M57352', 'User65017', 'XE98593'),('M57431', 'User36872', 'XE34569'),('M57661', 'User67494', 'XE30165'),('M57887', 'User17467', 'XE29364'),('M57979', 'User61483', 'XE83475'),('M58040', 'User55127', 'XE21189'),('M58116', 'User26914', 'XE24539'),('M58118', 'User80511', 'XE80348'),('M58292', 'User74478', 'XE29596'),('M58539', 'User21214', 'XE41386'),('M58639', 'User82547', 'XE33300'),('M58651', 'User98899', 'XE11178'),('M58704', 'User11073', 'XE10627'),('M58983', 'User79359', 'XE92316'),('M59010', 'User72263', 'XE74036'),('M59191', 'User44138', 'XE22845'),('M59380', 'User15350', 'XE33562'),('M59688', 'User11765', 'XE49550'),('M59763', 'User98074', 'XE25346'),('M59979', 'User62809', 'XE37013'),('M59994', 'User45637', 'XE75798'),('M60043', 'User11309', 'XE70926'),('M60071', 'User89520', 'XE83256'),('M60131', 'User21035', 'XE31014'),('M60145', 'User57149', 'XE24957'),('M60486', 'User26043', 'XE79417'),('M60516', 'User26579', 'XE66627'),('M60555', 'User12565', 'XE68851'),('M60557', 'User20892', 'XE93782'),('M60579', 'User56542', 'XE67356'),('M60608', 'User33465', 'XE90250'),('M60612', 'User59350', 'XE99977'),('M60615', 'User37156', 'XE54568'),('M60877', 'User92813', 'XE89286'),('M60899', 'User89901', 'XE86348'),('M60993', 'User46848', 'XE38451'),('M60995', 'User61948', 'XE13616'),('M61050', 'User23976', 'XE58946'),('M61086', 'User76297', 'XE68898'),('M61145', 'User46754', 'XE15040'),('M61319', 'User72877', 'XE65812'),('M61329', 'User89579', 'XE68489'),('M61657', 'User62440', 'XE75675'),('M61678', 'User63784', 'XE63658'),('M61739', 'User67477', 'XE22829'),('M61978', 'User42188', 'XE61882'),('M61998', 'User88691', 'XE91713'),('M62058', 'User93019', 'XE33408'),('M62127', 'User11681', 'XE79838'),('M62136', 'User45850', 'XE94678'),('M62156', 'User80856', 'XE73547'),('M62223', 'User44382', 'XE94745'),('M62247', 'User10406', 'XE35379'),('M62466', 'User56154', 'XE58280'),('M62681', 'User13886', 'XE10525'),('M62751', 'User85089', 'XE72753'),('M62796', 'User13218', 'XE80342'),('M62903', 'User36560', 'XE51940'),('M62990', 'User49302', 'XE10302'),('M63006', 'User64140', 'XE67881'),('M63012', 'User19607', 'XE62711'),('M63017', 'User70197', 'XE41106'),('M63023', 'User83751', 'XE87208'),('M63032', 'User52659', 'XE96434'),('M63331', 'User67874', 'XE66935'),('M63338', 'User81650', 'XE92626'),('M63368', 'User76314', 'XE93153'),('M63440', 'User39865', 'XE16716'),('M63464', 'User60198', 'XE77669'),('M63573', 'User19955', 'XE78038'),('M63718', 'User74466', 'XE32077'),('M63843', 'User11873', 'XE81958'),('M63849', 'User74994', 'XE69906'),('M63885', 'User65632', 'XE97284'),('M63921', 'User14007', 'XE25806'),('M64093', 'User84057', 'XE45174'),('M64215', 'User22081', 'XE90475'),('M64283', 'User63878', 'XE30393'),('M64312', 'User94011', 'XE64438'),('M64333', 'User62491', 'XE66921'),('M64398', 'User99473', 'XE44413'),('M64454', 'User30065', 'XE24047'),('M64510', 'User56252', 'XE18651'),('M64572', 'User81381', 'XE78842'),('M64751', 'User42957', 'XE96732'),('M64822', 'User79564', 'XE92884'),('M64971', 'User73963', 'XE57131'),('M65004', 'User46543', 'XE48569'),('M65114', 'User20899', 'XE56654'),('M65192', 'User47693', 'XE40391'),('M65194', 'User84465', 'XE63190'),('M65263', 'User67748', 'XE50826'),('M65311', 'User41189', 'XE96516'),('M65524', 'User22858', 'XE72938'),('M65551', 'User26268', 'XE23561'),('M65592', 'User89180', 'XE11277'),('M65655', 'User17132', 'XE98050'),('M65808', 'User19026', 'XE86120'),('M65857', 'User81652', 'XE68684'),('M65936', 'User29387', 'XE87215'),('M65945', 'User93613', 'XE78458'),('M65985', 'User10708', 'XE24280'),('M66047', 'User11358', 'XE11400'),('M66218', 'User17057', 'XE13658'),('M66365', 'User27059', 'XE44257'),('M66417', 'User56150', 'XE84334'),('M66612', 'User18692', 'XE80199'),('M66632', 'User14061', 'XE38995'),('M66687', 'User43344', 'XE80338'),('M66701', 'User14740', 'XE75669'),('M66711', 'User82311', 'XE57428'),('M66746', 'User34379', 'XE24861'),('M66891', 'User22743', 'XE72673'),('M66917', 'User72842', 'XE97768'),('M66941', 'User28518', 'XE21118'),('M66953', 'User55748', 'XE96952'),('M66972', 'User48234', 'XE83536'),('M67002', 'User74092', 'XE54668'),('M67082', 'User83219', 'XE54676'),('M67172', 'User32532', 'XE56891'),('M67213', 'User90667', 'XE16908'),('M67427', 'User28313', 'XE16575'),('M67708', 'User27494', 'XE23587'),('M67723', 'User21961', 'XE85055'),('M67745', 'User62564', 'XE92207'),('M67942', 'User99350', 'XE26772'),('M68010', 'User56007', 'XE38141'),('M68045', 'User14496', 'XE57886'),('M68107', 'User14622', 'XE72621'),('M68234', 'User30615', 'XE16988'),('M68297', 'User38302', 'XE67003'),('M68348', 'User94293', 'XE71398'),('M68498', 'User60984', 'XE93660'),('M68539', 'User92989', 'XE89059'),('M68600', 'User79244', 'XE83737'),('M68652', 'User38008', 'XE71741'),('M68762', 'User19853', 'XE55776'),('M68924', 'User15736', 'XE33026'),('M69089', 'User58479', 'XE77473'),('M69154', 'User38102', 'XE72446'),('M69217', 'User66339', 'XE73994'),('M69250', 'User44609', 'XE24754'),('M69411', 'User77061', 'XE30458'),('M69412', 'User57497', 'XE64146'),('M69600', 'User97595', 'XE77959'),('M69617', 'User85241', 'XE74343'),('M69786', 'User61496', 'XE33224'),('M69807', 'User56152', 'XE99189'),('M69891', 'User72815', 'XE86392'),('M70440', 'User55851', 'XE65081'),('M70485', 'User81295', 'XE82495'),('M70517', 'User68423', 'XE32727'),('M70542', 'User97935', 'XE67736'),('M70595', 'User73145', 'XE19774'),('M70605', 'User88693', 'XE74076'),('M70625', 'User74511', 'XE76431'),('M70887', 'User41543', 'XE62898'),('M70988', 'User72788', 'XE20000'),('M71139', 'User40016', 'XE66705'),('M71162', 'User53597', 'XE39483'),('M71283', 'User64213', 'XE95000'),('M71326', 'User26218', 'XE84379'),('M71373', 'User66209', 'XE81414'),('M71474', 'User63935', 'XE10035'),('M71520', 'User20063', 'XE42788'),('M71534', 'User69412', 'XE47605'),('M71683', 'User31064', 'XE49826'),('M71834', 'User82816', 'XE45494'),('M71906', 'User36100', 'XE53823'),('M71923', 'User87395', 'XE98640'),('M71954', 'User14263', 'XE12671'),('M71973', 'User54122', 'XE70624'),('M72095', 'User53572', 'XE65854'),('M72175', 'User18137', 'XE44028'),('M72184', 'User35393', 'XE13060'),('M72295', 'User56139', 'XE21973'),('M72409', 'User20368', 'XE46340'),('M72429', 'User72687', 'XE21382'),('M72432', 'User16022', 'XE99254'),('M72616', 'User80404', 'XE77918'),('M72709', 'User84810', 'XE20947'),('M72796', 'User85352', 'XE34879'),('M72952', 'User59164', 'XE41832'),('M73030', 'User74861', 'XE57848'),('M73054', 'User88821', 'XE50900'),('M73063', 'User45346', 'XE66248'),('M73104', 'User38674', 'XE46380'),('M73300', 'User65489', 'XE62756'),('M73391', 'User92080', 'XE57691'),('M73433', 'User74645', 'XE25322'),('M73442', 'User32187', 'XE55884'),('M73457', 'User18577', 'XE24438'),('M73474', 'User67385', 'XE79622'),('M73496', 'User21196', 'XE83249'),('M73627', 'User51974', 'XE80108'),('M73903', 'User86518', 'XE23590'),('M73966', 'User99109', 'XE26849'),('M74291', 'User67668', 'XE76925'),('M74307', 'User70404', 'XE65431'),('M74332', 'User61061', 'XE57172'),('M74346', 'User67101', 'XE23718'),('M74368', 'User79418', 'XE71996'),('M74396', 'User98825', 'XE71009'),('M74455', 'User17671', 'XE45085'),('M74667', 'User42715', 'XE58416'),('M74679', 'User37116', 'XE17143'),('M74782', 'User52296', 'XE13251'),('M74846', 'User96765', 'XE50000'),('M74858', 'User92873', 'XE63963'),('M74895', 'User65201', 'XE81319'),('M74919', 'User96713', 'XE66387'),('M75566', 'User62292', 'XE79175'),('M75637', 'User11413', 'XE48896'),('M75640', 'User95578', 'XE41736'),('M75683', 'User30049', 'XE55179'),('M75710', 'User94479', 'XE43977'),('M75845', 'User24284', 'XE50627'),('M75866', 'User47429', 'XE93546'),('M76035', 'User22063', 'XE37259'),('M76070', 'User87342', 'XE19817'),('M76092', 'User42061', 'XE35998'),('M76099', 'User76148', 'XE46873'),('M76153', 'User67293', 'XE89276'),('M76246', 'User98507', 'XE37455'),('M76252', 'User17604', 'XE14037'),('M76988', 'User78850', 'XE97719'),('M77039', 'User98223', 'XE90317'),('M77148', 'User60308', 'XE56991'),('M77164', 'User99625', 'XE59697'),('M77192', 'User31773', 'XE80826'),('M77293', 'User53809', 'XE59230'),('M77303', 'User11622', 'XE90144'),('M77416', 'User48549', 'XE27754'),('M77429', 'User77483', 'XE75309'),('M77477', 'User24584', 'XE51489'),('M77725', 'User98617', 'XE54138'),('M77804', 'User52696', 'XE32624'),('M77805', 'User35205', 'XE98007'),('M77857', 'User26792', 'XE26192'),('M77905', 'User11730', 'XE94915'),('M77959', 'User15820', 'XE28193'),('M78035', 'User17177', 'XE92205'),('M78125', 'User56429', 'XE13221'),('M78270', 'User21764', 'XE58850'),('M78284', 'User75830', 'XE50354'),('M78399', 'User78744', 'XE39363'),('M78495', 'User20216', 'XE61023'),('M78503', 'User42349', 'XE23387'),('M78563', 'User62458', 'XE68999'),('M78588', 'User33642', 'XE20670'),('M78790', 'User75554', 'XE14019'),('M78811', 'User26025', 'XE54348'),('M78876', 'User78088', 'XE98421'),('M78880', 'User53574', 'XE97332'),('M78972', 'User21348', 'XE19303'),('M79020', 'User15788', 'XE57561'),('M79079', 'User28470', 'XE43200'),('M79182', 'User91715', 'XE24840'),('M79197', 'User91361', 'XE66172'),('M79316', 'User12397', 'XE76132'),('M79345', 'User62288', 'XE26217'),('M79432', 'User43265', 'XE17200'),('M79500', 'User68171', 'XE34637'),('M79594', 'User64406', 'XE72176'),('M79826', 'User26463', 'XE29611'),('M79964', 'User88260', 'XE16760'),('M80033', 'User29246', 'XE95983'),('M80087', 'User64487', 'XE52168'),('M80126', 'User33006', 'XE52418'),('M80221', 'User74527', 'XE19142'),('M80261', 'User14592', 'XE85064'),('M80564', 'User23326', 'XE12105'),('M80587', 'User68391', 'XE12958'),('M80625', 'User94236', 'XE95009'),('M80675', 'User13006', 'XE38571'),('M80739', 'User10645', 'XE27445'),('M80780', 'User35330', 'XE40485'),('M81004', 'User15854', 'XE32850'),('M81054', 'User12080', 'XE19588'),('M81114', 'User37596', 'XE96121'),('M81145', 'User65887', 'XE92053'),('M81253', 'User41995', 'XE47322'),('M81327', 'User68328', 'XE35406'),('M81375', 'User75352', 'XE46026'),('M81415', 'User17986', 'XE60541'),('M81698', 'User60036', 'XE54532'),('M81769', 'User90835', 'XE58416'),('M81831', 'User37052', 'XE26203'),('M81953', 'User95507', 'XE87325'),('M82073', 'User41127', 'XE99169'),('M82196', 'User86394', 'XE44984'),('M82215', 'User73248', 'XE95630'),('M82239', 'User67384', 'XE83566'),('M82307', 'User55976', 'XE36024'),('M82348', 'User13083', 'XE48106'),('M82361', 'User21661', 'XE80651'),('M82525', 'User63536', 'XE13689'),('M82693', 'User40980', 'XE17753'),('M82704', 'User31652', 'XE93272'),('M82741', 'User10651', 'XE70415'),('M82883', 'User79786', 'XE72528'),('M82890', 'User82552', 'XE76821'),('M82899', 'User73926', 'XE69539'),('M82951', 'User30956', 'XE18637'),('M83245', 'User54398', 'XE32170'),('M83299', 'User40844', 'XE72845'),('M83409', 'User83865', 'XE77488'),('M83477', 'User84516', 'XE81501'),('M83558', 'User15281', 'XE66259'),('M83752', 'User85062', 'XE97119'),('M83761', 'User71756', 'XE11356'),('M83972', 'User46732', 'XE50431'),('M84052', 'User52720', 'XE27013'),('M84081', 'User92177', 'XE73523'),('M84135', 'User82216', 'XE75818'),('M84280', 'User19235', 'XE19966'),('M84444', 'User97832', 'XE97973'),('M84512', 'User54842', 'XE56104'),('M84515', 'User51208', 'XE32371'),('M84518', 'User22036', 'XE34257'),('M84544', 'User70912', 'XE98657'),('M84740', 'User49735', 'XE71793'),('M84781', 'User59711', 'XE90319'),('M84834', 'User29271', 'XE64986'),('M84840', 'User59691', 'XE68365'),('M84858', 'User11859', 'XE35185'),('M85402', 'User41909', 'XE98274'),('M85431', 'User57739', 'XE74940'),('M85509', 'User87920', 'XE99963'),('M85596', 'User42240', 'XE43739'),('M85738', 'User23570', 'XE90287'),('M85847', 'User98268', 'XE76169'),('M85966', 'User40329', 'XE29621'),('M85981', 'User59315', 'XE54376'),('M86069', 'User90074', 'XE79675'),('M86203', 'User40833', 'XE33016'),('M86217', 'User16661', 'XE49746'),('M86334', 'User19605', 'XE37051'),('M86470', 'User79140', 'XE29684'),('M86479', 'User32243', 'XE57790'),('M86527', 'User44868', 'XE14063'),('M86613', 'User87846', 'XE59388'),('M86778', 'User91704', 'XE76674'),('M86841', 'User97950', 'XE29910'),('M86906', 'User53348', 'XE63335'),('M86912', 'User70148', 'XE25386'),('M87134', 'User76835', 'XE19976'),('M87214', 'User91485', 'XE31602'),('M87219', 'User27133', 'XE45753'),('M87284', 'User85373', 'XE82831'),('M87323', 'User30034', 'XE48126'),('M87438', 'User90342', 'XE75827'),('M87515', 'User21303', 'XE94596'),('M87712', 'User18520', 'XE96068'),('M87731', 'User43752', 'XE20871'),('M87812', 'User26444', 'XE89574'),('M88155', 'User28902', 'XE43607'),('M88405', 'User96894', 'XE65557'),('M88419', 'User21378', 'XE22010'),('M88487', 'User31698', 'XE89486'),('M88557', 'User88828', 'XE54507'),('M88578', 'User39446', 'XE63579'),('M88609', 'User35524', 'XE56472'),('M88619', 'User93543', 'XE89313'),('M88705', 'User19618', 'XE72178'),('M88842', 'User83629', 'XE88780'),('M88889', 'User30938', 'XE87211'),('M88933', 'User27989', 'XE80339'),('M88981', 'User81651', 'XE33748'),('M89006', 'User66623', 'XE91945'),('M89020', 'User37198', 'XE57458'),('M89033', 'User99068', 'XE61179'),('M89093', 'User95773', 'XE98779'),('M89113', 'User85972', 'XE50841'),('M89116', 'User73462', 'XE72329'),('M89172', 'User15112', 'XE32719'),('M89211', 'User47651', 'XE89785'),('M89212', 'User41604', 'XE32710'),('M89481', 'User20962', 'XE16482'),('M89734', 'User44618', 'XE80489'),('M89777', 'User70216', 'XE26882'),('M90029', 'User17853', 'XE34060'),('M90031', 'User97812', 'XE82151'),('M90036', 'User35958', 'XE60998'),('M90094', 'User63153', 'XE15342'),('M90132', 'User93965', 'XE46872'),('M90503', 'User85340', 'XE93404'),('M90517', 'User46102', 'XE23981'),('M90519', 'User31486', 'XE36491'),('M90711', 'User48689', 'XE17204'),('M90847', 'User95736', 'XE82834'),('M90901', 'User35417', 'XE96122'),('M91004', 'User51959', 'XE73095'),('M91104', 'User70685', 'XE63486'),('M91139', 'User54948', 'XE62731'),('M91348', 'User93414', 'XE55836'),('M91409', 'User82457', 'XE32004'),('M91455', 'User59323', 'XE73060'),('M91524', 'User99043', 'XE35773'),('M91543', 'User49799', 'XE80508'),('M91642', 'User83579', 'XE74435'),('M91654', 'User53495', 'XE64274'),('M91670', 'User13796', 'XE60249'),('M91680', 'User95624', 'XE19593'),('M91752', 'User38026', 'XE52152'),('M91755', 'User50369', 'XE81290'),('M91984', 'User55361', 'XE81619'),('M92183', 'User93243', 'XE57587'),('M92298', 'User62723', 'XE40846'),('M92364', 'User53258', 'XE62791'),('M92404', 'User10520', 'XE25097'),('M92468', 'User21292', 'XE77730'),('M92499', 'User63133', 'XE32390'),('M92625', 'User13558', 'XE33579'),('M92660', 'User71509', 'XE83534'),('M93073', 'User34294', 'XE46367'),('M93144', 'User75426', 'XE12651'),('M93161', 'User93775', 'XE29319'),('M93309', 'User14948', 'XE60886'),('M93448', 'User51859', 'XE13199'),('M93509', 'User74460', 'XE35977'),('M93581', 'User10191', 'XE56641'),('M93770', 'User63708', 'XE41501'),('M93927', 'User17670', 'XE92960'),('M94003', 'User59728', 'XE21197'),('M94064', 'User99751', 'XE24353'),('M94070', 'User77515', 'XE82450'),('M94077', 'User17627', 'XE92380'),('M94124', 'User55954', 'XE92808'),('M94184', 'User18796', 'XE15188'),('M94267', 'User53012', 'XE85953'),('M94275', 'User35906', 'XE62336'),('M94325', 'User10010', 'XE34710'),('M94334', 'User83796', 'XE25814'),('M94514', 'User69783', 'XE31148'),('M94652', 'User57372', 'XE90654'),('M94677', 'User56635', 'XE49843'),('M94776', 'User82100', 'XE58127'),('M94905', 'User87327', 'XE95600'),('M94919', 'User12193', 'XE85257'),('M95107', 'User76148', 'XE99007'),('M95144', 'User96175', 'XE25888'),('M95152', 'User65129', 'XE82340'),('M95335', 'User37526', 'XE82709'),('M95512', 'User27843', 'XE77417'),('M95536', 'User65588', 'XE80417'),('M95629', 'User21641', 'XE55823'),('M96104', 'User40462', 'XE90647'),('M96420', 'User22518', 'XE17122'),('M96526', 'User44272', 'XE53745'),('M96543', 'User57257', 'XE61517'),('M96776', 'User50753', 'XE16503'),('M96779', 'User29204', 'XE52557'),('M96911', 'User64879', 'XE13430'),('M96922', 'User49280', 'XE24511'),('M96960', 'User66541', 'XE76718'),('M97012', 'User72152', 'XE99779'),('M97028', 'User53900', 'XE88354'),('M97142', 'User23031', 'XE98281'),('M97288', 'User97423', 'XE91367'),('M97309', 'User10009', 'XE33762'),('M97333', 'User41983', 'XE35033'),('M97440', 'User60141', 'XE46152'),('M97579', 'User74639', 'XE97971'),('M97772', 'User30401', 'XE36944'),('M98092', 'User75045', 'XE89950'),('M98431', 'User27381', 'XE16477'),('M98480', 'User74411', 'XE33026'),('M98511', 'User94239', 'XE35109'),('M98524', 'User45587', 'XE66106'),('M98580', 'User35576', 'XE92773'),('M98684', 'User24895', 'XE41209'),('M98716', 'User82663', 'XE58232'),('M98731', 'User37189', 'XE48669'),('M98916', 'User76162', 'XE10316'),('M98924', 'User75172', 'XE16886'),('M99070', 'User60322', 'XE73544'),('M99587', 'User35992', 'XE21685'),('M99767', 'User56438', 'XE99430'),('M99818', 'User52615', 'XE69155'),('M99919', 'User19576', 'XE14038'),('M99938', 'User60816', 'XE62978');
UNLOCK TABLES;
COMMIT;
BEGIN;
LOCK TABLES `baiguixe`.`thoi_gian_gui_va_lay_xe` WRITE;
DELETE FROM `baiguixe`.`thoi_gian_gui_va_lay_xe`;
INSERT INTO `baiguixe`.`thoi_gian_gui_va_lay_xe` (`ID`,`ID_the`,`Thoi_gian`,`Trang_thai`) VALUES (1, 'M13393', '2022-07-28 16:32:45', 'Gui'),(2, 'M62466', '2022-07-28 16:32:45', 'Gui'),(3, 'M59763', '2022-07-28 16:32:45', 'Gui'),(4, 'M63023', '2022-07-28 16:32:45', 'Gui'),(5, 'M87712', '2022-07-28 16:32:45', 'Gui'),(6, 'M38637', '2022-07-28 16:32:45', 'Gui'),(7, 'M62223', '2022-07-28 16:32:45', 'Gui'),(8, 'M96526', '2022-07-28 16:32:45', 'Gui'),(9, 'M33434', '2022-07-28 16:32:45', 'Gui'),(10, 'M78399', '2022-07-28 16:32:45', 'Gui'),(11, 'M57196', '2022-07-28 16:32:45', 'Gui'),(12, 'M82741', '2022-07-28 16:32:45', 'Gui'),(13, 'M72429', '2022-07-28 16:32:45', 'Gui'),(14, 'M79020', '2022-07-28 16:32:45', 'Gui'),(15, 'M59010', '2022-07-28 16:32:45', 'Gui'),(16, 'M55784', '2022-07-28 16:32:45', 'Gui'),(17, 'M90094', '2022-07-28 16:32:45', 'Gui'),(18, 'M91755', '2022-07-28 16:32:45', 'Gui'),(19, 'M86203', '2022-07-28 16:32:45', 'Gui'),(20, 'M63032', '2022-07-28 16:32:45', 'Gui'),(21, 'M74895', '2022-07-28 16:32:45', 'Gui'),(22, 'M95144', '2022-07-28 16:32:45', 'Gui'),(23, 'M74332', '2022-07-28 16:32:45', 'Gui'),(24, 'M51541', '2022-07-28 16:32:45', 'Gui'),(25, 'M13345', '2022-07-28 16:32:45', 'Gui'),(26, 'M84512', '2022-07-28 16:32:45', 'Gui'),(27, 'M26400', '2022-07-28 16:32:45', 'Gui'),(28, 'M71283', '2022-07-28 16:32:45', 'Gui'),(29, 'M19371', '2022-07-28 16:32:45', 'Gui'),(30, 'M79197', '2022-07-28 16:32:45', 'Gui'),(31, 'M89481', '2022-07-28 16:32:45', 'Gui'),(32, 'M46451', '2022-07-28 16:32:45', 'Gui'),(33, 'M52623', '2022-07-28 16:32:45', 'Gui'),(34, 'M61739', '2022-07-28 16:32:45', 'Gui'),(35, 'M35107', '2022-07-28 16:32:45', 'Gui'),(36, 'M94184', '2022-07-28 16:32:45', 'Gui'),(37, 'M14027', '2022-07-28 16:32:45', 'Gui'),(38, 'M22785', '2022-07-28 16:32:45', 'Gui'),(39, 'M13339', '2022-07-28 16:32:45', 'Gui'),(40, 'M81831', '2022-07-28 16:32:45', 'Gui'),(41, 'M90711', '2022-07-28 16:32:45', 'Gui'),(42, 'M64333', '2022-07-28 16:32:45', 'Gui'),(43, 'M67942', '2022-07-28 16:32:45', 'Gui'),(44, 'M69600', '2022-07-28 16:32:45', 'Gui'),(45, 'M77039', '2022-07-28 16:32:45', 'Gui'),(46, 'M30146', '2022-07-28 16:32:45', 'Gui'),(47, 'M82951', '2022-07-28 16:32:45', 'Gui'),(48, 'M32538', '2022-07-28 16:32:46', 'Gui'),(49, 'M60993', '2022-07-28 16:32:46', 'Gui'),(50, 'M59191', '2022-07-28 16:32:46', 'Gui'),(51, 'M89006', '2022-07-28 16:32:46', 'Gui'),(52, 'M55565', '2022-07-28 16:32:46', 'Gui'),(53, 'M74455', '2022-07-28 16:32:46', 'Gui'),(54, 'M35687', '2022-07-28 16:32:46', 'Gui'),(55, 'M82693', '2022-07-28 16:32:46', 'Gui'),(56, 'M17745', '2022-07-28 16:32:46', 'Gui'),(57, 'M39372', '2022-07-28 16:32:46', 'Gui'),(58, 'M21508', '2022-07-28 16:32:46', 'Gui'),(59, 'M45933', '2022-07-28 16:32:46', 'Gui'),(60, 'M25774', '2022-07-28 16:32:46', 'Gui'),(61, 'M44558', '2022-07-28 16:32:46', 'Gui'),(62, 'M50468', '2022-07-28 16:32:46', 'Gui'),(63, 'M50200', '2022-07-28 16:32:46', 'Gui'),(64, 'M54567', '2022-07-28 16:32:46', 'Gui'),(65, 'M20856', '2022-07-28 16:32:46', 'Gui'),(66, 'M74858', '2022-07-28 16:32:46', 'Gui'),(67, 'M53316', '2022-07-28 16:32:46', 'Gui'),(68, 'M97142', '2022-07-28 16:32:46', 'Gui'),(69, 'M82196', '2022-07-28 16:32:46', 'Gui'),(70, 'M26345', '2022-07-28 16:32:46', 'Gui'),(71, 'M54179', '2022-07-28 16:32:46', 'Gui'),(72, 'M37697', '2022-07-28 16:32:46', 'Gui'),(73, 'M52666', '2022-07-28 16:32:46', 'Gui'),(74, 'M62156', '2022-07-28 16:32:46', 'Gui'),(75, 'M71162', '2022-07-28 16:32:46', 'Gui'),(76, 'M65945', '2022-07-28 16:32:46', 'Gui'),(77, 'M92183', '2022-07-28 16:32:46', 'Gui'),(78, 'M19219', '2022-07-28 16:32:46', 'Gui'),(79, 'M13480', '2022-07-28 16:32:46', 'Gui'),(80, 'M85981', '2022-07-28 16:32:46', 'Gui'),(81, 'M38025', '2022-07-28 16:32:46', 'Gui'),(82, 'M33546', '2022-07-28 16:32:46', 'Gui'),(83, 'M36234', '2022-07-28 16:32:46', 'Gui'),(84, 'M52839', '2022-07-28 16:32:46', 'Gui'),(85, 'M31991', '2022-07-28 16:32:46', 'Gui'),(86, 'M84052', '2022-07-28 16:32:46', 'Gui'),(87, 'M69154', '2022-07-28 16:32:46', 'Gui'),(88, 'M31468', '2022-07-28 16:32:46', 'Gui'),(89, 'M44156', '2022-07-28 16:32:46', 'Gui'),(90, 'M26150', '2022-07-28 16:32:46', 'Gui'),(91, 'M41607', '2022-07-28 16:32:46', 'Gui'),(92, 'M14366', '2022-07-28 16:32:46', 'Gui'),(93, 'M27431', '2022-07-28 16:32:46', 'Gui'),(94, 'M17813', '2022-07-28 16:32:46', 'Gui'),(95, 'M50588', '2022-07-28 16:32:46', 'Gui'),(96, 'M46893', '2022-07-28 16:32:46', 'Gui'),(97, 'M78790', '2022-07-28 16:32:46', 'Gui'),(98, 'M21376', '2022-07-28 16:32:46', 'Gui'),(99, 'M41058', '2022-07-28 16:32:46', 'Gui'),(100, 'M83558', '2022-07-28 16:32:46', 'Gui'),(101, 'M66612', '2022-07-28 16:32:46', 'Gui'),(102, 'M55839', '2022-07-28 16:32:46', 'Gui'),(103, 'M84518', '2022-07-28 16:32:46', 'Gui'),(104, 'M47452', '2022-07-28 16:32:46', 'Gui'),(105, 'M31131', '2022-07-28 16:32:46', 'Gui'),(106, 'M18610', '2022-07-28 16:32:46', 'Gui'),(107, 'M77192', '2022-07-28 16:32:46', 'Gui'),(108, 'M97772', '2022-07-28 16:32:46', 'Gui'),(109, 'M56092', '2022-07-28 16:32:46', 'Gui'),(110, 'M64822', '2022-07-28 16:32:46', 'Gui'),(111, 'M73433', '2022-07-28 16:32:46', 'Gui'),(112, 'M62751', '2022-07-28 16:32:46', 'Gui'),(113, 'M13742', '2022-07-28 16:32:46', 'Gui'),(114, 'M81054', '2022-07-28 16:32:46', 'Gui'),(115, 'M73966', '2022-07-28 16:32:46', 'Gui'),(116, 'M41795', '2022-07-28 16:32:46', 'Gui'),(117, 'M88155', '2022-07-28 16:32:46', 'Gui'),(118, 'M14623', '2022-07-28 16:32:46', 'Gui'),(119, 'M78972', '2022-07-28 16:32:46', 'Gui'),(120, 'M36046', '2022-07-28 16:32:46', 'Gui'),(121, 'M84444', '2022-07-28 16:32:46', 'Gui'),(122, 'M50852', '2022-07-28 16:32:46', 'Gui'),(123, 'M36234', '2022-07-28 16:32:46', 'Gui'),(124, 'M79826', '2022-07-28 16:32:46', 'Gui'),(125, 'M91654', '2022-07-28 16:32:46', 'Gui'),(126, 'M55261', '2022-07-28 16:32:46', 'Gui'),(127, 'M92364', '2022-07-28 16:32:46', 'Gui'),(128, 'M90519', '2022-07-28 16:32:46', 'Gui'),(129, 'M37172', '2022-07-28 16:32:46', 'Gui'),(130, 'M47307', '2022-07-28 16:32:46', 'Gui'),(131, 'M72184', '2022-07-28 16:32:46', 'Gui'),(132, 'M78270', '2022-07-28 16:32:46', 'Gui'),(133, 'M77148', '2022-07-28 16:32:46', 'Gui'),(134, 'M74919', '2022-07-28 16:32:46', 'Gui'),(135, 'M53106', '2022-07-28 16:32:46', 'Gui'),(136, 'M85738', '2022-07-28 16:32:46', 'Gui'),(137, 'M82215', '2022-07-28 16:32:46', 'Gui'),(138, 'M31359', '2022-07-28 16:32:46', 'Gui'),(139, 'M86906', '2022-07-28 16:32:46', 'Gui'),(140, 'M19856', '2022-07-28 16:32:46', 'Gui'),(141, 'M40336', '2022-07-28 16:32:46', 'Gui'),(142, 'M94070', '2022-07-28 16:32:46', 'Gui'),(143, 'M16979', '2022-07-28 16:32:46', 'Gui'),(144, 'M71906', '2022-07-28 16:32:46', 'Gui'),(145, 'M90029', '2022-07-28 16:32:46', 'Gui'),(146, 'M68600', '2022-07-28 16:32:46', 'Gui'),(147, 'M57352', '2022-07-28 16:32:46', 'Gui'),(148, 'M87214', '2022-07-28 16:32:46', 'Gui'),(149, 'M31568', '2022-07-28 16:32:46', 'Gui'),(150, 'M60043', '2022-07-28 16:32:46', 'Gui'),(151, 'M26862', '2022-07-28 16:32:46', 'Gui'),(152, 'M71834', '2022-07-28 16:32:46', 'Gui'),(153, 'M29488', '2022-07-28 16:32:46', 'Gui'),(154, 'M13714', '2022-07-28 16:32:46', 'Gui'),(155, 'M74679', '2022-07-28 16:32:46', 'Gui'),(156, 'M29050', '2022-07-28 16:32:46', 'Gui'),(157, 'M16297', '2022-07-28 16:32:46', 'Gui'),(158, 'M67002', '2022-07-28 16:32:46', 'Gui'),(159, 'M94652', '2022-07-28 16:32:46', 'Gui'),(160, 'M52944', '2022-07-28 16:32:46', 'Gui'),(161, 'M29706', '2022-07-28 16:32:46', 'Gui'),(162, 'M73104', '2022-07-28 16:32:46', 'Gui'),(163, 'M79432', '2022-07-28 16:32:46', 'Gui'),(164, 'M75683', '2022-07-28 16:32:46', 'Gui'),(165, 'M39886', '2022-07-28 16:32:46', 'Gui'),(166, 'M68498', '2022-07-28 16:32:46', 'Gui'),(167, 'M69089', '2022-07-28 16:32:46', 'Gui'),(168, 'M31675', '2022-07-28 16:32:46', 'Gui'),(169, 'M80221', '2022-07-28 16:32:46', 'Gui'),(170, 'M50751', '2022-07-28 16:32:46', 'Gui'),(171, 'M18550', '2022-07-28 16:32:46', 'Gui'),(172, 'M98916', '2022-07-28 16:32:46', 'Gui'),(173, 'M26581', '2022-07-28 16:32:46', 'Gui'),(174, 'M73300', '2022-07-28 16:32:46', 'Gui'),(175, 'M40505', '2022-07-28 16:32:46', 'Gui'),(176, 'M63338', '2022-07-28 16:32:46', 'Gui'),(177, 'M94334', '2022-07-28 16:32:46', 'Gui'),(178, 'M26367', '2022-07-28 16:32:46', 'Gui'),(179, 'M98524', '2022-07-28 16:32:46', 'Gui'),(180, 'M84858', '2022-07-28 16:32:46', 'Gui'),(181, 'M84840', '2022-07-28 16:32:46', 'Gui'),(182, 'M28208', '2022-07-28 16:32:46', 'Gui'),(183, 'M53569', '2022-07-28 16:32:46', 'Gui'),(184, 'M68107', '2022-07-28 16:32:46', 'Gui'),(185, 'M64510', '2022-07-28 16:32:46', 'Gui'),(186, 'M11051', '2022-07-28 16:32:46', 'Gui'),(187, 'M81253', '2022-07-28 16:32:46', 'Gui'),(188, 'M49521', '2022-07-28 16:32:46', 'Gui'),(189, 'M82307', '2022-07-28 16:32:46', 'Gui'),(190, 'M46863', '2022-07-28 16:32:46', 'Gui'),(191, 'M29698', '2022-07-28 16:32:46', 'Gui'),(192, 'M20824', '2022-07-28 16:32:46', 'Gui'),(193, 'M94776', '2022-07-28 16:32:46', 'Gui'),(194, 'M19849', '2022-07-28 16:32:46', 'Gui'),(195, 'M38008', '2022-07-28 16:32:46', 'Gui'),(196, 'M71973', '2022-07-28 16:32:46', 'Gui'),(197, 'M27345', '2022-07-28 16:32:46', 'Gui'),(198, 'M48130', '2022-07-28 16:32:46', 'Gui'),(199, 'M87515', '2022-07-28 16:32:46', 'Gui'),(200, 'M46233', '2022-07-28 16:32:46', 'Gui'),(201, 'M84280', '2022-07-28 16:32:46', 'Gui'),(202, 'M93581', '2022-07-28 16:32:46', 'Gui'),(203, 'M35240', '2022-07-28 16:32:46', 'Gui'),(204, 'M93770', '2022-07-28 16:32:46', 'Gui'),(205, 'M63885', '2022-07-28 16:32:46', 'Gui'),(206, 'M29983', '2022-07-28 16:32:46', 'Gui'),(207, 'M97288', '2022-07-28 16:32:46', 'Gui'),(208, 'M30830', '2022-07-28 16:32:46', 'Gui'),(209, 'M65194', '2022-07-28 16:32:46', 'Gui'),(210, 'M43852', '2022-07-28 16:32:46', 'Gui'),(211, 'M39843', '2022-07-28 16:32:46', 'Gui'),(212, 'M42900', '2022-07-28 16:32:46', 'Gui'),(213, 'M27819', '2022-07-28 16:32:46', 'Gui'),(214, 'M24720', '2022-07-28 16:32:46', 'Gui'),(215, 'M50034', '2022-07-28 16:32:46', 'Gui'),(216, 'M27241', '2022-07-28 16:32:46', 'Gui'),(217, 'M14623', '2022-07-28 16:32:46', 'Gui'),(218, 'M97333', '2022-07-28 16:32:46', 'Gui'),(219, 'M15250', '2022-07-28 16:32:46', 'Gui'),(220, 'M47924', '2022-07-28 16:32:46', 'Gui'),(221, 'M52576', '2022-07-28 16:32:46', 'Gui'),(222, 'M26451', '2022-07-28 16:32:46', 'Gui'),(223, 'M25694', '2022-07-28 16:32:46', 'Gui'),(224, 'M38839', '2022-07-28 16:32:46', 'Gui'),(225, 'M29046', '2022-07-28 16:32:46', 'Gui'),(226, 'M20837', '2022-07-28 16:32:46', 'Gui'),(227, 'M30024', '2022-07-28 16:32:46', 'Gui'),(228, 'M91984', '2022-07-28 16:32:46', 'Gui'),(229, 'M68652', '2022-07-28 16:32:46', 'Gui'),(230, 'M64093', '2022-07-28 16:32:46', 'Gui'),(231, 'M58639', '2022-07-28 16:32:46', 'Gui'),(232, 'M57887', '2022-07-28 16:32:46', 'Gui'),(233, 'M41474', '2022-07-28 16:32:46', 'Gui'),(234, 'M51498', '2022-07-28 16:32:46', 'Gui'),(235, 'M88557', '2022-07-28 16:32:46', 'Gui'),(236, 'M34466', '2022-07-28 16:32:46', 'Gui'),(237, 'M56040', '2022-07-28 16:32:46', 'Gui'),(238, 'M66972', '2022-07-28 16:32:46', 'Gui'),(239, 'M13849', '2022-07-28 16:32:46', 'Gui'),(240, 'M27710', '2022-07-28 16:32:46', 'Gui'),(241, 'M72709', '2022-07-28 16:32:46', 'Gui'),(242, 'M30248', '2022-07-28 16:32:46', 'Gui'),(243, 'M24124', '2022-07-28 16:32:46', 'Gui'),(244, 'M36549', '2022-07-28 16:32:46', 'Gui'),(245, 'M13460', '2022-07-28 16:32:47', 'Gui'),(246, 'M94919', '2022-07-28 16:32:47', 'Gui'),(247, 'M73391', '2022-07-28 16:32:47', 'Gui'),(248, 'M88405', '2022-07-28 16:32:47', 'Gui'),(249, 'M17257', '2022-07-28 16:32:47', 'Gui'),(250, 'M84081', '2022-07-28 16:32:47', 'Gui'),(251, 'M74291', '2022-07-28 16:32:47', 'Gui'),(252, 'M62127', '2022-07-28 16:32:47', 'Gui'),(253, 'M69411', '2022-07-28 16:32:47', 'Gui'),(254, 'M21620', '2022-07-28 16:32:47', 'Gui'),(255, 'M53731', '2022-07-28 16:32:47', 'Gui'),(256, 'M46830', '2022-07-28 16:32:47', 'Gui'),(257, 'M76099', '2022-07-28 16:32:47', 'Gui'),(258, 'M91642', '2022-07-28 16:32:47', 'Gui'),(259, 'M24095', '2022-07-28 16:32:47', 'Gui'),(260, 'M75637', '2022-07-28 16:32:47', 'Gui'),(261, 'M88609', '2022-07-28 16:32:47', 'Gui'),(262, 'M45449', '2022-07-28 16:32:47', 'Gui'),(263, 'M72796', '2022-07-28 16:32:47', 'Gui'),(264, 'M82348', '2022-07-28 16:32:47', 'Gui'),(265, 'M55408', '2022-07-28 16:32:47', 'Gui'),(266, 'M80564', '2022-07-28 16:32:47', 'Gui'),(267, 'M61086', '2022-07-28 16:32:47', 'Gui'),(268, 'M53311', '2022-07-28 16:32:47', 'Gui'),(269, 'M78876', '2022-07-28 16:32:47', 'Gui'),(270, 'M99767', '2022-07-28 16:32:47', 'Gui'),(271, 'M41148', '2022-07-28 16:32:47', 'Gui'),(272, 'M73457', '2022-07-28 16:32:47', 'Gui'),(273, 'M43214', '2022-07-28 16:32:47', 'Gui'),(274, 'M28848', '2022-07-28 16:32:47', 'Gui'),(275, 'M30949', '2022-07-28 16:32:47', 'Gui'),(276, 'M88419', '2022-07-28 16:32:47', 'Gui'),(277, 'M79182', '2022-07-28 16:32:47', 'Gui'),(278, 'M70625', '2022-07-28 16:32:47', 'Gui'),(279, 'M18195', '2022-07-28 16:32:47', 'Gui'),(280, 'M40622', '2022-07-28 16:32:47', 'Gui'),(281, 'M65311', '2022-07-28 16:32:47', 'Gui'),(282, 'M33000', '2022-07-28 16:32:47', 'Gui'),(283, 'M84781', '2022-07-28 16:32:47', 'Gui'),(284, 'M20086', '2022-07-28 16:32:47', 'Gui'),(285, 'M88981', '2022-07-28 16:32:47', 'Gui'),(286, 'M38737', '2022-07-28 16:32:47', 'Gui'),(287, 'M88619', '2022-07-28 16:32:47', 'Gui'),(288, 'M30581', '2022-07-28 16:32:47', 'Gui'),(289, 'M58118', '2022-07-28 16:32:47', 'Gui'),(290, 'M80126', '2022-07-28 16:32:47', 'Gui'),(291, 'M60608', '2022-07-28 16:32:47', 'Gui'),(292, 'M67723', '2022-07-28 16:32:47', 'Gui'),(293, 'M51143', '2022-07-28 16:32:47', 'Gui'),(294, 'M13039', '2022-07-28 16:32:47', 'Gui'),(295, 'M79345', '2022-07-28 16:32:47', 'Gui'),(296, 'M53765', '2022-07-28 16:32:47', 'Gui'),(297, 'M48965', '2022-07-28 16:32:47', 'Gui'),(298, 'M89734', '2022-07-28 16:32:47', 'Gui'),(299, 'M38074', '2022-07-28 16:32:47', 'Gui'),(300, 'M61319', '2022-07-28 16:32:47', 'Gui'),(301, 'M60131', '2022-07-28 16:32:47', 'Gui'),(302, 'M12595', '2022-07-28 16:32:47', 'Gui'),(303, 'M83972', '2022-07-28 16:32:47', 'Gui'),(304, 'M17174', '2022-07-28 16:32:47', 'Gui'),(305, 'M47787', '2022-07-28 16:32:47', 'Gui'),(306, 'M20762', '2022-07-28 16:32:47', 'Gui'),(307, 'M49607', '2022-07-28 16:32:47', 'Gui'),(308, 'M12057', '2022-07-28 16:32:47', 'Gui'),(309, 'M76246', '2022-07-28 16:32:47', 'Gui'),(310, 'M56881', '2022-07-28 16:32:47', 'Gui'),(311, 'M23746', '2022-07-28 16:32:47', 'Gui'),(312, 'M44825', '2022-07-28 16:32:47', 'Gui'),(313, 'M48294', '2022-07-28 16:32:47', 'Gui'),(314, 'M66365', '2022-07-28 16:32:47', 'Gui'),(315, 'M70595', '2022-07-28 16:32:47', 'Gui'),(316, 'M95152', '2022-07-28 16:32:47', 'Gui'),(317, 'M66701', '2022-07-28 16:32:47', 'Gui'),(318, 'M31467', '2022-07-28 16:32:47', 'Gui'),(319, 'M98431', '2022-07-28 16:32:47', 'Gui'),(320, 'M41130', '2022-07-28 16:32:47', 'Gui'),(321, 'M24644', '2022-07-28 16:32:47', 'Gui'),(322, 'M22526', '2022-07-28 16:32:47', 'Gui'),(323, 'M20080', '2022-07-28 16:32:47', 'Gui'),(324, 'M87219', '2022-07-28 16:32:47', 'Gui'),(325, 'M46571', '2022-07-28 16:32:47', 'Gui'),(326, 'M63331', '2022-07-28 16:32:47', 'Gui'),(327, 'M66711', '2022-07-28 16:32:47', 'Gui'),(328, 'M36829', '2022-07-28 16:32:47', 'Gui'),(329, 'M52517', '2022-07-28 16:32:47', 'Gui'),(330, 'M94677', '2022-07-28 16:32:47', 'Gui'),(331, 'M91524', '2022-07-28 16:32:47', 'Gui'),(332, 'M31804', '2022-07-28 16:32:47', 'Gui'),(333, 'M83409', '2022-07-28 16:32:47', 'Gui'),(334, 'M56832', '2022-07-28 16:32:47', 'Gui'),(335, 'M94003', '2022-07-28 16:32:47', 'Gui'),(336, 'M29370', '2022-07-28 16:32:47', 'Gui'),(337, 'M56721', '2022-07-28 16:32:47', 'Gui'),(338, 'M44701', '2022-07-28 16:32:47', 'Gui'),(339, 'M51345', '2022-07-28 16:32:47', 'Gui'),(340, 'M18438', '2022-07-28 16:32:47', 'Gui'),(341, 'M52829', '2022-07-28 16:32:47', 'Gui'),(342, 'M45747', '2022-07-28 16:32:47', 'Gui'),(343, 'M75845', '2022-07-28 16:32:47', 'Gui'),(344, 'M34449', '2022-07-28 16:32:47', 'Gui'),(345, 'M31642', '2022-07-28 16:32:47', 'Gui'),(346, 'M26816', '2022-07-28 16:32:47', 'Gui'),(347, 'M89113', '2022-07-28 16:32:47', 'Gui'),(348, 'M81145', '2022-07-28 16:32:47', 'Gui'),(349, 'M48110', '2022-07-28 16:32:47', 'Gui'),(350, 'M63012', '2022-07-28 16:32:47', 'Gui'),(351, 'M56509', '2022-07-28 16:32:47', 'Gui'),(352, 'M60071', '2022-07-28 16:32:47', 'Gui'),(353, 'M15126', '2022-07-28 16:32:47', 'Gui'),(354, 'M19222', '2022-07-28 16:32:47', 'Gui'),(355, 'M10532', '2022-07-28 16:32:47', 'Gui'),(356, 'M42449', '2022-07-28 16:32:47', 'Gui'),(357, 'M88578', '2022-07-28 16:32:47', 'Gui'),(358, 'M73496', '2022-07-28 16:32:47', 'Gui'),(359, 'M16415', '2022-07-28 16:32:47', 'Gui'),(360, 'M24644', '2022-07-28 16:32:47', 'Gui'),(361, 'M72952', '2022-07-28 16:32:47', 'Gui'),(362, 'M63921', '2022-07-28 16:32:47', 'Gui'),(363, 'M69412', '2022-07-28 16:32:47', 'Gui'),(364, 'M67427', '2022-07-28 16:32:47', 'Gui'),(365, 'M54108', '2022-07-28 16:32:47', 'Gui'),(366, 'M30882', '2022-07-28 16:32:47', 'Gui'),(367, 'M86912', '2022-07-28 16:32:47', 'Gui'),(368, 'M28816', '2022-07-28 16:32:47', 'Gui'),(369, 'M25470', '2022-07-28 16:32:47', 'Gui'),(370, 'M10600', '2022-07-28 16:32:47', 'Gui'),(371, 'M87134', '2022-07-28 16:32:47', 'Gui'),(372, 'M92625', '2022-07-28 16:32:47', 'Gui'),(373, 'M21479', '2022-07-28 16:32:47', 'Gui'),(374, 'M30593', '2022-07-28 16:32:47', 'Gui'),(375, 'M70485', '2022-07-28 16:32:47', 'Gui'),(376, 'M95335', '2022-07-28 16:32:47', 'Gui'),(377, 'M96779', '2022-07-28 16:32:47', 'Gui'),(378, 'M16881', '2022-07-28 16:32:47', 'Gui'),(379, 'M94905', '2022-07-28 16:32:47', 'Gui'),(380, 'M71923', '2022-07-28 16:32:47', 'Gui'),(381, 'M28742', '2022-07-28 16:32:47', 'Gui'),(382, 'M93509', '2022-07-28 16:32:47', 'Gui'),(383, 'M22953', '2022-07-28 16:32:47', 'Gui'),(384, 'M57088', '2022-07-28 16:32:47', 'Gui'),(385, 'M39111', '2022-07-28 16:32:47', 'Gui'),(386, 'M13055', '2022-07-28 16:32:47', 'Gui'),(387, 'M50068', '2022-07-28 16:32:47', 'Gui'),(388, 'M18535', '2022-07-28 16:32:47', 'Gui'),(389, 'M64215', '2022-07-28 16:32:47', 'Gui'),(390, 'M60995', '2022-07-28 16:32:47', 'Gui'),(391, 'M24909', '2022-07-28 16:32:47', 'Gui'),(392, 'M45185', '2022-07-28 16:32:47', 'Gui'),(393, 'M28274', '2022-07-28 16:32:47', 'Gui'),(394, 'M18920', '2022-07-28 16:32:47', 'Gui'),(395, 'M26119', '2022-07-28 16:32:47', 'Gui'),(396, 'M81698', '2022-07-28 16:32:47', 'Gui'),(397, 'M30413', '2022-07-28 16:32:47', 'Gui'),(398, 'M34189', '2022-07-28 16:32:47', 'Gui'),(399, 'M80087', '2022-07-28 16:32:47', 'Gui'),(400, 'M47690', '2022-07-28 16:32:47', 'Gui'),(401, 'M71373', '2022-07-28 16:32:47', 'Gui'),(402, 'M61678', '2022-07-28 16:32:47', 'Gui'),(403, 'M18327', '2022-07-28 16:32:47', 'Gui'),(404, 'M28104', '2022-07-28 16:32:47', 'Gui'),(405, 'M45772', '2022-07-28 16:32:47', 'Gui'),(406, 'M38898', '2022-07-28 16:32:47', 'Gui'),(407, 'M20500', '2022-07-28 16:32:47', 'Gui'),(408, 'M77959', '2022-07-28 16:32:47', 'Gui'),(409, 'M73054', '2022-07-28 16:32:47', 'Gui'),(410, 'M26446', '2022-07-28 16:32:47', 'Gui'),(411, 'M86778', '2022-07-28 16:32:47', 'Gui'),(412, 'M39342', '2022-07-28 16:32:47', 'Gui'),(413, 'M77804', '2022-07-28 16:32:47', 'Gui'),(414, 'M49853', '2022-07-28 16:32:47', 'Gui'),(415, 'M63006', '2022-07-28 16:32:47', 'Gui'),(416, 'M98731', '2022-07-28 16:32:47', 'Gui'),(417, 'M50105', '2022-07-28 16:32:47', 'Gui'),(418, 'M42971', '2022-07-28 16:32:47', 'Gui'),(419, 'M90036', '2022-07-28 16:32:47', 'Gui'),(420, 'M15433', '2022-07-28 16:32:47', 'Gui'),(421, 'M24635', '2022-07-28 16:32:47', 'Gui'),(422, 'M71326', '2022-07-28 16:32:47', 'Gui'),(423, 'M49893', '2022-07-28 16:32:47', 'Gui'),(424, 'M96776', '2022-07-28 16:32:47', 'Gui'),(425, 'M65808', '2022-07-28 16:32:47', 'Gui'),(426, 'M74846', '2022-07-28 16:32:47', 'Gui'),(427, 'M77416', '2022-07-28 16:32:47', 'Gui'),(428, 'M99938', '2022-07-28 16:32:47', 'Gui'),(429, 'M73030', '2022-07-28 16:32:47', 'Gui'),(430, 'M81415', '2022-07-28 16:32:47', 'Gui'),(431, 'M82704', '2022-07-28 16:32:47', 'Gui'),(432, 'M20361', '2022-07-28 16:32:47', 'Gui'),(433, 'M49074', '2022-07-28 16:32:47', 'Gui'),(434, 'M78811', '2022-07-28 16:32:47', 'Gui'),(435, 'M66941', '2022-07-28 16:32:47', 'Gui'),(436, 'M82890', '2022-07-28 16:32:47', 'Gui'),(437, 'M47427', '2022-07-28 16:32:47', 'Gui'),(438, 'M98480', '2022-07-28 16:32:47', 'Gui'),(439, 'M54336', '2022-07-28 16:32:47', 'Gui'),(440, 'M77905', '2022-07-28 16:32:47', 'Gui'),(441, 'M22362', '2022-07-28 16:32:47', 'Gui'),(442, 'M84515', '2022-07-28 16:32:47', 'Gui'),(443, 'M18565', '2022-07-28 16:32:47', 'Gui'),(444, 'M44342', '2022-07-28 16:32:47', 'Gui'),(445, 'M36279', '2022-07-28 16:32:47', 'Gui'),(446, 'M24003', '2022-07-28 16:32:47', 'Gui'),(447, 'M65985', '2022-07-28 16:32:47', 'Gui'),(448, 'M41958', '2022-07-28 16:32:47', 'Gui'),(449, 'M68762', '2022-07-28 16:32:47', 'Gui'),(450, 'M89093', '2022-07-28 16:32:47', 'Gui'),(451, 'M76092', '2022-07-28 16:32:47', 'Gui'),(452, 'M11247', '2022-07-28 16:32:47', 'Gui'),(453, 'M65592', '2022-07-28 16:32:47', 'Gui'),(454, 'M55404', '2022-07-28 16:32:47', 'Gui'),(455, 'M87812', '2022-07-28 16:32:47', 'Gui'),(456, 'M11637', '2022-07-28 16:32:47', 'Gui'),(457, 'M78125', '2022-07-28 16:32:47', 'Gui'),(458, 'M47573', '2022-07-28 16:32:47', 'Gui'),(459, 'M15536', '2022-07-28 16:32:47', 'Gui'),(460, 'M30216', '2022-07-28 16:32:47', 'Gui'),(461, 'M29406', '2022-07-28 16:32:47', 'Gui'),(462, 'M73627', '2022-07-28 16:32:47', 'Gui'),(463, 'M85509', '2022-07-28 16:32:47', 'Gui'),(464, 'M38942', '2022-07-28 16:32:47', 'Gui'),(465, 'M61050', '2022-07-28 16:32:47', 'Gui'),(466, 'M43656', '2022-07-28 16:32:47', 'Gui'),(467, 'M42276', '2022-07-28 16:32:48', 'Gui'),(468, 'M98580', '2022-07-28 16:32:48', 'Gui'),(469, 'M62681', '2022-07-28 16:32:48', 'Gui'),(470, 'M80587', '2022-07-28 16:32:48', 'Gui'),(471, 'M74782', '2022-07-28 16:32:48', 'Gui'),(472, 'M49159', '2022-07-28 16:32:48', 'Gui'),(473, 'M62990', '2022-07-28 16:32:48', 'Gui'),(474, 'M63368', '2022-07-28 16:32:48', 'Gui'),(475, 'M43178', '2022-07-28 16:32:48', 'Gui'),(476, 'M59979', '2022-07-28 16:32:48', 'Gui'),(477, 'M15401', '2022-07-28 16:32:48', 'Gui'),(478, 'M36694', '2022-07-28 16:32:48', 'Gui'),(479, 'M37480', '2022-07-28 16:32:48', 'Gui'),(480, 'M64454', '2022-07-28 16:32:48', 'Gui'),(481, 'M34162', '2022-07-28 16:32:48', 'Gui'),(482, 'M28750', '2022-07-28 16:32:48', 'Gui'),(483, 'M18337', '2022-07-28 16:32:48', 'Gui'),(484, 'M80780', '2022-07-28 16:32:48', 'Gui'),(485, 'M54104', '2022-07-28 16:32:48', 'Gui'),(486, 'M87323', '2022-07-28 16:32:48', 'Gui'),(487, 'M64572', '2022-07-28 16:32:48', 'Gui'),(488, 'M28308', '2022-07-28 16:32:48', 'Gui'),(489, 'M84740', '2022-07-28 16:32:48', 'Gui'),(490, 'M96911', '2022-07-28 16:32:48', 'Gui'),(491, 'M65263', '2022-07-28 16:32:48', 'Gui'),(492, 'M64312', '2022-07-28 16:32:48', 'Gui'),(493, 'M24913', '2022-07-28 16:32:48', 'Gui'),(494, 'M15257', '2022-07-28 16:32:48', 'Gui'),(495, 'M97440', '2022-07-28 16:32:48', 'Gui'),(496, 'M95536', '2022-07-28 16:32:48', 'Gui'),(497, 'M31558', '2022-07-28 16:32:48', 'Gui'),(498, 'M83752', '2022-07-28 16:32:48', 'Gui'),(499, 'M37131', '2022-07-28 16:32:48', 'Gui'),(500, 'M45978', '2022-07-28 16:32:48', 'Gui'),(501, 'M55996', '2022-07-28 16:32:48', 'Gui'),(502, 'M68348', '2022-07-28 16:32:48', 'Gui'),(503, 'M49876', '2022-07-28 16:32:48', 'Gui'),(504, 'M77429', '2022-07-28 16:32:48', 'Gui'),(505, 'M85966', '2022-07-28 16:32:48', 'Gui'),(506, 'M85431', '2022-07-28 16:32:48', 'Gui'),(507, 'M17838', '2022-07-28 16:32:48', 'Gui'),(508, 'M39789', '2022-07-28 16:32:48', 'Gui'),(509, 'M44934', '2022-07-28 16:32:48', 'Gui'),(510, 'M41260', '2022-07-28 16:32:48', 'Gui'),(511, 'M55312', '2022-07-28 16:32:48', 'Gui'),(512, 'M53474', '2022-07-28 16:32:48', 'Gui'),(513, 'M82899', '2022-07-28 16:32:48', 'Gui'),(514, 'M41208', '2022-07-28 16:32:48', 'Gui'),(515, 'M13147', '2022-07-28 16:32:48', 'Gui'),(516, 'M14073', '2022-07-28 16:32:48', 'Gui'),(517, 'M76070', '2022-07-28 16:32:48', 'Gui'),(518, 'M39629', '2022-07-28 16:32:48', 'Gui'),(519, 'M78035', '2022-07-28 16:32:48', 'Gui'),(520, 'M11719', '2022-07-28 16:32:48', 'Gui'),(521, 'M81375', '2022-07-28 16:32:48', 'Gui'),(522, 'M60555', '2022-07-28 16:32:48', 'Gui'),(523, 'M58292', '2022-07-28 16:32:48', 'Gui'),(524, 'M12949', '2022-07-28 16:32:48', 'Gui'),(525, 'M55656', '2022-07-28 16:32:48', 'Gui'),(526, 'M73063', '2022-07-28 16:32:48', 'Gui'),(527, 'M88842', '2022-07-28 16:32:48', 'Gui'),(528, 'M96104', '2022-07-28 16:32:48', 'Gui'),(529, 'M49071', '2022-07-28 16:32:48', 'Gui'),(530, 'M39819', '2022-07-28 16:32:48', 'Gui'),(531, 'M34273', '2022-07-28 16:32:48', 'Gui'),(532, 'M28591', '2022-07-28 16:32:48', 'Gui'),(533, 'M25633', '2022-07-28 16:32:48', 'Gui'),(534, 'M20739', '2022-07-28 16:32:48', 'Gui'),(535, 'M58704', '2022-07-28 16:32:48', 'Gui'),(536, 'M89212', '2022-07-28 16:32:48', 'Gui'),(537, 'M98092', '2022-07-28 16:32:48', 'Gui'),(538, 'M31246', '2022-07-28 16:32:48', 'Gui'),(539, 'M56874', '2022-07-28 16:32:48', 'Gui'),(540, 'M34496', '2022-07-28 16:32:48', 'Gui'),(541, 'M46145', '2022-07-28 16:32:48', 'Gui'),(542, 'M15198', '2022-07-28 16:32:48', 'Gui'),(543, 'M91455', '2022-07-28 16:32:48', 'Gui'),(544, 'M49527', '2022-07-28 16:32:48', 'Gui'),(545, 'M61145', '2022-07-28 16:32:48', 'Gui'),(546, 'M18820', '2022-07-28 16:32:48', 'Gui'),(547, 'M82361', '2022-07-28 16:32:48', 'Gui'),(548, 'M69807', '2022-07-28 16:32:48', 'Gui'),(549, 'M10793', '2022-07-28 16:32:48', 'Gui'),(550, 'M93448', '2022-07-28 16:32:48', 'Gui'),(551, 'M33848', '2022-07-28 16:32:48', 'Gui'),(552, 'M51991', '2022-07-28 16:32:48', 'Gui'),(553, 'M11075', '2022-07-28 16:32:48', 'Gui'),(554, 'M90503', '2022-07-28 16:32:48', 'Gui'),(555, 'M57661', '2022-07-28 16:32:48', 'Gui'),(556, 'M57079', '2022-07-28 16:32:48', 'Gui'),(557, 'M23782', '2022-07-28 16:32:48', 'Gui'),(558, 'M19158', '2022-07-28 16:32:48', 'Gui'),(559, 'M61329', '2022-07-28 16:32:48', 'Gui'),(560, 'M19760', '2022-07-28 16:32:48', 'Gui'),(561, 'M85402', '2022-07-28 16:32:48', 'Gui'),(562, 'M56137', '2022-07-28 16:32:48', 'Gui'),(563, 'M42663', '2022-07-28 16:32:48', 'Gui'),(564, 'M57431', '2022-07-28 16:32:48', 'Gui'),(565, 'M29779', '2022-07-28 16:32:48', 'Gui'),(566, 'M93309', '2022-07-28 16:32:48', 'Gui'),(567, 'M17292', '2022-07-28 16:32:48', 'Gui'),(568, 'M76988', '2022-07-28 16:32:48', 'Gui'),(569, 'M39338', '2022-07-28 16:32:48', 'Gui'),(570, 'M10824', '2022-07-28 16:32:48', 'Gui'),(571, 'M44567', '2022-07-28 16:32:48', 'Gui'),(572, 'M70887', '2022-07-28 16:32:48', 'Gui'),(573, 'M74667', '2022-07-28 16:32:48', 'Gui'),(574, 'M65192', '2022-07-28 16:32:48', 'Gui'),(575, 'M94077', '2022-07-28 16:32:48', 'Gui'),(576, 'M32119', '2022-07-28 16:32:48', 'Gui'),(577, 'M12574', '2022-07-28 16:32:48', 'Gui'),(578, 'M77303', '2022-07-28 16:32:48', 'Gui'),(579, 'M39806', '2022-07-28 16:32:48', 'Gui'),(580, 'M28416', '2022-07-28 16:32:48', 'Gui'),(581, 'M90517', '2022-07-28 16:32:48', 'Gui'),(582, 'M66417', '2022-07-28 16:32:48', 'Gui'),(583, 'M27681', '2022-07-28 16:32:48', 'Gui'),(584, 'M65524', '2022-07-28 16:32:48', 'Gui'),(585, 'M18299', '2022-07-28 16:32:48', 'Gui'),(586, 'M60486', '2022-07-28 16:32:48', 'Gui'),(587, 'M58040', '2022-07-28 16:32:48', 'Gui'),(588, 'M50431', '2022-07-28 16:32:48', 'Gui'),(589, 'M14731', '2022-07-28 16:32:48', 'Gui'),(590, 'M60516', '2022-07-28 16:32:48', 'Gui'),(591, 'M75640', '2022-07-28 16:32:48', 'Gui'),(592, 'M41228', '2022-07-28 16:32:48', 'Gui'),(593, 'M66953', '2022-07-28 16:32:48', 'Gui'),(594, 'M64751', '2022-07-28 16:32:48', 'Gui'),(595, 'M51075', '2022-07-28 16:32:48', 'Gui'),(596, 'M94514', '2022-07-28 16:32:48', 'Gui'),(597, 'M86470', '2022-07-28 16:32:48', 'Gui'),(598, 'M90901', '2022-07-28 16:32:48', 'Gui'),(599, 'M67708', '2022-07-28 16:32:48', 'Gui'),(600, 'M15182', '2022-07-28 16:32:48', 'Gui'),(601, 'M66218', '2022-07-28 16:32:48', 'Gui'),(602, 'M23559', '2022-07-28 16:32:48', 'Gui'),(603, 'M40894', '2022-07-28 16:32:48', 'Gui'),(604, 'M21207', '2022-07-28 16:32:48', 'Gui'),(605, 'M38754', '2022-07-28 16:32:48', 'Gui'),(606, 'M66746', '2022-07-28 16:32:48', 'Gui'),(607, 'M11507', '2022-07-28 16:32:48', 'Gui'),(608, 'M52457', '2022-07-28 16:32:48', 'Gui'),(609, 'M54233', '2022-07-28 16:32:48', 'Gui'),(610, 'M53818', '2022-07-28 16:32:48', 'Gui'),(611, 'M42193', '2022-07-28 16:32:48', 'Gui'),(612, 'M17324', '2022-07-28 16:32:48', 'Gui'),(613, 'M60612', '2022-07-28 16:32:48', 'Gui'),(614, 'M13025', '2022-07-28 16:32:48', 'Gui'),(615, 'M60557', '2022-07-28 16:32:48', 'Gui'),(616, 'M68297', '2022-07-28 16:32:48', 'Gui'),(617, 'M42956', '2022-07-28 16:32:48', 'Gui'),(618, 'M95629', '2022-07-28 16:32:48', 'Gui'),(619, 'M93144', '2022-07-28 16:32:48', 'Gui'),(620, 'M89172', '2022-07-28 16:32:48', 'Gui'),(621, 'M22189', '2022-07-28 16:32:48', 'Gui'),(622, 'M66047', '2022-07-28 16:32:48', 'Gui'),(623, 'M49526', '2022-07-28 16:32:48', 'Gui'),(624, 'M69786', '2022-07-28 16:32:48', 'Gui'),(625, 'M63464', '2022-07-28 16:32:48', 'Gui'),(626, 'M94064', '2022-07-28 16:32:48', 'Gui'),(627, 'M99587', '2022-07-28 16:32:48', 'Gui'),(628, 'M94267', '2022-07-28 16:32:48', 'Gui'),(629, 'M71534', '2022-07-28 16:32:48', 'Gui'),(630, 'M95107', '2022-07-28 16:32:48', 'Gui'),(631, 'M80675', '2022-07-28 16:32:48', 'Gui'),(632, 'M14002', '2022-07-28 16:32:48', 'Gui'),(633, 'M43496', '2022-07-28 16:32:48', 'Gui'),(634, 'M51163', '2022-07-28 16:32:48', 'Gui'),(635, 'M18371', '2022-07-28 16:32:48', 'Gui'),(636, 'M59380', '2022-07-28 16:32:48', 'Gui'),(637, 'M50370', '2022-07-28 16:32:48', 'Gui'),(638, 'M65004', '2022-07-28 16:32:48', 'Gui'),(639, 'M36822', '2022-07-28 16:32:48', 'Gui'),(640, 'M43512', '2022-07-28 16:32:48', 'Gui'),(641, 'M91139', '2022-07-28 16:32:48', 'Gui'),(642, 'M30400', '2022-07-28 16:32:48', 'Gui'),(643, 'M61998', '2022-07-28 16:32:48', 'Gui'),(644, 'M21866', '2022-07-28 16:32:48', 'Gui'),(645, 'M92499', '2022-07-28 16:32:48', 'Gui'),(646, 'M12408', '2022-07-28 16:32:48', 'Gui'),(647, 'M52464', '2022-07-28 16:32:48', 'Gui'),(648, 'M59994', '2022-07-28 16:32:48', 'Gui'),(649, 'M39814', '2022-07-28 16:32:48', 'Gui'),(650, 'M58651', '2022-07-28 16:32:48', 'Gui'),(651, 'M18652', '2022-07-28 16:32:48', 'Gui'),(652, 'M14936', '2022-07-28 16:32:48', 'Gui'),(653, 'M10163', '2022-07-28 16:32:48', 'Gui'),(654, 'M43308', '2022-07-28 16:32:48', 'Gui'),(655, 'M44711', '2022-07-28 16:32:48', 'Gui'),(656, 'M71683', '2022-07-28 16:32:48', 'Gui'),(657, 'M32705', '2022-07-28 16:32:48', 'Gui'),(658, 'M25452', '2022-07-28 16:32:48', 'Gui'),(659, 'M51293', '2022-07-28 16:32:48', 'Gui'),(660, 'M60615', '2022-07-28 16:32:48', 'Gui'),(661, 'M89116', '2022-07-28 16:32:48', 'Gui'),(662, 'M23410', '2022-07-28 16:32:48', 'Gui'),(663, 'M25922', '2022-07-28 16:32:48', 'Gui'),(664, 'M18333', '2022-07-28 16:32:48', 'Gui'),(665, 'M87284', '2022-07-28 16:32:48', 'Gui'),(666, 'M65114', '2022-07-28 16:32:48', 'Gui'),(667, 'M54818', '2022-07-28 16:32:48', 'Gui'),(668, 'M32490', '2022-07-28 16:32:48', 'Gui'),(669, 'M90847', '2022-07-28 16:32:48', 'Gui'),(670, 'M46612', '2022-07-28 16:32:48', 'Gui'),(671, 'M47461', '2022-07-28 16:32:48', 'Gui'),(672, 'M79079', '2022-07-28 16:32:48', 'Gui'),(673, 'M60899', '2022-07-28 16:32:48', 'Gui'),(674, 'M70517', '2022-07-28 16:32:48', 'Gui'),(675, 'M53312', '2022-07-28 16:32:48', 'Gui'),(676, 'M10673', '2022-07-28 16:32:48', 'Gui'),(677, 'M94275', '2022-07-28 16:32:48', 'Gui'),(678, 'M91348', '2022-07-28 16:32:48', 'Gui'),(679, 'M68045', '2022-07-28 16:32:48', 'Gui'),(680, 'M86613', '2022-07-28 16:32:48', 'Gui'),(681, 'M14122', '2022-07-28 16:32:48', 'Gui'),(682, 'M70542', '2022-07-28 16:32:48', 'Gui'),(683, 'M58983', '2022-07-28 16:32:48', 'Gui'),(684, 'M78588', '2022-07-28 16:32:48', 'Gui'),(685, 'M24619', '2022-07-28 16:32:48', 'Gui'),(686, 'M43937', '2022-07-28 16:32:48', 'Gui'),(687, 'M63573', '2022-07-28 16:32:48', 'Gui'),(688, 'M35559', '2022-07-28 16:32:48', 'Gui'),(689, 'M24555', '2022-07-28 16:32:48', 'Gui'),(690, 'M85596', '2022-07-28 16:32:48', 'Gui'),(691, 'M19113', '2022-07-28 16:32:48', 'Gui'),(692, 'M93161', '2022-07-28 16:32:48', 'Gui'),(693, 'M91104', '2022-07-28 16:32:48', 'Gui'),(694, 'M78284', '2022-07-28 16:32:48', 'Gui'),(695, 'M51601', '2022-07-28 16:32:48', 'Gui'),(696, 'M94124', '2022-07-28 16:32:48', 'Gui'),(697, 'M65936', '2022-07-28 16:32:48', 'Gui'),(698, 'M44606', '2022-07-28 16:32:48', 'Gui'),(699, 'M18627', '2022-07-28 16:32:48', 'Gui'),(700, 'M63017', '2022-07-28 16:32:48', 'Gui'),(701, 'M77164', '2022-07-28 16:32:48', 'Gui'),(702, 'M61657', '2022-07-28 16:32:48', 'Gui'),(703, 'M64398', '2022-07-28 16:32:48', 'Gui'),(704, 'M19354', '2022-07-28 16:32:48', 'Gui'),(705, 'M46753', '2022-07-28 16:32:48', 'Gui'),(706, 'M47420', '2022-07-28 16:32:48', 'Gui'),(707, 'M65551', '2022-07-28 16:32:48', 'Gui'),(708, 'M93927', '2022-07-28 16:32:48', 'Gui'),(709, 'M60579', '2022-07-28 16:32:48', 'Gui'),(710, 'M20485', '2022-07-28 16:32:48', 'Gui'),(711, 'M48694', '2022-07-28 16:32:49', 'Gui'),(712, 'M48229', '2022-07-28 16:32:49', 'Gui'),(713, 'M79594', '2022-07-28 16:32:49', 'Gui'),(714, 'M65857', '2022-07-28 16:32:49', 'Gui'),(715, 'M32012', '2022-07-28 16:32:49', 'Gui'),(716, 'M91543', '2022-07-28 16:32:49', 'Gui'),(717, 'M41823', '2022-07-28 16:32:49', 'Gui'),(718, 'M35883', '2022-07-28 16:32:49', 'Gui'),(719, 'M32747', '2022-07-28 16:32:49', 'Gui'),(720, 'M17478', '2022-07-28 16:32:49', 'Gui'),(721, 'M70440', '2022-07-28 16:32:49', 'Gui'),(722, 'M72432', '2022-07-28 16:32:49', 'Gui'),(723, 'M58116', '2022-07-28 16:32:49', 'Gui'),(724, 'M91752', '2022-07-28 16:32:49', 'Gui'),(725, 'M30325', '2022-07-28 16:32:49', 'Gui'),(726, 'M49092', '2022-07-28 16:32:49', 'Gui'),(727, 'M80033', '2022-07-28 16:32:49', 'Gui'),(728, 'M85847', '2022-07-28 16:32:49', 'Gui'),(729, 'M86217', '2022-07-28 16:32:49', 'Gui'),(730, 'M15972', '2022-07-28 16:32:49', 'Gui'),(731, 'M77857', '2022-07-28 16:32:49', 'Gui'),(732, 'M83299', '2022-07-28 16:32:49', 'Gui'),(733, 'M39416', '2022-07-28 16:32:49', 'Gui'),(734, 'M63718', '2022-07-28 16:32:49', 'Gui'),(735, 'M79500', '2022-07-28 16:32:49', 'Gui'),(736, 'M53929', '2022-07-28 16:32:49', 'Gui'),(737, 'M60995', '2022-07-28 16:32:49', 'Gui'),(738, 'M10468', '2022-07-28 16:32:49', 'Gui'),(739, 'M65655', '2022-07-28 16:32:49', 'Gui'),(740, 'M22862', '2022-07-28 16:32:49', 'Gui'),(741, 'M74396', '2022-07-28 16:32:49', 'Gui'),(742, 'M91004', '2022-07-28 16:32:49', 'Gui'),(743, 'M99818', '2022-07-28 16:32:49', 'Gui'),(744, 'M77805', '2022-07-28 16:32:49', 'Gui'),(745, 'M97579', '2022-07-28 16:32:49', 'Gui'),(746, 'M80739', '2022-07-28 16:32:49', 'Gui'),(747, 'M36880', '2022-07-28 16:32:49', 'Gui'),(748, 'M45614', '2022-07-28 16:32:49', 'Gui'),(749, 'M66687', '2022-07-28 16:32:49', 'Gui'),(750, 'M91409', '2022-07-28 16:32:49', 'Gui'),(751, 'M26620', '2022-07-28 16:32:49', 'Gui'),(752, 'M92660', '2022-07-28 16:32:49', 'Gui'),(753, 'M32557', '2022-07-28 16:32:49', 'Gui'),(754, 'M86527', '2022-07-28 16:32:49', 'Gui'),(755, 'M24396', '2022-07-28 16:32:49', 'Gui'),(756, 'M66632', '2022-07-28 16:32:49', 'Gui'),(757, 'M30668', '2022-07-28 16:32:49', 'Gui'),(758, 'M96420', '2022-07-28 16:32:49', 'Gui'),(759, 'M68010', '2022-07-28 16:32:49', 'Gui'),(760, 'M74307', '2022-07-28 16:32:49', 'Gui'),(761, 'M63440', '2022-07-28 16:32:49', 'Gui'),(762, 'M21594', '2022-07-28 16:32:49', 'Gui'),(763, 'M86479', '2022-07-28 16:32:49', 'Gui'),(764, 'M54952', '2022-07-28 16:32:49', 'Gui'),(765, 'M69617', '2022-07-28 16:32:49', 'Gui'),(766, 'M59688', '2022-07-28 16:32:49', 'Gui'),(767, 'M36495', '2022-07-28 16:32:49', 'Gui'),(768, 'M47777', '2022-07-28 16:32:49', 'Gui'),(769, 'M22387', '2022-07-28 16:32:49', 'Gui'),(770, 'M19015', '2022-07-28 16:32:49', 'Gui'),(771, 'M89211', '2022-07-28 16:32:49', 'Gui'),(772, 'M72409', '2022-07-28 16:32:49', 'Gui'),(773, 'M14635', '2022-07-28 16:32:49', 'Gui'),(774, 'M29792', '2022-07-28 16:32:49', 'Gui'),(775, 'M80261', '2022-07-28 16:32:49', 'Gui'),(776, 'M38516', '2022-07-28 16:32:49', 'Gui'),(777, 'M16507', '2022-07-28 16:32:49', 'Gui'),(778, 'M74368', '2022-07-28 16:32:49', 'Gui'),(779, 'M22650', '2022-07-28 16:32:49', 'Gui'),(780, 'M78563', '2022-07-28 16:32:49', 'Gui'),(781, 'M28162', '2022-07-28 16:32:49', 'Gui'),(782, 'M54097', '2022-07-28 16:32:49', 'Gui'),(783, 'M63843', '2022-07-28 16:32:49', 'Gui'),(784, 'M72616', '2022-07-28 16:32:49', 'Gui'),(785, 'M95512', '2022-07-28 16:32:49', 'Gui'),(786, 'M51972', '2022-07-28 16:32:49', 'Gui'),(787, 'M56972', '2022-07-28 16:32:49', 'Gui'),(788, 'M26130', '2022-07-28 16:32:49', 'Gui'),(789, 'M74346', '2022-07-28 16:32:49', 'Gui'),(790, 'M32374', '2022-07-28 16:32:49', 'Gui'),(791, 'M75710', '2022-07-28 16:32:49', 'Gui'),(792, 'M84544', '2022-07-28 16:32:49', 'Gui'),(793, 'M49025', '2022-07-28 16:32:49', 'Gui'),(794, 'M75566', '2022-07-28 16:32:49', 'Gui'),(795, 'M33224', '2022-07-28 16:32:49', 'Gui'),(796, 'M39787', '2022-07-28 16:32:49', 'Gui'),(797, 'M66917', '2022-07-28 16:32:49', 'Gui'),(798, 'M92298', '2022-07-28 16:32:49', 'Gui'),(799, 'M33425', '2022-07-28 16:32:49', 'Gui'),(800, 'M68234', '2022-07-28 16:32:49', 'Gui'),(801, 'M82883', '2022-07-28 16:32:49', 'Gui'),(802, 'M92404', '2022-07-28 16:32:49', 'Gui'),(803, 'M50555', '2022-07-28 16:32:49', 'Gui'),(804, 'M36572', '2022-07-28 16:32:49', 'Gui'),(805, 'M24574', '2022-07-28 16:32:49', 'Gui'),(806, 'M69250', '2022-07-28 16:32:49', 'Gui'),(807, 'M55886', '2022-07-28 16:32:49', 'Gui'),(808, 'M39938', '2022-07-28 16:32:49', 'Gui'),(809, 'M89777', '2022-07-28 16:32:49', 'Gui'),(810, 'M70988', '2022-07-28 16:32:49', 'Gui'),(811, 'M54701', '2022-07-28 16:32:49', 'Gui'),(812, 'M52817', '2022-07-28 16:32:49', 'Gui'),(813, 'M73474', '2022-07-28 16:32:49', 'Gui'),(814, 'M97028', '2022-07-28 16:32:49', 'Gui'),(815, 'M98684', '2022-07-28 16:32:49', 'Gui'),(816, 'M79964', '2022-07-28 16:32:49', 'Gui'),(817, 'M77725', '2022-07-28 16:32:49', 'Gui'),(818, 'M84135', '2022-07-28 16:32:49', 'Gui'),(819, 'M39830', '2022-07-28 16:32:49', 'Gui'),(820, 'M77293', '2022-07-28 16:32:49', 'Gui'),(821, 'M25796', '2022-07-28 16:32:49', 'Gui'),(822, 'M15860', '2022-07-28 16:32:49', 'Gui'),(823, 'M51057', '2022-07-28 16:32:49', 'Gui'),(824, 'M44562', '2022-07-28 16:32:49', 'Gui'),(825, 'M98924', '2022-07-28 16:32:49', 'Gui'),(826, 'M47826', '2022-07-28 16:32:49', 'Gui'),(827, 'M38073', '2022-07-28 16:32:49', 'Gui'),(828, 'M36559', '2022-07-28 16:32:49', 'Gui'),(829, 'M35741', '2022-07-28 16:32:49', 'Gui'),(830, 'M72175', '2022-07-28 16:32:49', 'Gui'),(831, 'M32152', '2022-07-28 16:32:49', 'Gui'),(832, 'M40338', '2022-07-28 16:32:49', 'Gui'),(833, 'M74455', '2022-07-28 16:32:49', 'Gui'),(834, 'M62903', '2022-07-28 16:32:49', 'Gui'),(835, 'M67082', '2022-07-28 16:32:49', 'Gui'),(836, 'M25192', '2022-07-28 16:32:49', 'Gui'),(837, 'M39095', '2022-07-28 16:32:49', 'Gui'),(838, 'M19043', '2022-07-28 16:32:49', 'Gui'),(839, 'M36122', '2022-07-28 16:32:49', 'Gui'),(840, 'M79316', '2022-07-28 16:32:49', 'Gui'),(841, 'M30633', '2022-07-28 16:32:49', 'Gui'),(842, 'M22335', '2022-07-28 16:32:49', 'Gui'),(843, 'M78503', '2022-07-28 16:32:49', 'Gui'),(844, 'M81769', '2022-07-28 16:32:49', 'Gui'),(845, 'M48125', '2022-07-28 16:32:49', 'Gui'),(846, 'M35799', '2022-07-28 16:32:49', 'Gui'),(847, 'M69217', '2022-07-28 16:32:49', 'Gui'),(848, 'M76035', '2022-07-28 16:32:49', 'Gui'),(849, 'M88487', '2022-07-28 16:32:49', 'Gui'),(850, 'M71520', '2022-07-28 16:32:49', 'Gui'),(851, 'M11457', '2022-07-28 16:32:49', 'Gui'),(852, 'M20538', '2022-07-28 16:32:49', 'Gui'),(853, 'M31415', '2022-07-28 16:32:49', 'Gui'),(854, 'M71474', '2022-07-28 16:32:49', 'Gui'),(855, 'M97309', '2022-07-28 16:32:49', 'Gui'),(856, 'M81327', '2022-07-28 16:32:49', 'Gui'),(857, 'M91680', '2022-07-28 16:32:49', 'Gui'),(858, 'M90132', '2022-07-28 16:32:49', 'Gui'),(859, 'M68924', '2022-07-28 16:32:49', 'Gui'),(860, 'M86841', '2022-07-28 16:32:49', 'Gui'),(861, 'M19828', '2022-07-28 16:32:49', 'Gui'),(862, 'M94325', '2022-07-28 16:32:49', 'Gui'),(863, 'M70605', '2022-07-28 16:32:49', 'Gui'),(864, 'M86334', '2022-07-28 16:32:49', 'Gui'),(865, 'M62247', '2022-07-28 16:32:49', 'Gui'),(866, 'M62136', '2022-07-28 16:32:49', 'Gui'),(867, 'M28527', '2022-07-28 16:32:49', 'Gui'),(868, 'M52677', '2022-07-28 16:32:49', 'Gui'),(869, 'M47807', '2022-07-28 16:32:49', 'Gui'),(870, 'M71954', '2022-07-28 16:32:49', 'Gui'),(871, 'M62796', '2022-07-28 16:32:49', 'Gui'),(872, 'M42522', '2022-07-28 16:32:49', 'Gui'),(873, 'M99070', '2022-07-28 16:32:49', 'Gui'),(874, 'M73442', '2022-07-28 16:32:49', 'Gui'),(875, 'M15799', '2022-07-28 16:32:49', 'Gui'),(876, 'M64751', '2022-07-28 16:32:49', 'Gui'),(877, 'M81114', '2022-07-28 16:32:49', 'Gui'),(878, 'M96543', '2022-07-28 16:32:49', 'Gui'),(879, 'M43529', '2022-07-28 16:32:49', 'Gui'),(880, 'M45376', '2022-07-28 16:32:49', 'Gui'),(881, 'M91670', '2022-07-28 16:32:49', 'Gui'),(882, 'M83477', '2022-07-28 16:32:49', 'Gui'),(883, 'M16000', '2022-07-28 16:32:49', 'Gui'),(884, 'M82525', '2022-07-28 16:32:49', 'Gui'),(885, 'M49494', '2022-07-28 16:32:49', 'Gui'),(886, 'M29247', '2022-07-28 16:32:49', 'Gui'),(887, 'M93073', '2022-07-28 16:32:49', 'Gui'),(888, 'M81004', '2022-07-28 16:32:49', 'Gui'),(889, 'M96922', '2022-07-28 16:32:49', 'Gui'),(890, 'M56426', '2022-07-28 16:32:49', 'Gui'),(891, 'M20825', '2022-07-28 16:32:49', 'Gui'),(892, 'M57339', '2022-07-28 16:32:49', 'Gui'),(893, 'M67213', '2022-07-28 16:32:49', 'Gui'),(894, 'M67745', '2022-07-28 16:32:49', 'Gui'),(895, 'M24770', '2022-07-28 16:32:49', 'Gui'),(896, 'M66891', '2022-07-28 16:32:49', 'Gui'),(897, 'M10812', '2022-07-28 16:32:49', 'Gui'),(898, 'M76252', '2022-07-28 16:32:49', 'Gui'),(899, 'M64971', '2022-07-28 16:32:49', 'Gui'),(900, 'M78880', '2022-07-28 16:32:49', 'Gui'),(901, 'M62058', '2022-07-28 16:32:49', 'Gui'),(902, 'M36684', '2022-07-28 16:32:49', 'Gui'),(903, 'M44651', '2022-07-28 16:32:49', 'Gui'),(904, 'M52311', '2022-07-28 16:32:49', 'Gui'),(905, 'M10997', '2022-07-28 16:32:49', 'Gui'),(906, 'M56605', '2022-07-28 16:32:49', 'Gui'),(907, 'M46286', '2022-07-28 16:32:49', 'Gui'),(908, 'M45188', '2022-07-28 16:32:49', 'Gui'),(909, 'M40152', '2022-07-28 16:32:49', 'Gui'),(910, 'M49107', '2022-07-28 16:32:49', 'Gui'),(911, 'M11935', '2022-07-28 16:32:49', 'Gui'),(912, 'M86069', '2022-07-28 16:32:49', 'Gui'),(913, 'M76153', '2022-07-28 16:32:49', 'Gui'),(914, 'M77477', '2022-07-28 16:32:49', 'Gui'),(915, 'M30217', '2022-07-28 16:32:49', 'Gui'),(916, 'M68539', '2022-07-28 16:32:49', 'Gui'),(917, 'M51394', '2022-07-28 16:32:49', 'Gui'),(918, 'M38491', '2022-07-28 16:32:49', 'Gui'),(919, 'M87731', '2022-07-28 16:32:49', 'Gui'),(920, 'M48732', '2022-07-28 16:32:49', 'Gui'),(921, 'M83245', '2022-07-28 16:32:49', 'Gui'),(922, 'M38247', '2022-07-28 16:32:49', 'Gui'),(923, 'M88705', '2022-07-28 16:32:49', 'Gui'),(924, 'M40692', '2022-07-28 16:32:49', 'Gui'),(925, 'M61978', '2022-07-28 16:32:49', 'Gui'),(926, 'M64283', '2022-07-28 16:32:49', 'Gui'),(927, 'M38965', '2022-07-28 16:32:49', 'Gui'),(928, 'M83761', '2022-07-28 16:32:49', 'Gui'),(929, 'M71139', '2022-07-28 16:32:49', 'Gui'),(930, 'M88889', '2022-07-28 16:32:50', 'Gui'),(931, 'M78495', '2022-07-28 16:32:50', 'Gui'),(932, 'M72295', '2022-07-28 16:32:50', 'Gui'),(933, 'M87438', '2022-07-28 16:32:50', 'Gui'),(934, 'M98716', '2022-07-28 16:32:50', 'Gui'),(935, 'M28468', '2022-07-28 16:32:50', 'Gui'),(936, 'M98511', '2022-07-28 16:32:50', 'Gui'),(937, 'M40576', '2022-07-28 16:32:50', 'Gui'),(938, 'M27438', '2022-07-28 16:32:50', 'Gui'),(939, 'M97012', '2022-07-28 16:32:50', 'Gui'),(940, 'M89020', '2022-07-28 16:32:50', 'Gui'),(941, 'M58539', '2022-07-28 16:32:50', 'Gui'),(942, 'M16126', '2022-07-28 16:32:50', 'Gui'),(943, 'M17297', '2022-07-28 16:32:50', 'Gui'),(944, 'M24828', '2022-07-28 16:32:50', 'Gui'),(945, 'M96960', '2022-07-28 16:32:50', 'Gui'),(946, 'M35113', '2022-07-28 16:32:50', 'Gui'),(947, 'M55909', '2022-07-28 16:32:50', 'Gui'),(948, 'M20400', '2022-07-28 16:32:50', 'Gui'),(949, 'M28392', '2022-07-28 16:32:50', 'Gui'),(950, 'M16336', '2022-07-28 16:32:50', 'Gui'),(951, 'M17012', '2022-07-28 16:32:50', 'Gui'),(952, 'M99919', '2022-07-28 16:32:50', 'Gui'),(953, 'M73903', '2022-07-28 16:32:50', 'Gui'),(954, 'M15179', '2022-07-28 16:32:50', 'Gui'),(955, 'M21951', '2022-07-28 16:32:50', 'Gui'),(956, 'M75866', '2022-07-28 16:32:50', 'Gui'),(957, 'M38178', '2022-07-28 16:32:50', 'Gui'),(958, 'M48542', '2022-07-28 16:32:50', 'Gui'),(959, 'M17248', '2022-07-28 16:32:50', 'Gui'),(960, 'M81953', '2022-07-28 16:32:50', 'Gui'),(961, 'M11969', '2022-07-28 16:32:50', 'Gui'),(962, 'M53906', '2022-07-28 16:32:50', 'Gui'),(963, 'M92468', '2022-07-28 16:32:50', 'Gui'),(964, 'M21728', '2022-07-28 16:32:50', 'Gui'),(965, 'M11710', '2022-07-28 16:32:50', 'Gui'),(966, 'M60145', '2022-07-28 16:32:50', 'Gui'),(967, 'M57979', '2022-07-28 16:32:50', 'Gui'),(968, 'M90031', '2022-07-28 16:32:50', 'Gui'),(969, 'M44896', '2022-07-28 16:32:50', 'Gui'),(970, 'M80625', '2022-07-28 16:32:50', 'Gui'),(971, 'M53513', '2022-07-28 16:32:50', 'Gui'),(972, 'M60877', '2022-07-28 16:32:50', 'Gui'),(973, 'M14740', '2022-07-28 16:32:50', 'Gui'),(974, 'M45016', '2022-07-28 16:32:50', 'Gui'),(975, 'M56286', '2022-07-28 16:32:50', 'Gui'),(976, 'M69891', '2022-07-28 16:32:50', 'Gui'),(977, 'M82239', '2022-07-28 16:32:50', 'Gui'),(978, 'M56246', '2022-07-28 16:32:50', 'Gui'),(979, 'M55885', '2022-07-28 16:32:50', 'Gui'),(980, 'M44398', '2022-07-28 16:32:50', 'Gui'),(981, 'M88933', '2022-07-28 16:32:50', 'Gui'),(982, 'M37794', '2022-07-28 16:32:50', 'Gui'),(983, 'M27675', '2022-07-28 16:32:50', 'Gui'),(984, 'M72095', '2022-07-28 16:32:50', 'Gui'),(985, 'M35392', '2022-07-28 16:32:50', 'Gui'),(986, 'M84834', '2022-07-28 16:32:50', 'Gui'),(987, 'M17134', '2022-07-28 16:32:50', 'Gui'),(988, 'M52619', '2022-07-28 16:32:50', 'Gui'),(989, 'M33544', '2022-07-28 16:32:50', 'Gui'),(990, 'M40885', '2022-07-28 16:32:50', 'Gui'),(991, 'M36609', '2022-07-28 16:32:50', 'Gui'),(992, 'M89033', '2022-07-28 16:32:50', 'Gui'),(993, 'M82073', '2022-07-28 16:32:50', 'Gui'),(994, 'M42189', '2022-07-28 16:32:50', 'Gui'),(995, 'M63849', '2022-07-28 16:32:50', 'Gui'),(996, 'M41117', '2022-07-28 16:32:50', 'Gui'),(997, 'M19682', '2022-07-28 16:32:50', 'Gui'),(998, 'M24195', '2022-07-28 16:32:50', 'Gui'),(999, 'M10568', '2022-07-28 16:32:50', 'Gui'),(1000, 'M67172', '2022-07-28 16:32:50', 'Gui'),(1001, 'D53840', '2022-07-28 16:32:50', 'Gui'),(1002, 'D27142', '2022-07-28 16:32:50', 'Gui'),(1003, 'D66325', '2022-07-28 16:32:50', 'Gui'),(1004, 'D81391', '2022-07-28 16:32:50', 'Gui'),(1005, 'D26228', '2022-07-28 16:32:50', 'Gui'),(1006, 'D54463', '2022-07-28 16:32:50', 'Gui'),(1007, 'D28240', '2022-07-28 16:32:50', 'Gui'),(1008, 'D16488', '2022-07-28 16:32:50', 'Gui'),(1009, 'D94054', '2022-07-28 16:32:50', 'Gui'),(1010, 'D55050', '2022-07-28 16:32:50', 'Gui'),(1011, 'D33906', '2022-07-28 16:32:50', 'Gui'),(1012, 'D92695', '2022-07-28 16:32:50', 'Gui'),(1013, 'D55334', '2022-07-28 16:32:50', 'Gui'),(1014, 'D28587', '2022-07-28 16:32:50', 'Gui'),(1015, 'D62905', '2022-07-28 16:32:50', 'Gui'),(1016, 'D52606', '2022-07-28 16:32:50', 'Gui'),(1017, 'D45032', '2022-07-28 16:32:50', 'Gui'),(1018, 'D39208', '2022-07-28 16:32:50', 'Gui'),(1019, 'D14211', '2022-07-28 16:32:50', 'Gui'),(1020, 'D99180', '2022-07-28 16:32:50', 'Gui'),(1021, 'D32611', '2022-07-28 16:32:50', 'Gui'),(1022, 'D95984', '2022-07-28 16:32:50', 'Gui'),(1023, 'D37187', '2022-07-28 16:32:50', 'Gui'),(1024, 'D77263', '2022-07-28 16:32:50', 'Gui'),(1025, 'D63388', '2022-07-28 16:32:50', 'Gui'),(1026, 'D31705', '2022-07-28 16:32:50', 'Gui'),(1027, 'D81987', '2022-07-28 16:32:50', 'Gui'),(1028, 'D29654', '2022-07-28 16:32:50', 'Gui'),(1029, 'D97092', '2022-07-28 16:32:50', 'Gui'),(1030, 'D45490', '2022-07-28 16:32:50', 'Gui'),(1031, 'D59014', '2022-07-28 16:32:50', 'Gui'),(1032, 'D53341', '2022-07-28 16:32:50', 'Gui'),(1033, 'D44174', '2022-07-28 16:32:50', 'Gui'),(1034, 'D43798', '2022-07-28 16:32:50', 'Gui'),(1035, 'D78625', '2022-07-28 16:32:50', 'Gui'),(1036, 'D85037', '2022-07-28 16:32:50', 'Gui'),(1037, 'D93911', '2022-07-28 16:32:50', 'Gui'),(1038, 'D28266', '2022-07-28 16:32:50', 'Gui'),(1039, 'D16734', '2022-07-28 16:32:50', 'Gui'),(1040, 'D31725', '2022-07-28 16:32:50', 'Gui'),(1041, 'D76508', '2022-07-28 16:32:50', 'Gui'),(1042, 'D89970', '2022-07-28 16:32:50', 'Gui'),(1043, 'D48546', '2022-07-28 16:32:50', 'Gui'),(1044, 'D91342', '2022-07-28 16:32:50', 'Gui'),(1045, 'D40245', '2022-07-28 16:32:50', 'Gui'),(1046, 'D98131', '2022-07-28 16:32:50', 'Gui'),(1047, 'D24091', '2022-07-28 16:32:50', 'Gui'),(1048, 'D40056', '2022-07-28 16:32:50', 'Gui'),(1049, 'D38273', '2022-07-28 16:32:50', 'Gui'),(1050, 'D86135', '2022-07-28 16:32:50', 'Gui'),(1051, 'D92214', '2022-07-28 16:32:50', 'Gui'),(1052, 'D73844', '2022-07-28 16:32:50', 'Gui'),(1053, 'D28067', '2022-07-28 16:32:50', 'Gui'),(1054, 'D22256', '2022-07-28 16:32:50', 'Gui'),(1055, 'D25140', '2022-07-28 16:32:50', 'Gui'),(1056, 'D36033', '2022-07-28 16:32:50', 'Gui'),(1057, 'D20943', '2022-07-28 16:32:50', 'Gui'),(1058, 'D25718', '2022-07-28 16:32:50', 'Gui'),(1059, 'D99703', '2022-07-28 16:32:50', 'Gui'),(1060, 'D59259', '2022-07-28 16:32:50', 'Gui'),(1061, 'D73796', '2022-07-28 16:32:50', 'Gui'),(1062, 'D21785', '2022-07-28 16:32:50', 'Gui'),(1063, 'D82400', '2022-07-28 16:32:50', 'Gui'),(1064, 'D27412', '2022-07-28 16:32:50', 'Gui'),(1065, 'D56605', '2022-07-28 16:32:50', 'Gui'),(1066, 'D73170', '2022-07-28 16:32:50', 'Gui'),(1067, 'D96512', '2022-07-28 16:32:50', 'Gui'),(1068, 'D62920', '2022-07-28 16:32:50', 'Gui'),(1069, 'D62466', '2022-07-28 16:32:50', 'Gui'),(1070, 'D15513', '2022-07-28 16:32:50', 'Gui'),(1071, 'D29590', '2022-07-28 16:32:50', 'Gui'),(1072, 'D76522', '2022-07-28 16:32:50', 'Gui'),(1073, 'D38029', '2022-07-28 16:32:50', 'Gui'),(1074, 'D71561', '2022-07-28 16:32:50', 'Gui'),(1075, 'D30400', '2022-07-28 16:32:50', 'Gui'),(1076, 'D13802', '2022-07-28 16:32:50', 'Gui'),(1077, 'D31930', '2022-07-28 16:32:50', 'Gui'),(1078, 'D30785', '2022-07-28 16:32:50', 'Gui'),(1079, 'D68024', '2022-07-28 16:32:50', 'Gui'),(1080, 'D96607', '2022-07-28 16:32:50', 'Gui'),(1081, 'D59119', '2022-07-28 16:32:50', 'Gui'),(1082, 'D69563', '2022-07-28 16:32:50', 'Gui'),(1083, 'D23544', '2022-07-28 16:32:50', 'Gui'),(1084, 'D60703', '2022-07-28 16:32:50', 'Gui'),(1085, 'D90161', '2022-07-28 16:32:50', 'Gui'),(1086, 'D45561', '2022-07-28 16:32:50', 'Gui'),(1087, 'D57511', '2022-07-28 16:32:50', 'Gui'),(1088, 'D22159', '2022-07-28 16:32:50', 'Gui'),(1089, 'D94436', '2022-07-28 16:32:50', 'Gui'),(1090, 'D86777', '2022-07-28 16:32:50', 'Gui'),(1091, 'D52019', '2022-07-28 16:32:50', 'Gui'),(1092, 'D87325', '2022-07-28 16:32:50', 'Gui'),(1093, 'D34651', '2022-07-28 16:32:50', 'Gui'),(1094, 'D53220', '2022-07-28 16:32:50', 'Gui'),(1095, 'D32858', '2022-07-28 16:32:50', 'Gui'),(1096, 'D62293', '2022-07-28 16:32:50', 'Gui'),(1097, 'D31440', '2022-07-28 16:32:50', 'Gui'),(1098, 'D76849', '2022-07-28 16:32:50', 'Gui'),(1099, 'D62838', '2022-07-28 16:32:50', 'Gui'),(1100, 'D52774', '2022-07-28 16:32:50', 'Gui'),(1101, 'D53640', '2022-07-28 16:32:50', 'Gui'),(1102, 'D86113', '2022-07-28 16:32:50', 'Gui'),(1103, 'D46867', '2022-07-28 16:32:50', 'Gui'),(1104, 'D37052', '2022-07-28 16:32:50', 'Gui'),(1105, 'D32728', '2022-07-28 16:32:50', 'Gui'),(1106, 'D69744', '2022-07-28 16:32:50', 'Gui'),(1107, 'D59479', '2022-07-28 16:32:50', 'Gui'),(1108, 'D43713', '2022-07-28 16:32:50', 'Gui'),(1109, 'D90423', '2022-07-28 16:32:50', 'Gui'),(1110, 'D55889', '2022-07-28 16:32:50', 'Gui'),(1111, 'D54673', '2022-07-28 16:32:50', 'Gui'),(1112, 'D32685', '2022-07-28 16:32:50', 'Gui'),(1113, 'D46016', '2022-07-28 16:32:50', 'Gui'),(1114, 'D84890', '2022-07-28 16:32:50', 'Gui'),(1115, 'D93653', '2022-07-28 16:32:50', 'Gui'),(1116, 'D52932', '2022-07-28 16:32:50', 'Gui'),(1117, 'D50894', '2022-07-28 16:32:50', 'Gui'),(1118, 'D23548', '2022-07-28 16:32:50', 'Gui'),(1119, 'D15341', '2022-07-28 16:32:50', 'Gui'),(1120, 'D27114', '2022-07-28 16:32:50', 'Gui'),(1121, 'D88962', '2022-07-28 16:32:50', 'Gui'),(1122, 'D39169', '2022-07-28 16:32:50', 'Gui'),(1123, 'D28316', '2022-07-28 16:32:50', 'Gui'),(1124, 'D58702', '2022-07-28 16:32:50', 'Gui'),(1125, 'D83958', '2022-07-28 16:32:50', 'Gui'),(1126, 'D23781', '2022-07-28 16:32:50', 'Gui'),(1127, 'D34520', '2022-07-28 16:32:50', 'Gui'),(1128, 'D10115', '2022-07-28 16:32:50', 'Gui'),(1129, 'D69354', '2022-07-28 16:32:50', 'Gui'),(1130, 'D68199', '2022-07-28 16:32:50', 'Gui'),(1131, 'D28591', '2022-07-28 16:32:50', 'Gui'),(1132, 'D83187', '2022-07-28 16:32:50', 'Gui'),(1133, 'D47341', '2022-07-28 16:32:50', 'Gui'),(1134, 'D59558', '2022-07-28 16:32:50', 'Gui'),(1135, 'D25449', '2022-07-28 16:32:50', 'Gui'),(1136, 'D69183', '2022-07-28 16:32:50', 'Gui'),(1137, 'D85038', '2022-07-28 16:32:51', 'Gui'),(1138, 'D40949', '2022-07-28 16:32:51', 'Gui'),(1139, 'D38370', '2022-07-28 16:32:51', 'Gui'),(1140, 'D43857', '2022-07-28 16:32:51', 'Gui'),(1141, 'D80231', '2022-07-28 16:32:51', 'Gui'),(1142, 'D54398', '2022-07-28 16:32:51', 'Gui'),(1143, 'D83897', '2022-07-28 16:32:51', 'Gui'),(1144, 'D82911', '2022-07-28 16:32:51', 'Gui'),(1145, 'D94819', '2022-07-28 16:32:51', 'Gui'),(1146, 'D75139', '2022-07-28 16:32:51', 'Gui'),(1147, 'D92376', '2022-07-28 16:32:51', 'Gui'),(1148, 'D49337', '2022-07-28 16:32:51', 'Gui'),(1149, 'D26707', '2022-07-28 16:32:51', 'Gui'),(1150, 'D55308', '2022-07-28 16:32:51', 'Gui'),(1151, 'D10864', '2022-07-28 16:32:51', 'Gui'),(1152, 'D17391', '2022-07-28 16:32:51', 'Gui'),(1153, 'D56973', '2022-07-28 16:32:51', 'Gui'),(1154, 'D28086', '2022-07-28 16:32:51', 'Gui'),(1155, 'D26984', '2022-07-28 16:32:51', 'Gui'),(1156, 'D83842', '2022-07-28 16:32:51', 'Gui'),(1157, 'D69740', '2022-07-28 16:32:51', 'Gui'),(1158, 'D92565', '2022-07-28 16:32:51', 'Gui'),(1159, 'D85665', '2022-07-28 16:32:51', 'Gui'),(1160, 'D13419', '2022-07-28 16:32:51', 'Gui'),(1161, 'D18957', '2022-07-28 16:32:51', 'Gui'),(1162, 'D83887', '2022-07-28 16:32:51', 'Gui'),(1163, 'D16128', '2022-07-28 16:32:51', 'Gui'),(1164, 'D90985', '2022-07-28 16:32:51', 'Gui'),(1165, 'D90979', '2022-07-28 16:32:51', 'Gui'),(1166, 'D86501', '2022-07-28 16:32:51', 'Gui'),(1167, 'D47409', '2022-07-28 16:32:51', 'Gui'),(1168, 'D32276', '2022-07-28 16:32:51', 'Gui'),(1169, 'D27506', '2022-07-28 16:32:51', 'Gui'),(1170, 'D24541', '2022-07-28 16:32:51', 'Gui'),(1171, 'D16727', '2022-07-28 16:32:51', 'Gui'),(1172, 'D51360', '2022-07-28 16:32:51', 'Gui'),(1173, 'D82385', '2022-07-28 16:32:51', 'Gui'),(1174, 'D69795', '2022-07-28 16:32:51', 'Gui'),(1175, 'D19076', '2022-07-28 16:32:51', 'Gui'),(1176, 'D51064', '2022-07-28 16:32:51', 'Gui'),(1177, 'D73506', '2022-07-28 16:32:51', 'Gui'),(1178, 'D50834', '2022-07-28 16:32:51', 'Gui'),(1179, 'D18975', '2022-07-28 16:32:51', 'Gui'),(1180, 'D20951', '2022-07-28 16:32:51', 'Gui'),(1181, 'D75717', '2022-07-28 16:32:51', 'Gui'),(1182, 'D99109', '2022-07-28 16:32:51', 'Gui'),(1183, 'D67656', '2022-07-28 16:32:51', 'Gui'),(1184, 'D86575', '2022-07-28 16:32:51', 'Gui'),(1185, 'D84669', '2022-07-28 16:32:51', 'Gui'),(1186, 'D37553', '2022-07-28 16:32:51', 'Gui'),(1187, 'D63793', '2022-07-28 16:32:51', 'Gui'),(1188, 'D11546', '2022-07-28 16:32:51', 'Gui'),(1189, 'D30004', '2022-07-28 16:32:51', 'Gui'),(1190, 'D24029', '2022-07-28 16:32:51', 'Gui'),(1191, 'D31344', '2022-07-28 16:32:51', 'Gui'),(1192, 'D25503', '2022-07-28 16:32:51', 'Gui'),(1193, 'D24094', '2022-07-28 16:32:51', 'Gui'),(1194, 'D45266', '2022-07-28 16:32:51', 'Gui'),(1195, 'D33789', '2022-07-28 16:32:51', 'Gui'),(1196, 'D80299', '2022-07-28 16:32:51', 'Gui'),(1197, 'D83256', '2022-07-28 16:32:51', 'Gui'),(1198, 'D60269', '2022-07-28 16:32:51', 'Gui'),(1199, 'D96522', '2022-07-28 16:32:51', 'Gui'),(1200, 'D59774', '2022-07-28 16:32:51', 'Gui'),(1201, 'D48219', '2022-07-28 16:32:51', 'Gui'),(1202, 'D86839', '2022-07-28 16:32:51', 'Gui'),(1203, 'D65929', '2022-07-28 16:32:51', 'Gui'),(1204, 'D35662', '2022-07-28 16:32:51', 'Gui'),(1205, 'D90555', '2022-07-28 16:32:51', 'Gui'),(1206, 'D28993', '2022-07-28 16:32:51', 'Gui'),(1207, 'D42532', '2022-07-28 16:32:51', 'Gui'),(1208, 'D37834', '2022-07-28 16:32:51', 'Gui'),(1209, 'D58028', '2022-07-28 16:32:51', 'Gui'),(1210, 'D46381', '2022-07-28 16:32:51', 'Gui'),(1211, 'D63002', '2022-07-28 16:32:51', 'Gui'),(1212, 'D49356', '2022-07-28 16:32:51', 'Gui'),(1213, 'D88118', '2022-07-28 16:32:51', 'Gui'),(1214, 'D37421', '2022-07-28 16:32:51', 'Gui'),(1215, 'D83062', '2022-07-28 16:32:51', 'Gui'),(1216, 'D40772', '2022-07-28 16:32:51', 'Gui'),(1217, 'D92126', '2022-07-28 16:32:51', 'Gui'),(1218, 'D68266', '2022-07-28 16:32:51', 'Gui'),(1219, 'D59418', '2022-07-28 16:32:51', 'Gui'),(1220, 'D29193', '2022-07-28 16:32:51', 'Gui'),(1221, 'D87354', '2022-07-28 16:32:51', 'Gui'),(1222, 'D17336', '2022-07-28 16:32:51', 'Gui'),(1223, 'D48746', '2022-07-28 16:32:51', 'Gui'),(1224, 'D54168', '2022-07-28 16:32:51', 'Gui'),(1225, 'D24516', '2022-07-28 16:32:51', 'Gui'),(1226, 'D68611', '2022-07-28 16:32:51', 'Gui'),(1227, 'D18421', '2022-07-28 16:32:51', 'Gui'),(1228, 'D40651', '2022-07-28 16:32:51', 'Gui'),(1229, 'D91963', '2022-07-28 16:32:51', 'Gui'),(1230, 'D29207', '2022-07-28 16:32:51', 'Gui'),(1231, 'D28059', '2022-07-28 16:32:51', 'Gui'),(1232, 'D81500', '2022-07-28 16:32:51', 'Gui'),(1233, 'D63854', '2022-07-28 16:32:51', 'Gui'),(1234, 'D29161', '2022-07-28 16:32:51', 'Gui'),(1235, 'D74409', '2022-07-28 16:32:51', 'Gui'),(1236, 'D15638', '2022-07-28 16:32:51', 'Gui'),(1237, 'D25248', '2022-07-28 16:32:51', 'Gui'),(1238, 'D87037', '2022-07-28 16:32:51', 'Gui'),(1239, 'D60134', '2022-07-28 16:32:51', 'Gui'),(1240, 'D28456', '2022-07-28 16:32:51', 'Gui'),(1241, 'D75853', '2022-07-28 16:32:51', 'Gui'),(1242, 'D24234', '2022-07-28 16:32:51', 'Gui'),(1243, 'D61290', '2022-07-28 16:32:51', 'Gui'),(1244, 'D45871', '2022-07-28 16:32:51', 'Gui'),(1245, 'D34036', '2022-07-28 16:32:51', 'Gui'),(1246, 'D73656', '2022-07-28 16:32:51', 'Gui'),(1247, 'D28978', '2022-07-28 16:32:51', 'Gui'),(1248, 'D84812', '2022-07-28 16:32:51', 'Gui'),(1249, 'D28789', '2022-07-28 16:32:51', 'Gui'),(1250, 'D51072', '2022-07-28 16:32:51', 'Gui'),(1251, 'D21020', '2022-07-28 16:32:51', 'Gui'),(1252, 'D42995', '2022-07-28 16:32:51', 'Gui'),(1253, 'D81745', '2022-07-28 16:32:51', 'Gui'),(1254, 'D91812', '2022-07-28 16:32:51', 'Gui'),(1255, 'D55086', '2022-07-28 16:32:51', 'Gui'),(1256, 'D30520', '2022-07-28 16:32:51', 'Gui'),(1257, 'D96014', '2022-07-28 16:32:51', 'Gui'),(1258, 'D23738', '2022-07-28 16:32:51', 'Gui'),(1259, 'D82171', '2022-07-28 16:32:51', 'Gui'),(1260, 'D75450', '2022-07-28 16:32:51', 'Gui'),(1261, 'D84883', '2022-07-28 16:32:51', 'Gui'),(1262, 'D67195', '2022-07-28 16:32:51', 'Gui'),(1263, 'D59453', '2022-07-28 16:32:51', 'Gui'),(1264, 'D42123', '2022-07-28 16:32:51', 'Gui'),(1265, 'D13034', '2022-07-28 16:32:51', 'Gui'),(1266, 'D43443', '2022-07-28 16:32:51', 'Gui'),(1267, 'D65524', '2022-07-28 16:32:51', 'Gui'),(1268, 'D29604', '2022-07-28 16:32:51', 'Gui'),(1269, 'D65829', '2022-07-28 16:32:51', 'Gui'),(1270, 'D89398', '2022-07-28 16:32:51', 'Gui'),(1271, 'D89350', '2022-07-28 16:32:51', 'Gui'),(1272, 'D50462', '2022-07-28 16:32:51', 'Gui'),(1273, 'D87685', '2022-07-28 16:32:51', 'Gui'),(1274, 'D75527', '2022-07-28 16:32:51', 'Gui'),(1275, 'D36551', '2022-07-28 16:32:51', 'Gui'),(1276, 'D11569', '2022-07-28 16:32:51', 'Gui'),(1277, 'D74396', '2022-07-28 16:32:51', 'Gui'),(1278, 'D58056', '2022-07-28 16:32:51', 'Gui'),(1279, 'D97785', '2022-07-28 16:32:51', 'Gui'),(1280, 'D91749', '2022-07-28 16:32:51', 'Gui'),(1281, 'D27874', '2022-07-28 16:32:51', 'Gui'),(1282, 'D81160', '2022-07-28 16:32:51', 'Gui'),(1283, 'D19236', '2022-07-28 16:32:51', 'Gui'),(1284, 'D94800', '2022-07-28 16:32:51', 'Gui'),(1285, 'D44192', '2022-07-28 16:32:51', 'Gui'),(1286, 'D33689', '2022-07-28 16:32:51', 'Gui'),(1287, 'D48573', '2022-07-28 16:32:51', 'Gui'),(1288, 'D16658', '2022-07-28 16:32:51', 'Gui'),(1289, 'D22738', '2022-07-28 16:32:51', 'Gui'),(1290, 'D49754', '2022-07-28 16:32:51', 'Gui'),(1291, 'D90997', '2022-07-28 16:32:51', 'Gui'),(1292, 'D95527', '2022-07-28 16:32:51', 'Gui'),(1293, 'D63401', '2022-07-28 16:32:51', 'Gui'),(1294, 'D59931', '2022-07-28 16:32:51', 'Gui'),(1295, 'D89170', '2022-07-28 16:32:51', 'Gui'),(1296, 'D96290', '2022-07-28 16:32:51', 'Gui'),(1297, 'D56185', '2022-07-28 16:32:51', 'Gui'),(1298, 'D55550', '2022-07-28 16:32:51', 'Gui'),(1299, 'D33981', '2022-07-28 16:32:51', 'Gui'),(1300, 'D51516', '2022-07-28 16:32:51', 'Gui'),(1301, 'D91959', '2022-07-28 16:32:51', 'Gui'),(1302, 'D49436', '2022-07-28 16:32:51', 'Gui'),(1303, 'D70538', '2022-07-28 16:32:51', 'Gui'),(1304, 'D37117', '2022-07-28 16:32:51', 'Gui'),(1305, 'D21809', '2022-07-28 16:32:51', 'Gui'),(1306, 'D77713', '2022-07-28 16:32:51', 'Gui'),(1307, 'D17058', '2022-07-28 16:32:51', 'Gui'),(1308, 'D16723', '2022-07-28 16:32:51', 'Gui'),(1309, 'D47425', '2022-07-28 16:32:51', 'Gui'),(1310, 'D27533', '2022-07-28 16:32:51', 'Gui'),(1311, 'D33257', '2022-07-28 16:32:51', 'Gui'),(1312, 'D25941', '2022-07-28 16:32:51', 'Gui'),(1313, 'D32389', '2022-07-28 16:32:51', 'Gui'),(1314, 'D38237', '2022-07-28 16:32:51', 'Gui'),(1315, 'D68630', '2022-07-28 16:32:51', 'Gui'),(1316, 'D50820', '2022-07-28 16:32:51', 'Gui'),(1317, 'D80689', '2022-07-28 16:32:51', 'Gui'),(1318, 'D85803', '2022-07-28 16:32:51', 'Gui'),(1319, 'D21122', '2022-07-28 16:32:51', 'Gui'),(1320, 'D55091', '2022-07-28 16:32:51', 'Gui'),(1321, 'D33312', '2022-07-28 16:32:51', 'Gui'),(1322, 'D42605', '2022-07-28 16:32:51', 'Gui'),(1323, 'D76834', '2022-07-28 16:32:51', 'Gui'),(1324, 'D11566', '2022-07-28 16:32:51', 'Gui'),(1325, 'D96973', '2022-07-28 16:32:51', 'Gui'),(1326, 'D61906', '2022-07-28 16:32:51', 'Gui'),(1327, 'D60747', '2022-07-28 16:32:51', 'Gui'),(1328, 'D78341', '2022-07-28 16:32:51', 'Gui'),(1329, 'D12260', '2022-07-28 16:32:51', 'Gui'),(1330, 'D71414', '2022-07-28 16:32:51', 'Gui'),(1331, 'D67811', '2022-07-28 16:32:51', 'Gui'),(1332, 'D60038', '2022-07-28 16:32:51', 'Gui'),(1333, 'D77965', '2022-07-28 16:32:51', 'Gui'),(1334, 'D27337', '2022-07-28 16:32:51', 'Gui'),(1335, 'D55406', '2022-07-28 16:32:52', 'Gui'),(1336, 'D95165', '2022-07-28 16:32:52', 'Gui'),(1337, 'D41708', '2022-07-28 16:32:52', 'Gui'),(1338, 'D88969', '2022-07-28 16:32:52', 'Gui'),(1339, 'D69919', '2022-07-28 16:32:52', 'Gui'),(1340, 'D74126', '2022-07-28 16:32:52', 'Gui'),(1341, 'D37537', '2022-07-28 16:32:52', 'Gui'),(1342, 'D20595', '2022-07-28 16:32:52', 'Gui'),(1343, 'D89277', '2022-07-28 16:32:52', 'Gui'),(1344, 'D28865', '2022-07-28 16:32:52', 'Gui'),(1345, 'D44899', '2022-07-28 16:32:52', 'Gui'),(1346, 'D35667', '2022-07-28 16:32:52', 'Gui'),(1347, 'D88122', '2022-07-28 16:32:52', 'Gui'),(1348, 'D11668', '2022-07-28 16:32:52', 'Gui'),(1349, 'D83196', '2022-07-28 16:32:52', 'Gui'),(1350, 'D82454', '2022-07-28 16:32:52', 'Gui'),(1351, 'D66151', '2022-07-28 16:32:52', 'Gui'),(1352, 'D42752', '2022-07-28 16:32:52', 'Gui'),(1353, 'D61086', '2022-07-28 16:32:52', 'Gui'),(1354, 'D60840', '2022-07-28 16:32:52', 'Gui'),(1355, 'D33169', '2022-07-28 16:32:52', 'Gui'),(1356, 'D18332', '2022-07-28 16:32:52', 'Gui'),(1357, 'D75299', '2022-07-28 16:32:52', 'Gui'),(1358, 'D90334', '2022-07-28 16:32:52', 'Gui'),(1359, 'D32969', '2022-07-28 16:32:52', 'Gui'),(1360, 'D20064', '2022-07-28 16:32:52', 'Gui'),(1361, 'D45916', '2022-07-28 16:32:52', 'Gui'),(1362, 'D80477', '2022-07-28 16:32:52', 'Gui'),(1363, 'D44687', '2022-07-28 16:32:52', 'Gui'),(1364, 'D47436', '2022-07-28 16:32:52', 'Gui'),(1365, 'D61878', '2022-07-28 16:32:52', 'Gui'),(1366, 'D44669', '2022-07-28 16:32:52', 'Gui'),(1367, 'D29625', '2022-07-28 16:32:52', 'Gui'),(1368, 'D28511', '2022-07-28 16:32:52', 'Gui'),(1369, 'D43142', '2022-07-28 16:32:52', 'Gui'),(1370, 'D60468', '2022-07-28 16:32:52', 'Gui'),(1371, 'D58711', '2022-07-28 16:32:52', 'Gui'),(1372, 'D70212', '2022-07-28 16:32:52', 'Gui'),(1373, 'D13878', '2022-07-28 16:32:52', 'Gui'),(1374, 'D18904', '2022-07-28 16:32:52', 'Gui'),(1375, 'D32734', '2022-07-28 16:32:52', 'Gui'),(1376, 'D59519', '2022-07-28 16:32:52', 'Gui'),(1377, 'D52682', '2022-07-28 16:32:52', 'Gui'),(1378, 'D85876', '2022-07-28 16:32:52', 'Gui'),(1379, 'D63364', '2022-07-28 16:32:52', 'Gui'),(1380, 'D66065', '2022-07-28 16:32:52', 'Gui'),(1381, 'D59675', '2022-07-28 16:32:52', 'Gui'),(1382, 'D71636', '2022-07-28 16:32:52', 'Gui'),(1383, 'D67977', '2022-07-28 16:32:52', 'Gui'),(1384, 'D27032', '2022-07-28 16:32:52', 'Gui'),(1385, 'D22606', '2022-07-28 16:32:52', 'Gui'),(1386, 'D91970', '2022-07-28 16:32:52', 'Gui'),(1387, 'D57548', '2022-07-28 16:32:52', 'Gui'),(1388, 'D58307', '2022-07-28 16:32:52', 'Gui'),(1389, 'D52093', '2022-07-28 16:32:52', 'Gui'),(1390, 'D82131', '2022-07-28 16:32:52', 'Gui'),(1391, 'D40678', '2022-07-28 16:32:52', 'Gui'),(1392, 'D93654', '2022-07-28 16:32:52', 'Gui'),(1393, 'D48046', '2022-07-28 16:32:52', 'Gui'),(1394, 'D87708', '2022-07-28 16:32:52', 'Gui'),(1395, 'D32049', '2022-07-28 16:32:52', 'Gui'),(1396, 'D50132', '2022-07-28 16:32:52', 'Gui'),(1397, 'D83134', '2022-07-28 16:32:52', 'Gui'),(1398, 'D91276', '2022-07-28 16:32:52', 'Gui'),(1399, 'D41538', '2022-07-28 16:32:52', 'Gui'),(1400, 'D50895', '2022-07-28 16:32:52', 'Gui'),(1401, 'D67934', '2022-07-28 16:32:52', 'Gui'),(1402, 'D25919', '2022-07-28 16:32:52', 'Gui'),(1403, 'D27400', '2022-07-28 16:32:52', 'Gui'),(1404, 'D24205', '2022-07-28 16:32:52', 'Gui'),(1405, 'D41423', '2022-07-28 16:32:52', 'Gui'),(1406, 'D62921', '2022-07-28 16:32:52', 'Gui'),(1407, 'D44180', '2022-07-28 16:32:52', 'Gui'),(1408, 'D13517', '2022-07-28 16:32:52', 'Gui'),(1409, 'D90513', '2022-07-28 16:32:52', 'Gui'),(1410, 'D50266', '2022-07-28 16:32:52', 'Gui'),(1411, 'D95417', '2022-07-28 16:32:52', 'Gui'),(1412, 'D52651', '2022-07-28 16:32:52', 'Gui'),(1413, 'D39406', '2022-07-28 16:32:52', 'Gui'),(1414, 'D21335', '2022-07-28 16:32:52', 'Gui'),(1415, 'D43220', '2022-07-28 16:32:52', 'Gui'),(1416, 'D11486', '2022-07-28 16:32:52', 'Gui'),(1417, 'D11682', '2022-07-28 16:32:52', 'Gui'),(1418, 'D43193', '2022-07-28 16:32:52', 'Gui'),(1419, 'D78821', '2022-07-28 16:32:52', 'Gui'),(1420, 'D21630', '2022-07-28 16:32:52', 'Gui'),(1421, 'D87421', '2022-07-28 16:32:52', 'Gui'),(1422, 'D81456', '2022-07-28 16:32:52', 'Gui'),(1423, 'D71583', '2022-07-28 16:32:52', 'Gui'),(1424, 'D88858', '2022-07-28 16:32:52', 'Gui'),(1425, 'D10084', '2022-07-28 16:32:52', 'Gui'),(1426, 'D78385', '2022-07-28 16:32:52', 'Gui'),(1427, 'D28425', '2022-07-28 16:32:52', 'Gui'),(1428, 'D58451', '2022-07-28 16:32:52', 'Gui'),(1429, 'D46740', '2022-07-28 16:32:52', 'Gui'),(1430, 'D24969', '2022-07-28 16:32:52', 'Gui'),(1431, 'D23218', '2022-07-28 16:32:52', 'Gui'),(1432, 'D37924', '2022-07-28 16:32:52', 'Gui'),(1433, 'D52298', '2022-07-28 16:32:52', 'Gui'),(1434, 'D27229', '2022-07-28 16:32:52', 'Gui'),(1435, 'D38733', '2022-07-28 16:32:52', 'Gui'),(1436, 'D82327', '2022-07-28 16:32:52', 'Gui'),(1437, 'D41496', '2022-07-28 16:32:52', 'Gui'),(1438, 'D19352', '2022-07-28 16:32:52', 'Gui'),(1439, 'D99704', '2022-07-28 16:32:52', 'Gui'),(1440, 'D86723', '2022-07-28 16:32:52', 'Gui'),(1441, 'D40931', '2022-07-28 16:32:52', 'Gui'),(1442, 'D92693', '2022-07-28 16:32:52', 'Gui'),(1443, 'D57144', '2022-07-28 16:32:52', 'Gui'),(1444, 'D31232', '2022-07-28 16:32:52', 'Gui'),(1445, 'D75348', '2022-07-28 16:32:52', 'Gui'),(1446, 'D40937', '2022-07-28 16:32:52', 'Gui'),(1447, 'D27492', '2022-07-28 16:32:52', 'Gui'),(1448, 'D32476', '2022-07-28 16:32:52', 'Gui'),(1449, 'D52738', '2022-07-28 16:32:52', 'Gui'),(1450, 'D47330', '2022-07-28 16:32:52', 'Gui'),(1451, 'D37427', '2022-07-28 16:32:52', 'Gui'),(1452, 'D27370', '2022-07-28 16:32:52', 'Gui'),(1453, 'D56582', '2022-07-28 16:32:52', 'Gui'),(1454, 'D56836', '2022-07-28 16:32:52', 'Gui'),(1455, 'D94174', '2022-07-28 16:32:52', 'Gui'),(1456, 'D15497', '2022-07-28 16:32:52', 'Gui'),(1457, 'D78645', '2022-07-28 16:32:52', 'Gui'),(1458, 'D80347', '2022-07-28 16:32:52', 'Gui'),(1459, 'D38159', '2022-07-28 16:32:52', 'Gui'),(1460, 'D59926', '2022-07-28 16:32:52', 'Gui'),(1461, 'D98968', '2022-07-28 16:32:52', 'Gui'),(1462, 'D92753', '2022-07-28 16:32:52', 'Gui'),(1463, 'D27198', '2022-07-28 16:32:52', 'Gui'),(1464, 'D10636', '2022-07-28 16:32:52', 'Gui'),(1465, 'D36370', '2022-07-28 16:32:52', 'Gui'),(1466, 'D29762', '2022-07-28 16:32:52', 'Gui'),(1467, 'D64811', '2022-07-28 16:32:52', 'Gui'),(1468, 'D39550', '2022-07-28 16:32:52', 'Gui'),(1469, 'D42207', '2022-07-28 16:32:52', 'Gui'),(1470, 'D26799', '2022-07-28 16:32:52', 'Gui'),(1471, 'D88289', '2022-07-28 16:32:52', 'Gui'),(1472, 'D83387', '2022-07-28 16:32:52', 'Gui'),(1473, 'D59983', '2022-07-28 16:32:52', 'Gui'),(1474, 'D43668', '2022-07-28 16:32:52', 'Gui'),(1475, 'D80620', '2022-07-28 16:32:52', 'Gui'),(1476, 'D85955', '2022-07-28 16:32:52', 'Gui'),(1477, 'D40921', '2022-07-28 16:32:52', 'Gui'),(1478, 'D34400', '2022-07-28 16:32:52', 'Gui'),(1479, 'D42655', '2022-07-28 16:32:52', 'Gui'),(1480, 'D35125', '2022-07-28 16:32:52', 'Gui'),(1481, 'D43749', '2022-07-28 16:32:52', 'Gui'),(1482, 'D65150', '2022-07-28 16:32:52', 'Gui'),(1483, 'D45922', '2022-07-28 16:32:52', 'Gui'),(1484, 'D81915', '2022-07-28 16:32:52', 'Gui'),(1485, 'D28350', '2022-07-28 16:32:52', 'Gui'),(1486, 'D66448', '2022-07-28 16:32:52', 'Gui'),(1487, 'D17637', '2022-07-28 16:32:52', 'Gui'),(1488, 'D78653', '2022-07-28 16:32:52', 'Gui'),(1489, 'D37770', '2022-07-28 16:32:52', 'Gui'),(1490, 'D51255', '2022-07-28 16:32:52', 'Gui'),(1491, 'D77160', '2022-07-28 16:32:52', 'Gui'),(1492, 'D36137', '2022-07-28 16:32:52', 'Gui'),(1493, 'D87691', '2022-07-28 16:32:52', 'Gui'),(1494, 'D36829', '2022-07-28 16:32:52', 'Gui'),(1495, 'D63874', '2022-07-28 16:32:52', 'Gui'),(1496, 'D93947', '2022-07-28 16:32:52', 'Gui'),(1497, 'D49972', '2022-07-28 16:32:52', 'Gui'),(1498, 'D65071', '2022-07-28 16:32:52', 'Gui'),(1499, 'D20509', '2022-07-28 16:32:52', 'Gui'),(1500, 'D44035', '2022-07-28 16:32:52', 'Gui'),(1501, 'D96331', '2022-07-28 16:32:52', 'Gui'),(1502, 'D62700', '2022-07-28 16:32:52', 'Gui'),(1503, 'D39370', '2022-07-28 16:32:52', 'Gui'),(1504, 'D41650', '2022-07-28 16:32:52', 'Gui'),(1505, 'D30998', '2022-07-28 16:32:52', 'Gui'),(1506, 'D39139', '2022-07-28 16:32:52', 'Gui'),(1507, 'D53576', '2022-07-28 16:32:52', 'Gui'),(1508, 'D75219', '2022-07-28 16:32:52', 'Gui'),(1509, 'D64151', '2022-07-28 16:32:52', 'Gui'),(1510, 'D79440', '2022-07-28 16:32:52', 'Gui'),(1511, 'D24761', '2022-07-28 16:32:52', 'Gui'),(1512, 'D11614', '2022-07-28 16:32:52', 'Gui'),(1513, 'D24998', '2022-07-28 16:32:52', 'Gui'),(1514, 'D36485', '2022-07-28 16:32:52', 'Gui'),(1515, 'D21016', '2022-07-28 16:32:52', 'Gui'),(1516, 'D61650', '2022-07-28 16:32:52', 'Gui'),(1517, 'D54493', '2022-07-28 16:32:52', 'Gui'),(1518, 'D37439', '2022-07-28 16:32:52', 'Gui'),(1519, 'D56543', '2022-07-28 16:32:52', 'Gui'),(1520, 'D84042', '2022-07-28 16:32:52', 'Gui'),(1521, 'D51328', '2022-07-28 16:32:52', 'Gui'),(1522, 'D82497', '2022-07-28 16:32:52', 'Gui'),(1523, 'D82593', '2022-07-28 16:32:52', 'Gui'),(1524, 'D19469', '2022-07-28 16:32:52', 'Gui'),(1525, 'D58038', '2022-07-28 16:32:52', 'Gui'),(1526, 'D97483', '2022-07-28 16:32:52', 'Gui'),(1527, 'D74041', '2022-07-28 16:32:52', 'Gui'),(1528, 'D47410', '2022-07-28 16:32:52', 'Gui'),(1529, 'D57268', '2022-07-28 16:32:52', 'Gui'),(1530, 'D15318', '2022-07-28 16:32:52', 'Gui'),(1531, 'D80862', '2022-07-28 16:32:52', 'Gui'),(1532, 'D88108', '2022-07-28 16:32:52', 'Gui'),(1533, 'D28631', '2022-07-28 16:32:52', 'Gui'),(1534, 'D38104', '2022-07-28 16:32:52', 'Gui'),(1535, 'D24261', '2022-07-28 16:32:52', 'Gui'),(1536, 'D47198', '2022-07-28 16:32:52', 'Gui'),(1537, 'D77194', '2022-07-28 16:32:52', 'Gui'),(1538, 'D29975', '2022-07-28 16:32:53', 'Gui'),(1539, 'D57650', '2022-07-28 16:32:53', 'Gui'),(1540, 'D43780', '2022-07-28 16:32:53', 'Gui'),(1541, 'D11884', '2022-07-28 16:32:53', 'Gui'),(1542, 'D87040', '2022-07-28 16:32:53', 'Gui'),(1543, 'D26847', '2022-07-28 16:32:53', 'Gui'),(1544, 'D64835', '2022-07-28 16:32:53', 'Gui'),(1545, 'D46339', '2022-07-28 16:32:53', 'Gui'),(1546, 'D50381', '2022-07-28 16:32:53', 'Gui'),(1547, 'D25783', '2022-07-28 16:32:53', 'Gui'),(1548, 'D34102', '2022-07-28 16:32:53', 'Gui'),(1549, 'D70882', '2022-07-28 16:32:53', 'Gui'),(1550, 'D32543', '2022-07-28 16:32:53', 'Gui'),(1551, 'D28565', '2022-07-28 16:32:53', 'Gui'),(1552, 'D80064', '2022-07-28 16:32:53', 'Gui'),(1553, 'D75364', '2022-07-28 16:32:53', 'Gui'),(1554, 'D21322', '2022-07-28 16:32:53', 'Gui'),(1555, 'D21363', '2022-07-28 16:32:53', 'Gui'),(1556, 'D39759', '2022-07-28 16:32:53', 'Gui'),(1557, 'D77606', '2022-07-28 16:32:53', 'Gui'),(1558, 'D47498', '2022-07-28 16:32:53', 'Gui'),(1559, 'D46601', '2022-07-28 16:32:53', 'Gui'),(1560, 'D43130', '2022-07-28 16:32:53', 'Gui'),(1561, 'D40044', '2022-07-28 16:32:53', 'Gui'),(1562, 'D96662', '2022-07-28 16:32:53', 'Gui'),(1563, 'D81376', '2022-07-28 16:32:53', 'Gui'),(1564, 'D76734', '2022-07-28 16:32:53', 'Gui'),(1565, 'D43415', '2022-07-28 16:32:53', 'Gui'),(1566, 'D88300', '2022-07-28 16:32:53', 'Gui'),(1567, 'D62771', '2022-07-28 16:32:53', 'Gui'),(1568, 'D15280', '2022-07-28 16:32:53', 'Gui'),(1569, 'D82775', '2022-07-28 16:32:53', 'Gui'),(1570, 'D78746', '2022-07-28 16:32:53', 'Gui'),(1571, 'D69944', '2022-07-28 16:32:53', 'Gui'),(1572, 'D41686', '2022-07-28 16:32:53', 'Gui'),(1573, 'D32529', '2022-07-28 16:32:53', 'Gui'),(1574, 'D91094', '2022-07-28 16:32:53', 'Gui'),(1575, 'D51986', '2022-07-28 16:32:53', 'Gui'),(1576, 'D22910', '2022-07-28 16:32:53', 'Gui'),(1577, 'D72237', '2022-07-28 16:32:53', 'Gui'),(1578, 'D49767', '2022-07-28 16:32:53', 'Gui'),(1579, 'D82418', '2022-07-28 16:32:53', 'Gui'),(1580, 'D45011', '2022-07-28 16:32:53', 'Gui'),(1581, 'D53924', '2022-07-28 16:32:53', 'Gui'),(1582, 'D67539', '2022-07-28 16:32:53', 'Gui'),(1583, 'D51689', '2022-07-28 16:32:53', 'Gui'),(1584, 'D22425', '2022-07-28 16:32:53', 'Gui'),(1585, 'D93947', '2022-07-28 16:32:53', 'Gui'),(1586, 'D27476', '2022-07-28 16:32:53', 'Gui'),(1587, 'D78296', '2022-07-28 16:32:53', 'Gui'),(1588, 'D77264', '2022-07-28 16:32:53', 'Gui'),(1589, 'D17236', '2022-07-28 16:32:53', 'Gui'),(1590, 'D37490', '2022-07-28 16:32:53', 'Gui'),(1591, 'D52729', '2022-07-28 16:32:53', 'Gui'),(1592, 'D49101', '2022-07-28 16:32:53', 'Gui'),(1593, 'D98283', '2022-07-28 16:32:53', 'Gui'),(1594, 'D99843', '2022-07-28 16:32:53', 'Gui'),(1595, 'D61402', '2022-07-28 16:32:53', 'Gui'),(1596, 'D86206', '2022-07-28 16:32:53', 'Gui'),(1597, 'D84029', '2022-07-28 16:32:53', 'Gui'),(1598, 'D82378', '2022-07-28 16:32:53', 'Gui'),(1599, 'D58048', '2022-07-28 16:32:53', 'Gui'),(1600, 'D86492', '2022-07-28 16:32:53', 'Gui'),(1601, 'D19780', '2022-07-28 16:32:53', 'Gui'),(1602, 'D66444', '2022-07-28 16:32:53', 'Gui'),(1603, 'D85825', '2022-07-28 16:32:53', 'Gui'),(1604, 'D26343', '2022-07-28 16:32:53', 'Gui'),(1605, 'D94783', '2022-07-28 16:32:53', 'Gui'),(1606, 'D90711', '2022-07-28 16:32:53', 'Gui'),(1607, 'D39381', '2022-07-28 16:32:53', 'Gui'),(1608, 'D71993', '2022-07-28 16:32:53', 'Gui'),(1609, 'D50695', '2022-07-28 16:32:53', 'Gui'),(1610, 'D46839', '2022-07-28 16:32:53', 'Gui'),(1611, 'D82854', '2022-07-28 16:32:53', 'Gui'),(1612, 'D64138', '2022-07-28 16:32:53', 'Gui'),(1613, 'D18291', '2022-07-28 16:32:53', 'Gui'),(1614, 'D98682', '2022-07-28 16:32:53', 'Gui'),(1615, 'D86675', '2022-07-28 16:32:53', 'Gui'),(1616, 'D58065', '2022-07-28 16:32:53', 'Gui'),(1617, 'D45706', '2022-07-28 16:32:53', 'Gui'),(1618, 'D20220', '2022-07-28 16:32:53', 'Gui'),(1619, 'D73934', '2022-07-28 16:32:53', 'Gui'),(1620, 'D43419', '2022-07-28 16:32:53', 'Gui'),(1621, 'D26082', '2022-07-28 16:32:53', 'Gui'),(1622, 'D94983', '2022-07-28 16:32:53', 'Gui'),(1623, 'D69512', '2022-07-28 16:32:53', 'Gui'),(1624, 'D13555', '2022-07-28 16:32:53', 'Gui'),(1625, 'D27144', '2022-07-28 16:32:53', 'Gui'),(1626, 'D11683', '2022-07-28 16:32:53', 'Gui'),(1627, 'D24472', '2022-07-28 16:32:53', 'Gui'),(1628, 'D63140', '2022-07-28 16:32:53', 'Gui'),(1629, 'D87759', '2022-07-28 16:32:53', 'Gui'),(1630, 'D70048', '2022-07-28 16:32:53', 'Gui'),(1631, 'D56887', '2022-07-28 16:32:53', 'Gui'),(1632, 'D13734', '2022-07-28 16:32:53', 'Gui'),(1633, 'D62006', '2022-07-28 16:32:53', 'Gui'),(1634, 'D87852', '2022-07-28 16:32:53', 'Gui'),(1635, 'D35878', '2022-07-28 16:32:53', 'Gui'),(1636, 'D78084', '2022-07-28 16:32:53', 'Gui'),(1637, 'D97246', '2022-07-28 16:32:53', 'Gui'),(1638, 'D99833', '2022-07-28 16:32:53', 'Gui'),(1639, 'D35134', '2022-07-28 16:32:53', 'Gui'),(1640, 'D93253', '2022-07-28 16:32:53', 'Gui'),(1641, 'D83871', '2022-07-28 16:32:53', 'Gui'),(1642, 'D53559', '2022-07-28 16:32:53', 'Gui'),(1643, 'D11222', '2022-07-28 16:32:53', 'Gui'),(1644, 'D17551', '2022-07-28 16:32:53', 'Gui'),(1645, 'D68063', '2022-07-28 16:32:53', 'Gui'),(1646, 'D93165', '2022-07-28 16:32:53', 'Gui'),(1647, 'D21293', '2022-07-28 16:32:53', 'Gui'),(1648, 'D58824', '2022-07-28 16:32:53', 'Gui'),(1649, 'D97268', '2022-07-28 16:32:53', 'Gui'),(1650, 'D80933', '2022-07-28 16:32:53', 'Gui'),(1651, 'D54602', '2022-07-28 16:32:53', 'Gui'),(1652, 'D38288', '2022-07-28 16:32:53', 'Gui'),(1653, 'D74375', '2022-07-28 16:32:53', 'Gui'),(1654, 'D53487', '2022-07-28 16:32:53', 'Gui'),(1655, 'D13940', '2022-07-28 16:32:53', 'Gui'),(1656, 'D41421', '2022-07-28 16:32:53', 'Gui'),(1657, 'D68942', '2022-07-28 16:32:53', 'Gui'),(1658, 'D96482', '2022-07-28 16:32:53', 'Gui'),(1659, 'D36236', '2022-07-28 16:32:53', 'Gui'),(1660, 'D84185', '2022-07-28 16:32:53', 'Gui'),(1661, 'D82009', '2022-07-28 16:32:53', 'Gui'),(1662, 'D22953', '2022-07-28 16:32:53', 'Gui'),(1663, 'D16889', '2022-07-28 16:32:53', 'Gui'),(1664, 'D33539', '2022-07-28 16:32:53', 'Gui'),(1665, 'D92503', '2022-07-28 16:32:53', 'Gui'),(1666, 'D24396', '2022-07-28 16:32:53', 'Gui'),(1667, 'D35119', '2022-07-28 16:32:53', 'Gui'),(1668, 'D73874', '2022-07-28 16:32:53', 'Gui'),(1669, 'D79841', '2022-07-28 16:32:53', 'Gui'),(1670, 'D38423', '2022-07-28 16:32:53', 'Gui'),(1671, 'D56414', '2022-07-28 16:32:53', 'Gui'),(1672, 'D27439', '2022-07-28 16:32:53', 'Gui'),(1673, 'D21482', '2022-07-28 16:32:53', 'Gui'),(1674, 'D35706', '2022-07-28 16:32:53', 'Gui'),(1675, 'D13506', '2022-07-28 16:32:53', 'Gui'),(1676, 'D50287', '2022-07-28 16:32:53', 'Gui'),(1677, 'D28808', '2022-07-28 16:32:53', 'Gui'),(1678, 'D49352', '2022-07-28 16:32:53', 'Gui'),(1679, 'D87000', '2022-07-28 16:32:53', 'Gui'),(1680, 'D51131', '2022-07-28 16:32:53', 'Gui'),(1681, 'D45914', '2022-07-28 16:32:53', 'Gui'),(1682, 'D51738', '2022-07-28 16:32:53', 'Gui'),(1683, 'D76899', '2022-07-28 16:32:53', 'Gui'),(1684, 'D48296', '2022-07-28 16:32:53', 'Gui'),(1685, 'D73291', '2022-07-28 16:32:53', 'Gui'),(1686, 'D12115', '2022-07-28 16:32:53', 'Gui'),(1687, 'D87138', '2022-07-28 16:32:53', 'Gui'),(1688, 'D36718', '2022-07-28 16:32:53', 'Gui'),(1689, 'D39813', '2022-07-28 16:32:53', 'Gui'),(1690, 'D82368', '2022-07-28 16:32:53', 'Gui'),(1691, 'D58115', '2022-07-28 16:32:53', 'Gui'),(1692, 'D68866', '2022-07-28 16:32:53', 'Gui'),(1693, 'D53000', '2022-07-28 16:32:53', 'Gui'),(1694, 'D85604', '2022-07-28 16:32:53', 'Gui'),(1695, 'D13998', '2022-07-28 16:32:53', 'Gui'),(1696, 'D34884', '2022-07-28 16:32:53', 'Gui'),(1697, 'D24432', '2022-07-28 16:32:53', 'Gui'),(1698, 'D29520', '2022-07-28 16:32:53', 'Gui'),(1699, 'D28968', '2022-07-28 16:32:53', 'Gui'),(1700, 'D73817', '2022-07-28 16:32:53', 'Gui'),(1701, 'D57587', '2022-07-28 16:32:53', 'Gui'),(1702, 'D16344', '2022-07-28 16:32:53', 'Gui'),(1703, 'D10658', '2022-07-28 16:32:53', 'Gui'),(1704, 'D43240', '2022-07-28 16:32:53', 'Gui'),(1705, 'D88387', '2022-07-28 16:32:53', 'Gui'),(1706, 'D77200', '2022-07-28 16:32:53', 'Gui'),(1707, 'D21441', '2022-07-28 16:32:53', 'Gui'),(1708, 'D31107', '2022-07-28 16:32:53', 'Gui'),(1709, 'D70281', '2022-07-28 16:32:53', 'Gui'),(1710, 'D29291', '2022-07-28 16:32:53', 'Gui'),(1711, 'D12226', '2022-07-28 16:32:53', 'Gui'),(1712, 'D68585', '2022-07-28 16:32:53', 'Gui'),(1713, 'D75192', '2022-07-28 16:32:53', 'Gui'),(1714, 'D87022', '2022-07-28 16:32:53', 'Gui'),(1715, 'D10850', '2022-07-28 16:32:53', 'Gui'),(1716, 'D28525', '2022-07-28 16:32:53', 'Gui'),(1717, 'D61783', '2022-07-28 16:32:53', 'Gui'),(1718, 'D14873', '2022-07-28 16:32:53', 'Gui'),(1719, 'D31124', '2022-07-28 16:32:53', 'Gui'),(1720, 'D88665', '2022-07-28 16:32:53', 'Gui'),(1721, 'D94960', '2022-07-28 16:32:53', 'Gui'),(1722, 'D37259', '2022-07-28 16:32:53', 'Gui'),(1723, 'D96864', '2022-07-28 16:32:53', 'Gui'),(1724, 'D34717', '2022-07-28 16:32:53', 'Gui'),(1725, 'D75694', '2022-07-28 16:32:53', 'Gui'),(1726, 'D46160', '2022-07-28 16:32:53', 'Gui'),(1727, 'D82614', '2022-07-28 16:32:53', 'Gui'),(1728, 'D33990', '2022-07-28 16:32:53', 'Gui'),(1729, 'D67557', '2022-07-28 16:32:53', 'Gui'),(1730, 'D43148', '2022-07-28 16:32:53', 'Gui'),(1731, 'D41839', '2022-07-28 16:32:53', 'Gui'),(1732, 'D47801', '2022-07-28 16:32:53', 'Gui'),(1733, 'D33967', '2022-07-28 16:32:53', 'Gui'),(1734, 'D45195', '2022-07-28 16:32:53', 'Gui'),(1735, 'D34919', '2022-07-28 16:32:53', 'Gui'),(1736, 'D71178', '2022-07-28 16:32:53', 'Gui'),(1737, 'D95395', '2022-07-28 16:32:53', 'Gui'),(1738, 'D57579', '2022-07-28 16:32:53', 'Gui'),(1739, 'D47366', '2022-07-28 16:32:53', 'Gui'),(1740, 'D46219', '2022-07-28 16:32:53', 'Gui'),(1741, 'D39874', '2022-07-28 16:32:53', 'Gui'),(1742, 'D21781', '2022-07-28 16:32:53', 'Gui'),(1743, 'D54720', '2022-07-28 16:32:53', 'Gui'),(1744, 'D50462', '2022-07-28 16:32:54', 'Gui'),(1745, 'D13326', '2022-07-28 16:32:54', 'Gui'),(1746, 'D52616', '2022-07-28 16:32:54', 'Gui'),(1747, 'D54063', '2022-07-28 16:32:54', 'Gui'),(1748, 'D67434', '2022-07-28 16:32:54', 'Gui'),(1749, 'D17091', '2022-07-28 16:32:54', 'Gui'),(1750, 'D79685', '2022-07-28 16:32:54', 'Gui'),(1751, 'D41807', '2022-07-28 16:32:54', 'Gui'),(1752, 'D26421', '2022-07-28 16:32:54', 'Gui'),(1753, 'D16531', '2022-07-28 16:32:54', 'Gui'),(1754, 'D45432', '2022-07-28 16:32:54', 'Gui'),(1755, 'D81724', '2022-07-28 16:32:54', 'Gui'),(1756, 'D58368', '2022-07-28 16:32:54', 'Gui'),(1757, 'D88656', '2022-07-28 16:32:54', 'Gui'),(1758, 'D85757', '2022-07-28 16:32:54', 'Gui'),(1759, 'D88297', '2022-07-28 16:32:54', 'Gui'),(1760, 'D31874', '2022-07-28 16:32:54', 'Gui'),(1761, 'D19316', '2022-07-28 16:32:54', 'Gui'),(1762, 'D27443', '2022-07-28 16:32:54', 'Gui'),(1763, 'D82177', '2022-07-28 16:32:54', 'Gui'),(1764, 'D79521', '2022-07-28 16:32:54', 'Gui'),(1765, 'D66875', '2022-07-28 16:32:54', 'Gui'),(1766, 'D24649', '2022-07-28 16:32:54', 'Gui'),(1767, 'D48596', '2022-07-28 16:32:54', 'Gui'),(1768, 'D40425', '2022-07-28 16:32:54', 'Gui'),(1769, 'D58396', '2022-07-28 16:32:54', 'Gui'),(1770, 'D93859', '2022-07-28 16:32:54', 'Gui'),(1771, 'D88459', '2022-07-28 16:32:54', 'Gui'),(1772, 'D66990', '2022-07-28 16:32:54', 'Gui'),(1773, 'D66487', '2022-07-28 16:32:54', 'Gui'),(1774, 'D85110', '2022-07-28 16:32:54', 'Gui'),(1775, 'D43545', '2022-07-28 16:32:54', 'Gui'),(1776, 'D96418', '2022-07-28 16:32:54', 'Gui'),(1777, 'D89240', '2022-07-28 16:32:54', 'Gui'),(1778, 'D90016', '2022-07-28 16:32:54', 'Gui'),(1779, 'D36983', '2022-07-28 16:32:54', 'Gui'),(1780, 'D60026', '2022-07-28 16:32:54', 'Gui'),(1781, 'D24200', '2022-07-28 16:32:54', 'Gui'),(1782, 'D38613', '2022-07-28 16:32:54', 'Gui'),(1783, 'D65985', '2022-07-28 16:32:54', 'Gui'),(1784, 'D11955', '2022-07-28 16:32:54', 'Gui'),(1785, 'D94828', '2022-07-28 16:32:54', 'Gui'),(1786, 'D14031', '2022-07-28 16:32:54', 'Gui'),(1787, 'D37145', '2022-07-28 16:32:54', 'Gui'),(1788, 'D99897', '2022-07-28 16:32:54', 'Gui'),(1789, 'D31189', '2022-07-28 16:32:54', 'Gui'),(1790, 'D96005', '2022-07-28 16:32:54', 'Gui'),(1791, 'D92584', '2022-07-28 16:32:54', 'Gui'),(1792, 'D28686', '2022-07-28 16:32:54', 'Gui'),(1793, 'D69336', '2022-07-28 16:32:54', 'Gui'),(1794, 'D13230', '2022-07-28 16:32:54', 'Gui'),(1795, 'D35150', '2022-07-28 16:32:54', 'Gui'),(1796, 'D80586', '2022-07-28 16:32:54', 'Gui'),(1797, 'D92089', '2022-07-28 16:32:54', 'Gui'),(1798, 'D64345', '2022-07-28 16:32:54', 'Gui'),(1799, 'D84210', '2022-07-28 16:32:54', 'Gui'),(1800, 'D79061', '2022-07-28 16:32:54', 'Gui'),(1801, 'D80874', '2022-07-28 16:32:54', 'Gui'),(1802, 'D38346', '2022-07-28 16:32:54', 'Gui'),(1803, 'D31626', '2022-07-28 16:32:54', 'Gui'),(1804, 'D54264', '2022-07-28 16:32:54', 'Gui'),(1805, 'D27525', '2022-07-28 16:32:54', 'Gui'),(1806, 'D61154', '2022-07-28 16:32:54', 'Gui'),(1807, 'D33837', '2022-07-28 16:32:54', 'Gui'),(1808, 'D87373', '2022-07-28 16:32:54', 'Gui'),(1809, 'D88274', '2022-07-28 16:32:54', 'Gui'),(1810, 'D97563', '2022-07-28 16:32:54', 'Gui'),(1811, 'D43119', '2022-07-28 16:32:54', 'Gui'),(1812, 'D23773', '2022-07-28 16:32:54', 'Gui'),(1813, 'D95335', '2022-07-28 16:32:54', 'Gui'),(1814, 'D92177', '2022-07-28 16:32:54', 'Gui'),(1815, 'D16615', '2022-07-28 16:32:54', 'Gui'),(1816, 'D65085', '2022-07-28 16:32:54', 'Gui'),(1817, 'D42905', '2022-07-28 16:32:54', 'Gui'),(1818, 'D59298', '2022-07-28 16:32:54', 'Gui'),(1819, 'D49947', '2022-07-28 16:32:54', 'Gui'),(1820, 'D54266', '2022-07-28 16:32:54', 'Gui'),(1821, 'D14162', '2022-07-28 16:32:54', 'Gui'),(1822, 'D24551', '2022-07-28 16:32:54', 'Gui'),(1823, 'D12253', '2022-07-28 16:32:54', 'Gui'),(1824, 'D79178', '2022-07-28 16:32:54', 'Gui'),(1825, 'D78756', '2022-07-28 16:32:54', 'Gui'),(1826, 'D85373', '2022-07-28 16:32:54', 'Gui'),(1827, 'D36726', '2022-07-28 16:32:54', 'Gui'),(1828, 'D51872', '2022-07-28 16:32:54', 'Gui'),(1829, 'D80112', '2022-07-28 16:32:54', 'Gui'),(1830, 'D96378', '2022-07-28 16:32:54', 'Gui'),(1831, 'D88470', '2022-07-28 16:32:54', 'Gui'),(1832, 'D58429', '2022-07-28 16:32:54', 'Gui'),(1833, 'D18379', '2022-07-28 16:32:54', 'Gui'),(1834, 'D56466', '2022-07-28 16:32:54', 'Gui'),(1835, 'D78947', '2022-07-28 16:32:54', 'Gui'),(1836, 'D49128', '2022-07-28 16:32:54', 'Gui'),(1837, 'D76825', '2022-07-28 16:32:54', 'Gui'),(1838, 'D49612', '2022-07-28 16:32:54', 'Gui'),(1839, 'D24117', '2022-07-28 16:32:54', 'Gui'),(1840, 'D38045', '2022-07-28 16:32:54', 'Gui'),(1841, 'D12726', '2022-07-28 16:32:54', 'Gui'),(1842, 'D32526', '2022-07-28 16:32:54', 'Gui'),(1843, 'D26839', '2022-07-28 16:32:54', 'Gui'),(1844, 'D58537', '2022-07-28 16:32:54', 'Gui'),(1845, 'D54180', '2022-07-28 16:32:54', 'Gui'),(1846, 'D96816', '2022-07-28 16:32:54', 'Gui'),(1847, 'D13905', '2022-07-28 16:32:54', 'Gui'),(1848, 'D72743', '2022-07-28 16:32:54', 'Gui'),(1849, 'D80347', '2022-07-28 16:32:54', 'Gui'),(1850, 'D56559', '2022-07-28 16:32:54', 'Gui'),(1851, 'D75499', '2022-07-28 16:32:54', 'Gui'),(1852, 'D68642', '2022-07-28 16:32:54', 'Gui'),(1853, 'D89933', '2022-07-28 16:32:54', 'Gui'),(1854, 'D10310', '2022-07-28 16:32:54', 'Gui'),(1855, 'D16197', '2022-07-28 16:32:54', 'Gui'),(1856, 'D96787', '2022-07-28 16:32:54', 'Gui'),(1857, 'D65588', '2022-07-28 16:32:54', 'Gui'),(1858, 'D47714', '2022-07-28 16:32:54', 'Gui'),(1859, 'D19137', '2022-07-28 16:32:54', 'Gui'),(1860, 'D96438', '2022-07-28 16:32:54', 'Gui'),(1861, 'D61309', '2022-07-28 16:32:54', 'Gui'),(1862, 'D11881', '2022-07-28 16:32:54', 'Gui'),(1863, 'D94654', '2022-07-28 16:32:54', 'Gui'),(1864, 'D15708', '2022-07-28 16:32:54', 'Gui'),(1865, 'D91568', '2022-07-28 16:32:54', 'Gui'),(1866, 'D93641', '2022-07-28 16:32:54', 'Gui'),(1867, 'D24678', '2022-07-28 16:32:54', 'Gui'),(1868, 'D52272', '2022-07-28 16:32:54', 'Gui'),(1869, 'D95141', '2022-07-28 16:32:54', 'Gui'),(1870, 'D97685', '2022-07-28 16:32:54', 'Gui'),(1871, 'D26789', '2022-07-28 16:32:54', 'Gui'),(1872, 'D74344', '2022-07-28 16:32:54', 'Gui'),(1873, 'D48770', '2022-07-28 16:32:54', 'Gui'),(1874, 'D51794', '2022-07-28 16:32:54', 'Gui'),(1875, 'D83469', '2022-07-28 16:32:54', 'Gui'),(1876, 'D20966', '2022-07-28 16:32:54', 'Gui'),(1877, 'D50653', '2022-07-28 16:32:54', 'Gui'),(1878, 'D28669', '2022-07-28 16:32:54', 'Gui'),(1879, 'D57818', '2022-07-28 16:32:54', 'Gui'),(1880, 'D56596', '2022-07-28 16:32:54', 'Gui'),(1881, 'D17933', '2022-07-28 16:32:54', 'Gui'),(1882, 'D24881', '2022-07-28 16:32:54', 'Gui'),(1883, 'D58186', '2022-07-28 16:32:54', 'Gui'),(1884, 'D29946', '2022-07-28 16:32:54', 'Gui'),(1885, 'D23918', '2022-07-28 16:32:54', 'Gui'),(1886, 'D83717', '2022-07-28 16:32:54', 'Gui'),(1887, 'D44894', '2022-07-28 16:32:54', 'Gui'),(1888, 'D63412', '2022-07-28 16:32:54', 'Gui'),(1889, 'D87265', '2022-07-28 16:32:54', 'Gui'),(1890, 'D91217', '2022-07-28 16:32:54', 'Gui'),(1891, 'D44923', '2022-07-28 16:32:54', 'Gui'),(1892, 'D56134', '2022-07-28 16:32:54', 'Gui'),(1893, 'D87841', '2022-07-28 16:32:54', 'Gui'),(1894, 'D39999', '2022-07-28 16:32:54', 'Gui'),(1895, 'D33136', '2022-07-28 16:32:54', 'Gui'),(1896, 'D75465', '2022-07-28 16:32:54', 'Gui'),(1897, 'D54863', '2022-07-28 16:32:54', 'Gui'),(1898, 'D34273', '2022-07-28 16:32:54', 'Gui'),(1899, 'D30580', '2022-07-28 16:32:54', 'Gui'),(1900, 'D34883', '2022-07-28 16:32:54', 'Gui'),(1901, 'D33506', '2022-07-28 16:32:54', 'Gui'),(1902, 'D43014', '2022-07-28 16:32:54', 'Gui'),(1903, 'D82737', '2022-07-28 16:32:54', 'Gui'),(1904, 'D82524', '2022-07-28 16:32:54', 'Gui'),(1905, 'D23138', '2022-07-28 16:32:54', 'Gui'),(1906, 'D13821', '2022-07-28 16:32:54', 'Gui'),(1907, 'D66456', '2022-07-28 16:32:54', 'Gui'),(1908, 'D16521', '2022-07-28 16:32:54', 'Gui'),(1909, 'D42705', '2022-07-28 16:32:54', 'Gui'),(1910, 'D18638', '2022-07-28 16:32:54', 'Gui'),(1911, 'D21762', '2022-07-28 16:32:54', 'Gui'),(1912, 'D21939', '2022-07-28 16:32:54', 'Gui'),(1913, 'D68921', '2022-07-28 16:32:54', 'Gui'),(1914, 'D52962', '2022-07-28 16:32:54', 'Gui'),(1915, 'D75080', '2022-07-28 16:32:54', 'Gui'),(1916, 'D87777', '2022-07-28 16:32:54', 'Gui'),(1917, 'D64208', '2022-07-28 16:32:54', 'Gui'),(1918, 'D93505', '2022-07-28 16:32:54', 'Gui'),(1919, 'D97032', '2022-07-28 16:32:54', 'Gui'),(1920, 'D88486', '2022-07-28 16:32:54', 'Gui'),(1921, 'D86647', '2022-07-28 16:32:54', 'Gui'),(1922, 'D68182', '2022-07-28 16:32:54', 'Gui'),(1923, 'D97661', '2022-07-28 16:32:54', 'Gui'),(1924, 'D79199', '2022-07-28 16:32:54', 'Gui'),(1925, 'D75556', '2022-07-28 16:32:54', 'Gui'),(1926, 'D89926', '2022-07-28 16:32:54', 'Gui'),(1927, 'D66408', '2022-07-28 16:32:54', 'Gui'),(1928, 'D45809', '2022-07-28 16:32:54', 'Gui'),(1929, 'D40798', '2022-07-28 16:32:54', 'Gui'),(1930, 'D59215', '2022-07-28 16:32:54', 'Gui'),(1931, 'D62492', '2022-07-28 16:32:54', 'Gui'),(1932, 'D77859', '2022-07-28 16:32:54', 'Gui'),(1933, 'D59285', '2022-07-28 16:32:54', 'Gui'),(1934, 'D89544', '2022-07-28 16:32:54', 'Gui'),(1935, 'D59352', '2022-07-28 16:32:54', 'Gui'),(1936, 'D66545', '2022-07-28 16:32:54', 'Gui'),(1937, 'D77319', '2022-07-28 16:32:54', 'Gui'),(1938, 'D16316', '2022-07-28 16:32:54', 'Gui'),(1939, 'D56081', '2022-07-28 16:32:54', 'Gui'),(1940, 'D18812', '2022-07-28 16:32:54', 'Gui'),(1941, 'D51465', '2022-07-28 16:32:54', 'Gui'),(1942, 'D73947', '2022-07-28 16:32:54', 'Gui'),(1943, 'D89202', '2022-07-28 16:32:54', 'Gui'),(1944, 'D77898', '2022-07-28 16:32:54', 'Gui'),(1945, 'D79291', '2022-07-28 16:32:54', 'Gui'),(1946, 'D18037', '2022-07-28 16:32:54', 'Gui'),(1947, 'D82102', '2022-07-28 16:32:54', 'Gui'),(1948, 'D93020', '2022-07-28 16:32:54', 'Gui'),(1949, 'D63194', '2022-07-28 16:32:54', 'Gui'),(1950, 'D33567', '2022-07-28 16:32:54', 'Gui'),(1951, 'D15027', '2022-07-28 16:32:54', 'Gui'),(1952, 'D62437', '2022-07-28 16:32:54', 'Gui'),(1953, 'D26714', '2022-07-28 16:32:54', 'Gui'),(1954, 'D81004', '2022-07-28 16:32:54', 'Gui'),(1955, 'D92296', '2022-07-28 16:32:54', 'Gui'),(1956, 'D41652', '2022-07-28 16:32:54', 'Gui'),(1957, 'D67618', '2022-07-28 16:32:54', 'Gui'),(1958, 'D91060', '2022-07-28 16:32:54', 'Gui'),(1959, 'D96085', '2022-07-28 16:32:54', 'Gui'),(1960, 'D60015', '2022-07-28 16:32:54', 'Gui'),(1961, 'D80943', '2022-07-28 16:32:54', 'Gui'),(1962, 'D35915', '2022-07-28 16:32:54', 'Gui'),(1963, 'D57918', '2022-07-28 16:32:55', 'Gui'),(1964, 'D73644', '2022-07-28 16:32:55', 'Gui'),(1965, 'D69284', '2022-07-28 16:32:55', 'Gui'),(1966, 'D84545', '2022-07-28 16:32:55', 'Gui'),(1967, 'D75821', '2022-07-28 16:32:55', 'Gui'),(1968, 'D74515', '2022-07-28 16:32:55', 'Gui'),(1969, 'D63243', '2022-07-28 16:32:55', 'Gui'),(1970, 'D39547', '2022-07-28 16:32:55', 'Gui'),(1971, 'D86271', '2022-07-28 16:32:55', 'Gui'),(1972, 'D60104', '2022-07-28 16:32:55', 'Gui'),(1973, 'D98255', '2022-07-28 16:32:55', 'Gui'),(1974, 'D52245', '2022-07-28 16:32:55', 'Gui'),(1975, 'D16308', '2022-07-28 16:32:55', 'Gui'),(1976, 'D65862', '2022-07-28 16:32:55', 'Gui'),(1977, 'D74724', '2022-07-28 16:32:55', 'Gui'),(1978, 'D81499', '2022-07-28 16:32:55', 'Gui'),(1979, 'D32943', '2022-07-28 16:32:55', 'Gui'),(1980, 'D21725', '2022-07-28 16:32:55', 'Gui'),(1981, 'D94214', '2022-07-28 16:32:55', 'Gui'),(1982, 'D95759', '2022-07-28 16:32:55', 'Gui'),(1983, 'D35752', '2022-07-28 16:32:55', 'Gui'),(1984, 'D43347', '2022-07-28 16:32:55', 'Gui'),(1985, 'D80717', '2022-07-28 16:32:55', 'Gui'),(1986, 'D47370', '2022-07-28 16:32:55', 'Gui'),(1987, 'D58925', '2022-07-28 16:32:55', 'Gui'),(1988, 'D57078', '2022-07-28 16:32:55', 'Gui'),(1989, 'D13731', '2022-07-28 16:32:55', 'Gui'),(1990, 'D67043', '2022-07-28 16:32:55', 'Gui'),(1991, 'D46663', '2022-07-28 16:32:55', 'Gui'),(1992, 'D74496', '2022-07-28 16:32:55', 'Gui'),(1993, 'D54892', '2022-07-28 16:32:55', 'Gui'),(1994, 'D37169', '2022-07-28 16:32:55', 'Gui'),(1995, 'D97504', '2022-07-28 16:32:55', 'Gui'),(1996, 'D73614', '2022-07-28 16:32:55', 'Gui'),(1997, 'D18825', '2022-07-28 16:32:55', 'Gui'),(1998, 'D15152', '2022-07-28 16:32:55', 'Gui'),(1999, 'D27101', '2022-07-28 16:32:55', 'Gui');
UNLOCK TABLES;
COMMIT;
BEGIN;
LOCK TABLES `baiguixe`.`thong_tin_gui` WRITE;
DELETE FROM `baiguixe`.`thong_tin_gui`;
INSERT INTO `baiguixe`.`thong_tin_gui` (`ID`,`ID_the`,`ID_xe`) VALUES (1, 'M13393', 'XE90428'),(2, 'M62466', 'XE58280'),(3, 'M59763', 'XE25346'),(4, 'M63023', 'XE87208'),(5, 'M87712', 'XE96068'),(6, 'M38637', 'XE69991'),(7, 'M62223', 'XE94745'),(8, 'M96526', 'XE53745'),(9, 'M33434', 'XE41809'),(10, 'M78399', 'XE39363'),(11, 'M57196', 'XE35599'),(12, 'M82741', 'XE70415'),(13, 'M72429', 'XE21382'),(14, 'M79020', 'XE57561'),(15, 'M59010', 'XE74036'),(16, 'M55784', 'XE56352'),(17, 'M90094', 'XE15342'),(18, 'M91755', 'XE81290'),(19, 'M86203', 'XE33016'),(20, 'M63032', 'XE96434'),(21, 'M74895', 'XE81319'),(22, 'M95144', 'XE25888'),(23, 'M74332', 'XE57172'),(24, 'M51541', 'XE65187'),(25, 'M13345', 'XE91254'),(26, 'M84512', 'XE56104'),(27, 'M26400', 'XE72113'),(28, 'M71283', 'XE95000'),(29, 'M19371', 'XE92544'),(30, 'M79197', 'XE66172'),(31, 'M89481', 'XE16482'),(32, 'M46451', 'XE77380'),(33, 'M52623', 'XE46800'),(34, 'M61739', 'XE22829'),(35, 'M35107', 'XE89613'),(36, 'M94184', 'XE15188'),(37, 'M14027', 'XE90660'),(38, 'M22785', 'XE12901'),(39, 'M13339', 'XE13217'),(40, 'M81831', 'XE26203'),(41, 'M90711', 'XE17204'),(42, 'M64333', 'XE66921'),(43, 'M67942', 'XE26772'),(44, 'M69600', 'XE77959'),(45, 'M77039', 'XE90317'),(46, 'M30146', 'XE16182'),(47, 'M82951', 'XE18637'),(48, 'M32538', 'XE91001'),(49, 'M60993', 'XE38451'),(50, 'M59191', 'XE22845'),(51, 'M89006', 'XE91945'),(52, 'M55565', 'XE32540'),(53, 'M74455', 'XE45085'),(54, 'M35687', 'XE76575'),(55, 'M82693', 'XE17753'),(56, 'M17745', 'XE76923'),(57, 'M39372', 'XE97629'),(58, 'M21508', 'XE94669'),(59, 'M45933', 'XE71631'),(60, 'M25774', 'XE36424'),(61, 'M44558', 'XE68703'),(62, 'M50468', 'XE59955'),(63, 'M50200', 'XE26517'),(64, 'M54567', 'XE92658'),(65, 'M20856', 'XE40326'),(66, 'M74858', 'XE63963'),(67, 'M53316', 'XE98132'),(68, 'M97142', 'XE98281'),(69, 'M82196', 'XE44984'),(70, 'M26345', 'XE78464'),(71, 'M54179', 'XE29468'),(72, 'M37697', 'XE89131'),(73, 'M52666', 'XE65770'),(74, 'M62156', 'XE73547'),(75, 'M71162', 'XE39483'),(76, 'M65945', 'XE78458'),(77, 'M92183', 'XE57587'),(78, 'M19219', 'XE47451'),(79, 'M13480', 'XE62001'),(80, 'M85981', 'XE54376'),(81, 'M38025', 'XE47036'),(82, 'M33546', 'XE32942'),(83, 'M36234', 'XE97767'),(84, 'M52839', 'XE66789'),(85, 'M31991', 'XE56982'),(86, 'M84052', 'XE27013'),(87, 'M69154', 'XE72446'),(88, 'M31468', 'XE86969'),(89, 'M44156', 'XE67757'),(90, 'M26150', 'XE87548'),(91, 'M41607', 'XE12772'),(92, 'M14366', 'XE37884'),(93, 'M27431', 'XE93215'),(94, 'M17813', 'XE64823'),(95, 'M50588', 'XE66799'),(96, 'M46893', 'XE22597'),(97, 'M78790', 'XE14019'),(98, 'M21376', 'XE73407'),(99, 'M41058', 'XE28480'),(100, 'M83558', 'XE66259'),(101, 'M66612', 'XE80199'),(102, 'M55839', 'XE49216'),(103, 'M84518', 'XE34257'),(104, 'M47452', 'XE31705'),(105, 'M31131', 'XE63703'),(106, 'M18610', 'XE94803'),(107, 'M77192', 'XE80826'),(108, 'M97772', 'XE36944'),(109, 'M56092', 'XE17358'),(110, 'M64822', 'XE92884'),(111, 'M73433', 'XE25322'),(112, 'M62751', 'XE72753'),(113, 'M13742', 'XE25848'),(114, 'M81054', 'XE19588'),(115, 'M73966', 'XE26849'),(116, 'M41795', 'XE14259'),(117, 'M88155', 'XE43607'),(118, 'M14623', 'XE28765'),(119, 'M78972', 'XE19303'),(120, 'M36046', 'XE61200'),(121, 'M84444', 'XE97973'),(122, 'M50852', 'XE83314'),(123, 'M36234', 'XE68069'),(124, 'M79826', 'XE29611'),(125, 'M91654', 'XE64274'),(126, 'M55261', 'XE76695'),(127, 'M92364', 'XE62791'),(128, 'M90519', 'XE36491'),(129, 'M37172', 'XE37103'),(130, 'M47307', 'XE49521'),(131, 'M72184', 'XE13060'),(132, 'M78270', 'XE58850'),(133, 'M77148', 'XE56991'),(134, 'M74919', 'XE66387'),(135, 'M53106', 'XE80518'),(136, 'M85738', 'XE90287'),(137, 'M82215', 'XE95630'),(138, 'M31359', 'XE25549'),(139, 'M86906', 'XE63335'),(140, 'M19856', 'XE75517'),(141, 'M40336', 'XE10486'),(142, 'M94070', 'XE82450'),(143, 'M16979', 'XE84870'),(144, 'M71906', 'XE53823'),(145, 'M90029', 'XE34060'),(146, 'M68600', 'XE83737'),(147, 'M57352', 'XE98593'),(148, 'M87214', 'XE31602'),(149, 'M31568', 'XE60313'),(150, 'M60043', 'XE70926'),(151, 'M26862', 'XE50399'),(152, 'M71834', 'XE45494'),(153, 'M29488', 'XE83292'),(154, 'M13714', 'XE99153'),(155, 'M74679', 'XE17143'),(156, 'M29050', 'XE63357'),(157, 'M16297', 'XE80088'),(158, 'M67002', 'XE54668'),(159, 'M94652', 'XE90654'),(160, 'M52944', 'XE48263'),(161, 'M29706', 'XE35642'),(162, 'M73104', 'XE46380'),(163, 'M79432', 'XE17200'),(164, 'M75683', 'XE55179'),(165, 'M39886', 'XE41727'),(166, 'M68498', 'XE93660'),(167, 'M69089', 'XE77473'),(168, 'M31675', 'XE27851'),(169, 'M80221', 'XE19142'),(170, 'M50751', 'XE80762'),(171, 'M18550', 'XE26339'),(172, 'M98916', 'XE10316'),(173, 'M26581', 'XE93608'),(174, 'M73300', 'XE62756'),(175, 'M40505', 'XE75022'),(176, 'M63338', 'XE92626'),(177, 'M94334', 'XE25814'),(178, 'M26367', 'XE49028'),(179, 'M98524', 'XE66106'),(180, 'M84858', 'XE35185'),(181, 'M84840', 'XE68365'),(182, 'M28208', 'XE30052'),(183, 'M53569', 'XE28392'),(184, 'M68107', 'XE72621'),(185, 'M64510', 'XE18651'),(186, 'M11051', 'XE54285'),(187, 'M81253', 'XE47322'),(188, 'M49521', 'XE36795'),(189, 'M82307', 'XE36024'),(190, 'M46863', 'XE73383'),(191, 'M29698', 'XE67090'),(192, 'M20824', 'XE21377'),(193, 'M94776', 'XE58127'),(194, 'M19849', 'XE35265'),(195, 'M38008', 'XE61367'),(196, 'M71973', 'XE70624'),(197, 'M27345', 'XE67685'),(198, 'M48130', 'XE71837'),(199, 'M87515', 'XE94596'),(200, 'M46233', 'XE10042'),(201, 'M84280', 'XE19966'),(202, 'M93581', 'XE56641'),(203, 'M35240', 'XE73626'),(204, 'M93770', 'XE41501'),(205, 'M63885', 'XE97284'),(206, 'M29983', 'XE23914'),(207, 'M97288', 'XE91367'),(208, 'M30830', 'XE93913'),(209, 'M65194', 'XE63190'),(210, 'M43852', 'XE98158'),(211, 'M39843', 'XE48246'),(212, 'M42900', 'XE31968'),(213, 'M27819', 'XE78620'),(214, 'M24720', 'XE81787'),(215, 'M50034', 'XE15174'),(216, 'M27241', 'XE26100'),(217, 'M14623', 'XE29721'),(218, 'M97333', 'XE35033'),(219, 'M15250', 'XE15250'),(220, 'M47924', 'XE45181'),(221, 'M52576', 'XE28975'),(222, 'M26451', 'XE25909'),(223, 'M25694', 'XE88920'),(224, 'M38839', 'XE34289'),(225, 'M29046', 'XE13549'),(226, 'M20837', 'XE82969'),(227, 'M30024', 'XE55004'),(228, 'M91984', 'XE81619'),(229, 'M68652', 'XE71741'),(230, 'M64093', 'XE45174'),(231, 'M58639', 'XE33300'),(232, 'M57887', 'XE29364'),(233, 'M41474', 'XE18216'),(234, 'M51498', 'XE19103'),(235, 'M88557', 'XE54507'),(236, 'M34466', 'XE40772'),(237, 'M56040', 'XE80995'),(238, 'M66972', 'XE83536'),(239, 'M13849', 'XE46389'),(240, 'M27710', 'XE61414'),(241, 'M72709', 'XE20947'),(242, 'M30248', 'XE99715'),(243, 'M24124', 'XE45099'),(244, 'M36549', 'XE39365'),(245, 'M13460', 'XE74043'),(246, 'M94919', 'XE85257'),(247, 'M73391', 'XE57691'),(248, 'M88405', 'XE65557'),(249, 'M17257', 'XE52968'),(250, 'M84081', 'XE73523'),(251, 'M74291', 'XE76925'),(252, 'M62127', 'XE79838'),(253, 'M69411', 'XE30458'),(254, 'M21620', 'XE98045'),(255, 'M53731', 'XE60291'),(256, 'M46830', 'XE13796'),(257, 'M76099', 'XE46873'),(258, 'M91642', 'XE74435'),(259, 'M24095', 'XE70503'),(260, 'M75637', 'XE48896'),(261, 'M88609', 'XE56472'),(262, 'M45449', 'XE80764'),(263, 'M72796', 'XE34879'),(264, 'M82348', 'XE48106'),(265, 'M55408', 'XE28095'),(266, 'M80564', 'XE12105'),(267, 'M61086', 'XE68898'),(268, 'M53311', 'XE23899'),(269, 'M78876', 'XE98421'),(270, 'M99767', 'XE99430'),(271, 'M41148', 'XE46857'),(272, 'M73457', 'XE24438'),(273, 'M43214', 'XE16823'),(274, 'M28848', 'XE63826'),(275, 'M30949', 'XE17176'),(276, 'M88419', 'XE22010'),(277, 'M79182', 'XE24840'),(278, 'M70625', 'XE76431'),(279, 'M18195', 'XE42283'),(280, 'M40622', 'XE53068'),(281, 'M65311', 'XE96516'),(282, 'M33000', 'XE58362'),(283, 'M84781', 'XE90319'),(284, 'M20086', 'XE12953'),(285, 'M88981', 'XE33748'),(286, 'M38737', 'XE38558'),(287, 'M88619', 'XE89313'),(288, 'M30581', 'XE98932'),(289, 'M58118', 'XE80348'),(290, 'M80126', 'XE52418'),(291, 'M60608', 'XE90250'),(292, 'M67723', 'XE85055'),(293, 'M51143', 'XE47846'),(294, 'M13039', 'XE31153'),(295, 'M79345', 'XE26217'),(296, 'M53765', 'XE86148'),(297, 'M48965', 'XE15343'),(298, 'M89734', 'XE80489'),(299, 'M38074', 'XE97632'),(300, 'M61319', 'XE65812'),(301, 'M60131', 'XE31014'),(302, 'M12595', 'XE75297'),(303, 'M83972', 'XE50431'),(304, 'M17174', 'XE52047'),(305, 'M47787', 'XE37802'),(306, 'M20762', 'XE83405'),(307, 'M49607', 'XE88109'),(308, 'M12057', 'XE74276'),(309, 'M76246', 'XE37455'),(310, 'M56881', 'XE67202'),(311, 'M23746', 'XE59416'),(312, 'M44825', 'XE35250'),(313, 'M48294', 'XE96472'),(314, 'M66365', 'XE44257'),(315, 'M70595', 'XE19774'),(316, 'M95152', 'XE82340'),(317, 'M66701', 'XE75669'),(318, 'M31467', 'XE15505'),(319, 'M98431', 'XE16477'),(320, 'M41130', 'XE98005'),(321, 'M24644', 'XE43631'),(322, 'M22526', 'XE29296'),(323, 'M20080', 'XE12269'),(324, 'M87219', 'XE45753'),(325, 'M46571', 'XE79375'),(326, 'M63331', 'XE66935'),(327, 'M66711', 'XE57428'),(328, 'M36829', 'XE74774'),(329, 'M52517', 'XE65496'),(330, 'M94677', 'XE49843'),(331, 'M91524', 'XE35773'),(332, 'M31804', 'XE55226'),(333, 'M83409', 'XE77488'),(334, 'M56832', 'XE23325'),(335, 'M94003', 'XE21197'),(336, 'M29370', 'XE50277'),(337, 'M56721', 'XE58063'),(338, 'M44701', 'XE12550'),(339, 'M51345', 'XE57474'),(340, 'M18438', 'XE68786'),(341, 'M52829', 'XE74183'),(342, 'M45747', 'XE18699'),(343, 'M75845', 'XE50627'),(344, 'M34449', 'XE27414'),(345, 'M31642', 'XE51561'),(346, 'M26816', 'XE88330'),(347, 'M89113', 'XE50841'),(348, 'M81145', 'XE92053'),(349, 'M48110', 'XE68555'),(350, 'M63012', 'XE62711'),(351, 'M56509', 'XE37538'),(352, 'M60071', 'XE83256'),(353, 'M15126', 'XE53526'),(354, 'M19222', 'XE54827'),(355, 'M10532', 'XE39533'),(356, 'M42449', 'XE74131'),(357, 'M88578', 'XE63579'),(358, 'M73496', 'XE83249'),(359, 'M16415', 'XE17863'),(360, 'M24644', 'XE13459'),(361, 'M72952', 'XE41832'),(362, 'M63921', 'XE25806'),(363, 'M69412', 'XE64146'),(364, 'M67427', 'XE16575'),(365, 'M54108', 'XE94714'),(366, 'M30882', 'XE11483'),(367, 'M86912', 'XE25386'),(368, 'M28816', 'XE84438'),(369, 'M25470', 'XE93531'),(370, 'M10600', 'XE27666'),(371, 'M87134', 'XE19976'),(372, 'M92625', 'XE33579'),(373, 'M21479', 'XE79638'),(374, 'M30593', 'XE80236'),(375, 'M70485', 'XE82495'),(376, 'M95335', 'XE82709'),(377, 'M96779', 'XE52557'),(378, 'M16881', 'XE92627'),(379, 'M94905', 'XE95600'),(380, 'M71923', 'XE98640'),(381, 'M28742', 'XE88555'),(382, 'M93509', 'XE35977'),(383, 'M22953', 'XE74003'),(384, 'M57088', 'XE26065'),(385, 'M39111', 'XE45526'),(386, 'M13055', 'XE70931'),(387, 'M50068', 'XE29927'),(388, 'M18535', 'XE54697'),(389, 'M64215', 'XE90475'),(390, 'M60995', 'XE13616'),(391, 'M24909', 'XE81616'),(392, 'M45185', 'XE41928'),(393, 'M28274', 'XE69897'),(394, 'M18920', 'XE85636'),(395, 'M26119', 'XE63423'),(396, 'M81698', 'XE54532'),(397, 'M30413', 'XE47068'),(398, 'M34189', 'XE25412'),(399, 'M80087', 'XE52168'),(400, 'M47690', 'XE42927'),(401, 'M71373', 'XE81414'),(402, 'M61678', 'XE63658'),(403, 'M18327', 'XE95317'),(404, 'M28104', 'XE61513'),(405, 'M45772', 'XE34402'),(406, 'M38898', 'XE57791'),(407, 'M20500', 'XE28660'),(408, 'M77959', 'XE28193'),(409, 'M73054', 'XE50900'),(410, 'M26446', 'XE37684'),(411, 'M86778', 'XE76674'),(412, 'M39342', 'XE53231'),(413, 'M77804', 'XE32624'),(414, 'M49853', 'XE58599'),(415, 'M63006', 'XE67881'),(416, 'M98731', 'XE48669'),(417, 'M50105', 'XE30672'),(418, 'M42971', 'XE60068'),(419, 'M90036', 'XE60998'),(420, 'M15433', 'XE25075'),(421, 'M24635', 'XE24130'),(422, 'M71326', 'XE84379'),(423, 'M49893', 'XE13861'),(424, 'M96776', 'XE16503'),(425, 'M65808', 'XE86120'),(426, 'M74846', 'XE50000'),(427, 'M77416', 'XE27754'),(428, 'M99938', 'XE62978'),(429, 'M73030', 'XE57848'),(430, 'M81415', 'XE60541'),(431, 'M82704', 'XE93272'),(432, 'M20361', 'XE73032'),(433, 'M49074', 'XE16776'),(434, 'M78811', 'XE54348'),(435, 'M66941', 'XE21118'),(436, 'M82890', 'XE76821'),(437, 'M47427', 'XE57643'),(438, 'M98480', 'XE33026'),(439, 'M54336', 'XE32731'),(440, 'M77905', 'XE94915'),(441, 'M22362', 'XE62905'),(442, 'M84515', 'XE32371'),(443, 'M18565', 'XE13929'),(444, 'M44342', 'XE38489'),(445, 'M36279', 'XE80127'),(446, 'M24003', 'XE17079'),(447, 'M65985', 'XE24280'),(448, 'M41958', 'XE72532'),(449, 'M68762', 'XE55776'),(450, 'M89093', 'XE98779'),(451, 'M76092', 'XE35998'),(452, 'M11247', 'XE42455'),(453, 'M65592', 'XE11277'),(454, 'M55404', 'XE64899'),(455, 'M87812', 'XE89574'),(456, 'M11637', 'XE33829'),(457, 'M78125', 'XE13221'),(458, 'M47573', 'XE19491'),(459, 'M15536', 'XE64707'),(460, 'M30216', 'XE64906'),(461, 'M29406', 'XE34546'),(462, 'M73627', 'XE80108'),(463, 'M85509', 'XE99963'),(464, 'M38942', 'XE36982'),(465, 'M61050', 'XE58946'),(466, 'M43656', 'XE58223'),(467, 'M42276', 'XE59464'),(468, 'M98580', 'XE92773'),(469, 'M62681', 'XE10525'),(470, 'M80587', 'XE12958'),(471, 'M74782', 'XE13251'),(472, 'M49159', 'XE82978'),(473, 'M62990', 'XE10302'),(474, 'M63368', 'XE93153'),(475, 'M43178', 'XE46429'),(476, 'M59979', 'XE37013'),(477, 'M15401', 'XE82810'),(478, 'M36694', 'XE45566'),(479, 'M37480', 'XE78727'),(480, 'M64454', 'XE24047'),(481, 'M34162', 'XE45460'),(482, 'M28750', 'XE16205'),(483, 'M18337', 'XE55390'),(484, 'M80780', 'XE40485'),(485, 'M54104', 'XE65247'),(486, 'M87323', 'XE48126'),(487, 'M64572', 'XE78842'),(488, 'M28308', 'XE54310'),(489, 'M84740', 'XE71793'),(490, 'M96911', 'XE13430'),(491, 'M65263', 'XE50826'),(492, 'M64312', 'XE64438'),(493, 'M24913', 'XE21845'),(494, 'M15257', 'XE50372'),(495, 'M97440', 'XE46152'),(496, 'M95536', 'XE80417'),(497, 'M31558', 'XE31118'),(498, 'M83752', 'XE97119'),(499, 'M37131', 'XE36350'),(500, 'M45978', 'XE40050'),(501, 'M55996', 'XE43133'),(502, 'M68348', 'XE71398'),(503, 'M49876', 'XE85215'),(504, 'M77429', 'XE75309'),(505, 'M85966', 'XE29621'),(506, 'M85431', 'XE74940'),(507, 'M17838', 'XE56368'),(508, 'M39789', 'XE84904'),(509, 'M44934', 'XE57666'),(510, 'M41260', 'XE81757'),(511, 'M55312', 'XE75745'),(512, 'M53474', 'XE10814'),(513, 'M82899', 'XE69539'),(514, 'M41208', 'XE18921'),(515, 'M13147', 'XE91083'),(516, 'M14073', 'XE71220'),(517, 'M76070', 'XE19817'),(518, 'M39629', 'XE15780'),(519, 'M78035', 'XE92205'),(520, 'M11719', 'XE82378'),(521, 'M81375', 'XE46026'),(522, 'M60555', 'XE68851'),(523, 'M58292', 'XE29596'),(524, 'M12949', 'XE43908'),(525, 'M55656', 'XE13907'),(526, 'M73063', 'XE66248'),(527, 'M88842', 'XE88780'),(528, 'M96104', 'XE90647'),(529, 'M49071', 'XE16108'),(530, 'M39819', 'XE70155'),(531, 'M34273', 'XE45163'),(532, 'M28591', 'XE39550'),(533, 'M25633', 'XE58548'),(534, 'M20739', 'XE15470'),(535, 'M58704', 'XE10627'),(536, 'M89212', 'XE32710'),(537, 'M98092', 'XE89950'),(538, 'M31246', 'XE30990'),(539, 'M56874', 'XE62846'),(540, 'M34496', 'XE71475'),(541, 'M46145', 'XE39022'),(542, 'M15198', 'XE70536'),(543, 'M91455', 'XE73060'),(544, 'M49527', 'XE35757'),(545, 'M61145', 'XE15040'),(546, 'M18820', 'XE35191'),(547, 'M82361', 'XE80651'),(548, 'M69807', 'XE99189'),(549, 'M10793', 'XE98585'),(550, 'M93448', 'XE13199'),(551, 'M33848', 'XE60113'),(552, 'M51991', 'XE32374'),(553, 'M11075', 'XE68079'),(554, 'M90503', 'XE93404'),(555, 'M57661', 'XE30165'),(556, 'M57079', 'XE24894'),(557, 'M23782', 'XE65020'),(558, 'M19158', 'XE24069'),(559, 'M61329', 'XE68489'),(560, 'M19760', 'XE60809'),(561, 'M85402', 'XE98274'),(562, 'M56137', 'XE83998'),(563, 'M42663', 'XE72429'),(564, 'M57431', 'XE34569'),(565, 'M29779', 'XE53867'),(566, 'M93309', 'XE60886'),(567, 'M17292', 'XE95368'),(568, 'M76988', 'XE97719'),(569, 'M39338', 'XE96489'),(570, 'M10824', 'XE16371'),(571, 'M44567', 'XE95435'),(572, 'M70887', 'XE62898'),(573, 'M74667', 'XE58416'),(574, 'M65192', 'XE40391'),(575, 'M94077', 'XE92380'),(576, 'M32119', 'XE36216'),(577, 'M12574', 'XE65267'),(578, 'M77303', 'XE90144'),(579, 'M39806', 'XE69187'),(580, 'M28416', 'XE54776'),(581, 'M90517', 'XE23981'),(582, 'M66417', 'XE84334'),(583, 'M27681', 'XE40829'),(584, 'M65524', 'XE72938'),(585, 'M18299', 'XE32505'),(586, 'M60486', 'XE79417'),(587, 'M58040', 'XE21189'),(588, 'M50431', 'XE30547'),(589, 'M14731', 'XE30037'),(590, 'M60516', 'XE66627'),(591, 'M75640', 'XE41736'),(592, 'M41228', 'XE21613'),(593, 'M66953', 'XE96952'),(594, 'M64751', 'XE96732'),(595, 'M51075', 'XE81217'),(596, 'M94514', 'XE31148'),(597, 'M86470', 'XE29684'),(598, 'M90901', 'XE96122'),(599, 'M67708', 'XE23587'),(600, 'M15182', 'XE87105'),(601, 'M66218', 'XE13658'),(602, 'M23559', 'XE31793'),(603, 'M40894', 'XE26990'),(604, 'M21207', 'XE40361'),(605, 'M38754', 'XE18037'),(606, 'M66746', 'XE24861'),(607, 'M11507', 'XE44999'),(608, 'M52457', 'XE90156'),(609, 'M54233', 'XE84646'),(610, 'M53818', 'XE44085'),(611, 'M42193', 'XE23352'),(612, 'M17324', 'XE90145'),(613, 'M60612', 'XE99977'),(614, 'M13025', 'XE29983'),(615, 'M60557', 'XE93782'),(616, 'M68297', 'XE67003'),(617, 'M42956', 'XE15871'),(618, 'M95629', 'XE55823'),(619, 'M93144', 'XE12651'),(620, 'M89172', 'XE32719'),(621, 'M22189', 'XE50233'),(622, 'M66047', 'XE11400'),(623, 'M49526', 'XE90750'),(624, 'M69786', 'XE33224'),(625, 'M63464', 'XE77669'),(626, 'M94064', 'XE24353'),(627, 'M99587', 'XE21685'),(628, 'M94267', 'XE85953'),(629, 'M71534', 'XE47605'),(630, 'M95107', 'XE99007'),(631, 'M80675', 'XE38571'),(632, 'M14002', 'XE22799'),(633, 'M43496', 'XE66903'),(634, 'M51163', 'XE95759'),(635, 'M18371', 'XE34874'),(636, 'M59380', 'XE33562'),(637, 'M50370', 'XE11566'),(638, 'M65004', 'XE48569'),(639, 'M36822', 'XE46800'),(640, 'M43512', 'XE26088'),(641, 'M91139', 'XE62731'),(642, 'M30400', 'XE96468'),(643, 'M61998', 'XE91713'),(644, 'M21866', 'XE50250'),(645, 'M92499', 'XE32390'),(646, 'M12408', 'XE63125'),(647, 'M52464', 'XE39215'),(648, 'M59994', 'XE75798'),(649, 'M39814', 'XE83783'),(650, 'M58651', 'XE11178'),(651, 'M18652', 'XE60923'),(652, 'M14936', 'XE62008'),(653, 'M10163', 'XE34132'),(654, 'M43308', 'XE18820'),(655, 'M44711', 'XE81953'),(656, 'M71683', 'XE49826'),(657, 'M32705', 'XE72202'),(658, 'M25452', 'XE72623'),(659, 'M51293', 'XE92398'),(660, 'M60615', 'XE54568'),(661, 'M89116', 'XE72329'),(662, 'M23410', 'XE64085'),(663, 'M25922', 'XE43298'),(664, 'M18333', 'XE85759'),(665, 'M87284', 'XE82831'),(666, 'M65114', 'XE56654'),(667, 'M54818', 'XE25658'),(668, 'M32490', 'XE60203'),(669, 'M90847', 'XE82834'),(670, 'M46612', 'XE21158'),(671, 'M47461', 'XE48198'),(672, 'M79079', 'XE43200'),(673, 'M60899', 'XE86348'),(674, 'M70517', 'XE32727'),(675, 'M53312', 'XE34915'),(676, 'M10673', 'XE19377'),(677, 'M94275', 'XE62336'),(678, 'M91348', 'XE55836'),(679, 'M68045', 'XE57886'),(680, 'M86613', 'XE59388'),(681, 'M14122', 'XE43695'),(682, 'M70542', 'XE67736'),(683, 'M58983', 'XE92316'),(684, 'M78588', 'XE20670'),(685, 'M24619', 'XE59930'),(686, 'M43937', 'XE16716'),(687, 'M63573', 'XE78038'),(688, 'M35559', 'XE78657'),(689, 'M24555', 'XE21825'),(690, 'M85596', 'XE43739'),(691, 'M19113', 'XE43080'),(692, 'M93161', 'XE29319'),(693, 'M91104', 'XE63486'),(694, 'M78284', 'XE50354'),(695, 'M51601', 'XE98026'),(696, 'M94124', 'XE92808'),(697, 'M65936', 'XE87215'),(698, 'M44606', 'XE33534'),(699, 'M18627', 'XE93137'),(700, 'M63017', 'XE41106'),(701, 'M77164', 'XE59697'),(702, 'M61657', 'XE75675'),(703, 'M64398', 'XE44413'),(704, 'M19354', 'XE84262'),(705, 'M46753', 'XE15335'),(706, 'M47420', 'XE35834'),(707, 'M65551', 'XE23561'),(708, 'M93927', 'XE92960'),(709, 'M60579', 'XE67356'),(710, 'M20485', 'XE61973'),(711, 'M48694', 'XE56619'),(712, 'M48229', 'XE51813'),(713, 'M79594', 'XE72176'),(714, 'M65857', 'XE68684'),(715, 'M32012', 'XE31696'),(716, 'M91543', 'XE80508'),(717, 'M41823', 'XE87037'),(718, 'M35883', 'XE94642'),(719, 'M32747', 'XE99949'),(720, 'M17478', 'XE11492'),(721, 'M70440', 'XE65081'),(722, 'M72432', 'XE99254'),(723, 'M58116', 'XE24539'),(724, 'M91752', 'XE52152'),(725, 'M30325', 'XE48009'),(726, 'M49092', 'XE63131'),(727, 'M80033', 'XE95983'),(728, 'M85847', 'XE76169'),(729, 'M86217', 'XE49746'),(730, 'M15972', 'XE10251'),(731, 'M77857', 'XE26192'),(732, 'M83299', 'XE72845'),(733, 'M39416', 'XE63382'),(734, 'M63718', 'XE32077'),(735, 'M79500', 'XE34637'),(736, 'M53929', 'XE38889'),(737, 'M60995', 'XE30823'),(738, 'M10468', 'XE35764'),(739, 'M65655', 'XE98050'),(740, 'M22862', 'XE83071'),(741, 'M74396', 'XE71009'),(742, 'M91004', 'XE73095'),(743, 'M99818', 'XE69155'),(744, 'M77805', 'XE98007'),(745, 'M97579', 'XE97971'),(746, 'M80739', 'XE27445'),(747, 'M36880', 'XE49522'),(748, 'M45614', 'XE63997'),(749, 'M66687', 'XE80338'),(750, 'M91409', 'XE32004'),(751, 'M26620', 'XE45178'),(752, 'M92660', 'XE83534'),(753, 'M32557', 'XE64922'),(754, 'M86527', 'XE14063'),(755, 'M24396', 'XE48045'),(756, 'M66632', 'XE38995'),(757, 'M30668', 'XE51930'),(758, 'M96420', 'XE17122'),(759, 'M68010', 'XE38141'),(760, 'M74307', 'XE65431'),(761, 'M63440', 'XE16716'),(762, 'M21594', 'XE42134'),(763, 'M86479', 'XE57790'),(764, 'M54952', 'XE47652'),(765, 'M69617', 'XE74343'),(766, 'M59688', 'XE49550'),(767, 'M36495', 'XE32493'),(768, 'M47777', 'XE24138'),(769, 'M22387', 'XE82314'),(770, 'M19015', 'XE13818'),(771, 'M89211', 'XE89785'),(772, 'M72409', 'XE46340'),(773, 'M14635', 'XE43708'),(774, 'M29792', 'XE77520'),(775, 'M80261', 'XE85064'),(776, 'M38516', 'XE15588'),(777, 'M16507', 'XE50678'),(778, 'M74368', 'XE71996'),(779, 'M22650', 'XE65779'),(780, 'M78563', 'XE68999'),(781, 'M28162', 'XE32949'),(782, 'M54097', 'XE38679'),(783, 'M63843', 'XE81958'),(784, 'M72616', 'XE77918'),(785, 'M95512', 'XE77417'),(786, 'M51972', 'XE13165'),(787, 'M56972', 'XE57464'),(788, 'M26130', 'XE95963'),(789, 'M74346', 'XE23718'),(790, 'M32374', 'XE34392'),(791, 'M75710', 'XE43977'),(792, 'M84544', 'XE98657'),(793, 'M49025', 'XE18691'),(794, 'M75566', 'XE79175'),(795, 'M33224', 'XE33753'),(796, 'M39787', 'XE27009'),(797, 'M66917', 'XE97768'),(798, 'M92298', 'XE40846'),(799, 'M33425', 'XE87185'),(800, 'M68234', 'XE16988'),(801, 'M82883', 'XE72528'),(802, 'M92404', 'XE25097'),(803, 'M50555', 'XE19097'),(804, 'M36572', 'XE72696'),(805, 'M24574', 'XE99214'),(806, 'M69250', 'XE24754'),(807, 'M55886', 'XE76702'),(808, 'M39938', 'XE22889'),(809, 'M89777', 'XE26882'),(810, 'M70988', 'XE20000'),(811, 'M54701', 'XE11784'),(812, 'M52817', 'XE87196'),(813, 'M73474', 'XE79622'),(814, 'M97028', 'XE88354'),(815, 'M98684', 'XE41209'),(816, 'M79964', 'XE16760'),(817, 'M77725', 'XE54138'),(818, 'M84135', 'XE75818'),(819, 'M39830', 'XE26768'),(820, 'M77293', 'XE59230'),(821, 'M25796', 'XE42984'),(822, 'M15860', 'XE81481'),(823, 'M51057', 'XE66891'),(824, 'M44562', 'XE95677'),(825, 'M98924', 'XE16886'),(826, 'M47826', 'XE96473'),(827, 'M38073', 'XE95370'),(828, 'M36559', 'XE19892'),(829, 'M35741', 'XE20582'),(830, 'M72175', 'XE44028'),(831, 'M32152', 'XE89766'),(832, 'M40338', 'XE21627'),(833, 'M74455', 'XE64875'),(834, 'M62903', 'XE51940'),(835, 'M67082', 'XE54676'),(836, 'M25192', 'XE51525'),(837, 'M39095', 'XE14713'),(838, 'M19043', 'XE46109'),(839, 'M36122', 'XE78742'),(840, 'M79316', 'XE76132'),(841, 'M30633', 'XE11965'),(842, 'M22335', 'XE56805'),(843, 'M78503', 'XE23387'),(844, 'M81769', 'XE58416'),(845, 'M48125', 'XE10895'),(846, 'M35799', 'XE56668'),(847, 'M69217', 'XE73994'),(848, 'M76035', 'XE37259'),(849, 'M88487', 'XE89486'),(850, 'M71520', 'XE42788'),(851, 'M11457', 'XE66999'),(852, 'M20538', 'XE76372'),(853, 'M31415', 'XE98756'),(854, 'M71474', 'XE10035'),(855, 'M97309', 'XE33762'),(856, 'M81327', 'XE35406'),(857, 'M91680', 'XE19593'),(858, 'M90132', 'XE46872'),(859, 'M68924', 'XE33026'),(860, 'M86841', 'XE29910'),(861, 'M19828', 'XE57888'),(862, 'M94325', 'XE34710'),(863, 'M70605', 'XE74076'),(864, 'M86334', 'XE37051'),(865, 'M62247', 'XE35379'),(866, 'M62136', 'XE94678'),(867, 'M28527', 'XE50610'),(868, 'M52677', 'XE58276'),(869, 'M47807', 'XE37814'),(870, 'M71954', 'XE12671'),(871, 'M62796', 'XE80342'),(872, 'M42522', 'XE17237'),(873, 'M99070', 'XE73544'),(874, 'M73442', 'XE55884'),(875, 'M15799', 'XE32848'),(876, 'M64751', 'XE57461'),(877, 'M81114', 'XE96121'),(878, 'M96543', 'XE61517'),(879, 'M43529', 'XE20218'),(880, 'M45376', 'XE16542'),(881, 'M91670', 'XE60249'),(882, 'M83477', 'XE81501'),(883, 'M16000', 'XE76042'),(884, 'M82525', 'XE13689'),(885, 'M49494', 'XE10426'),(886, 'M29247', 'XE39923'),(887, 'M93073', 'XE46367'),(888, 'M81004', 'XE32850'),(889, 'M96922', 'XE24511'),(890, 'M56426', 'XE39374'),(891, 'M20825', 'XE11824'),(892, 'M57339', 'XE75156'),(893, 'M67213', 'XE16908'),(894, 'M67745', 'XE92207'),(895, 'M24770', 'XE45884'),(896, 'M66891', 'XE72673'),(897, 'M10812', 'XE77288'),(898, 'M76252', 'XE14037'),(899, 'M64971', 'XE57131'),(900, 'M78880', 'XE97332'),(901, 'M62058', 'XE33408'),(902, 'M36684', 'XE59362'),(903, 'M44651', 'XE60820'),(904, 'M52311', 'XE45792'),(905, 'M10997', 'XE96854'),(906, 'M56605', 'XE52579'),(907, 'M46286', 'XE60439'),(908, 'M45188', 'XE16827'),(909, 'M40152', 'XE73066'),(910, 'M49107', 'XE11837'),(911, 'M11935', 'XE23664'),(912, 'M86069', 'XE79675'),(913, 'M76153', 'XE89276'),(914, 'M77477', 'XE51489'),(915, 'M30217', 'XE63787'),(916, 'M68539', 'XE89059'),(917, 'M51394', 'XE85366'),(918, 'M38491', 'XE34589'),(919, 'M87731', 'XE20871'),(920, 'M48732', 'XE82925'),(921, 'M83245', 'XE32170'),(922, 'M38247', 'XE17903'),(923, 'M88705', 'XE72178'),(924, 'M40692', 'XE38893'),(925, 'M61978', 'XE61882'),(926, 'M64283', 'XE30393'),(927, 'M38965', 'XE45371'),(928, 'M83761', 'XE11356'),(929, 'M71139', 'XE66705'),(930, 'M88889', 'XE87211'),(931, 'M78495', 'XE61023'),(932, 'M72295', 'XE21973'),(933, 'M87438', 'XE75827'),(934, 'M98716', 'XE58232'),(935, 'M28468', 'XE32157'),(936, 'M98511', 'XE35109'),(937, 'M40576', 'XE50740'),(938, 'M27438', 'XE65977'),(939, 'M97012', 'XE99779'),(940, 'M89020', 'XE57458'),(941, 'M58539', 'XE41386'),(942, 'M16126', 'XE30421'),(943, 'M17297', 'XE64964'),(944, 'M24828', 'XE32515'),(945, 'M96960', 'XE76718'),(946, 'M35113', 'XE80676'),(947, 'M55909', 'XE60720'),(948, 'M20400', 'XE71600'),(949, 'M28392', 'XE67955'),(950, 'M16336', 'XE39799'),(951, 'M17012', 'XE42367'),(952, 'M99919', 'XE14038'),(953, 'M73903', 'XE23590'),(954, 'M15179', 'XE64748'),(955, 'M21951', 'XE86286'),(956, 'M75866', 'XE93546'),(957, 'M38178', 'XE13229'),(958, 'M48542', 'XE78365'),(959, 'M17248', 'XE60531'),(960, 'M81953', 'XE87325'),(961, 'M11969', 'XE84401'),(962, 'M53906', 'XE46611'),(963, 'M92468', 'XE77730'),(964, 'M21728', 'XE82266'),(965, 'M11710', 'XE72855'),(966, 'M60145', 'XE24957'),(967, 'M57979', 'XE83475'),(968, 'M90031', 'XE82151'),(969, 'M44896', 'XE17603'),(970, 'M80625', 'XE95009'),(971, 'M53513', 'XE50073'),(972, 'M60877', 'XE89286'),(973, 'M14740', 'XE84130'),(974, 'M45016', 'XE62718'),(975, 'M56286', 'XE59717'),(976, 'M69891', 'XE86392'),(977, 'M82239', 'XE83566'),(978, 'M56246', 'XE47615'),(979, 'M55885', 'XE64785'),(980, 'M44398', 'XE23467'),(981, 'M88933', 'XE80339'),(982, 'M37794', 'XE86857'),(983, 'M27675', 'XE79010'),(984, 'M72095', 'XE65854'),(985, 'M35392', 'XE83946'),(986, 'M84834', 'XE64986'),(987, 'M17134', 'XE66561'),(988, 'M52619', 'XE83228'),(989, 'M33544', 'XE89992'),(990, 'M40885', 'XE91371'),(991, 'M36609', 'XE33420'),(992, 'M89033', 'XE61179'),(993, 'M82073', 'XE99169'),(994, 'M42189', 'XE93380'),(995, 'M63849', 'XE69906'),(996, 'M41117', 'XE76970'),(997, 'M19682', 'XE75055'),(998, 'M24195', 'XE32246'),(999, 'M10568', 'XE19671'),(1000, 'M67172', 'XE56891'),(1001, 'D53840', 'XE15781'),(1002, 'D27142', 'XE67595'),(1003, 'D66325', 'XE92045'),(1004, 'D81391', 'XE58752'),(1005, 'D26228', 'XE68554'),(1006, 'D54463', 'XE83675'),(1007, 'D28240', 'XE57947'),(1008, 'D16488', 'XE53158'),(1009, 'D94054', 'XE58957'),(1010, 'D55050', 'XE37456'),(1011, 'D33906', 'XE72324'),(1012, 'D92695', 'XE26056'),(1013, 'D55334', 'XE17946'),(1014, 'D28587', 'XE63431'),(1015, 'D62905', 'XE87266'),(1016, 'D52606', 'XE55810'),(1017, 'D45032', 'XE48883'),(1018, 'D39208', 'XE61357'),(1019, 'D14211', 'XE82248'),(1020, 'D99180', 'XE86223'),(1021, 'D32611', 'XE61383'),(1022, 'D95984', 'XE65990'),(1023, 'D37187', 'XE76532'),(1024, 'D77263', 'XE85188'),(1025, 'D63388', 'XE64877'),(1026, 'D31705', 'XE43764'),(1027, 'D81987', 'XE15447'),(1028, 'D29654', 'XE35904'),(1029, 'D97092', 'XE24637'),(1030, 'D45490', 'XE37166'),(1031, 'D59014', 'XE39901'),(1032, 'D53341', 'XE35630'),(1033, 'D44174', 'XE44381'),(1034, 'D43798', 'XE95720'),(1035, 'D78625', 'XE56669'),(1036, 'D85037', 'XE86791'),(1037, 'D93911', 'XE86878'),(1038, 'D28266', 'XE91610'),(1039, 'D16734', 'XE86912'),(1040, 'D31725', 'XE85571'),(1041, 'D76508', 'XE50585'),(1042, 'D89970', 'XE76721'),(1043, 'D48546', 'XE80311'),(1044, 'D91342', 'XE29296'),(1045, 'D40245', 'XE12886'),(1046, 'D98131', 'XE96385'),(1047, 'D24091', 'XE66733'),(1048, 'D40056', 'XE42964'),(1049, 'D38273', 'XE18342'),(1050, 'D86135', 'XE37316'),(1051, 'D92214', 'XE72084'),(1052, 'D73844', 'XE52555'),(1053, 'D28067', 'XE71851'),(1054, 'D22256', 'XE15502'),(1055, 'D25140', 'XE99867'),(1056, 'D36033', 'XE79489'),(1057, 'D20943', 'XE74171'),(1058, 'D25718', 'XE82760'),(1059, 'D99703', 'XE11776'),(1060, 'D59259', 'XE80711'),(1061, 'D73796', 'XE20154'),(1062, 'D21785', 'XE91524'),(1063, 'D82400', 'XE46700'),(1064, 'D27412', 'XE86365'),(1065, 'D56605', 'XE87706'),(1066, 'D73170', 'XE38801'),(1067, 'D96512', 'XE86435'),(1068, 'D62920', 'XE50629'),(1069, 'D62466', 'XE98438'),(1070, 'D15513', 'XE98254'),(1071, 'D29590', 'XE98360'),(1072, 'D76522', 'XE96749'),(1073, 'D38029', 'XE48666'),(1074, 'D71561', 'XE43093'),(1075, 'D30400', 'XE94878'),(1076, 'D13802', 'XE34427'),(1077, 'D31930', 'XE49257'),(1078, 'D30785', 'XE38304'),(1079, 'D68024', 'XE20736'),(1080, 'D96607', 'XE51461'),(1081, 'D59119', 'XE73993'),(1082, 'D69563', 'XE62056'),(1083, 'D23544', 'XE15109'),(1084, 'D60703', 'XE79022'),(1085, 'D90161', 'XE75656'),(1086, 'D45561', 'XE71869'),(1087, 'D57511', 'XE52479'),(1088, 'D22159', 'XE15603'),(1089, 'D94436', 'XE99055'),(1090, 'D86777', 'XE39441'),(1091, 'D52019', 'XE72898'),(1092, 'D87325', 'XE15936'),(1093, 'D34651', 'XE44065'),(1094, 'D53220', 'XE42709'),(1095, 'D32858', 'XE16609'),(1096, 'D62293', 'XE65078'),(1097, 'D31440', 'XE38897'),(1098, 'D76849', 'XE87458'),(1099, 'D62838', 'XE92450'),(1100, 'D52774', 'XE20225'),(1101, 'D53640', 'XE11093'),(1102, 'D86113', 'XE64903'),(1103, 'D46867', 'XE50351'),(1104, 'D37052', 'XE21151'),(1105, 'D32728', 'XE19102'),(1106, 'D69744', 'XE94308'),(1107, 'D59479', 'XE11123'),(1108, 'D43713', 'XE97662'),(1109, 'D90423', 'XE94463'),(1110, 'D55889', 'XE11361'),(1111, 'D54673', 'XE82978'),(1112, 'D32685', 'XE36003'),(1113, 'D46016', 'XE15652'),(1114, 'D84890', 'XE32235'),(1115, 'D93653', 'XE65145'),(1116, 'D52932', 'XE59423'),(1117, 'D50894', 'XE25899'),(1118, 'D23548', 'XE71959'),(1119, 'D15341', 'XE18078'),(1120, 'D27114', 'XE76937'),(1121, 'D88962', 'XE58915'),(1122, 'D39169', 'XE98000'),(1123, 'D28316', 'XE51248'),(1124, 'D58702', 'XE45623'),(1125, 'D83958', 'XE68839'),(1126, 'D23781', 'XE93112'),(1127, 'D34520', 'XE41613'),(1128, 'D10115', 'XE62851'),(1129, 'D69354', 'XE54400'),(1130, 'D68199', 'XE31623'),(1131, 'D28591', 'XE93286'),(1132, 'D83187', 'XE52049'),(1133, 'D47341', 'XE54819'),(1134, 'D59558', 'XE69842'),(1135, 'D25449', 'XE64741'),(1136, 'D69183', 'XE29059'),(1137, 'D85038', 'XE33324'),(1138, 'D40949', 'XE74921'),(1139, 'D38370', 'XE39128'),(1140, 'D43857', 'XE60584'),(1141, 'D80231', 'XE40330'),(1142, 'D54398', 'XE74936'),(1143, 'D83897', 'XE43319'),(1144, 'D82911', 'XE91527'),(1145, 'D94819', 'XE81110'),(1146, 'D75139', 'XE82047'),(1147, 'D92376', 'XE53535'),(1148, 'D49337', 'XE64480'),(1149, 'D26707', 'XE34882'),(1150, 'D55308', 'XE80331'),(1151, 'D10864', 'XE35666'),(1152, 'D17391', 'XE34055'),(1153, 'D56973', 'XE37598'),(1154, 'D28086', 'XE38321'),(1155, 'D26984', 'XE83624'),(1156, 'D83842', 'XE72087'),(1157, 'D69740', 'XE76870'),(1158, 'D92565', 'XE27742'),(1159, 'D85665', 'XE69608'),(1160, 'D13419', 'XE87548'),(1161, 'D18957', 'XE54347'),(1162, 'D83887', 'XE75044'),(1163, 'D16128', 'XE69399'),(1164, 'D90985', 'XE83852'),(1165, 'D90979', 'XE67408'),(1166, 'D86501', 'XE74396'),(1167, 'D47409', 'XE65636'),(1168, 'D32276', 'XE92745'),(1169, 'D27506', 'XE23346'),(1170, 'D24541', 'XE62118'),(1171, 'D16727', 'XE19950'),(1172, 'D51360', 'XE27086'),(1173, 'D82385', 'XE90637'),(1174, 'D69795', 'XE91078'),(1175, 'D19076', 'XE95147'),(1176, 'D51064', 'XE99790'),(1177, 'D73506', 'XE12015'),(1178, 'D50834', 'XE96566'),(1179, 'D18975', 'XE88140'),(1180, 'D20951', 'XE29877'),(1181, 'D75717', 'XE79072'),(1182, 'D99109', 'XE85257'),(1183, 'D67656', 'XE17475'),(1184, 'D86575', 'XE20635'),(1185, 'D84669', 'XE90238'),(1186, 'D37553', 'XE38108'),(1187, 'D63793', 'XE26164'),(1188, 'D11546', 'XE23567'),(1189, 'D30004', 'XE81876'),(1190, 'D24029', 'XE42993'),(1191, 'D31344', 'XE97406'),(1192, 'D25503', 'XE84066'),(1193, 'D24094', 'XE16733'),(1194, 'D45266', 'XE77172'),(1195, 'D33789', 'XE56045'),(1196, 'D80299', 'XE19630'),(1197, 'D83256', 'XE39752'),(1198, 'D60269', 'XE91498'),(1199, 'D96522', 'XE14456'),(1200, 'D59774', 'XE34344'),(1201, 'D48219', 'XE97394'),(1202, 'D86839', 'XE81776'),(1203, 'D65929', 'XE24485'),(1204, 'D35662', 'XE47147'),(1205, 'D90555', 'XE13364'),(1206, 'D28993', 'XE29856'),(1207, 'D42532', 'XE69577'),(1208, 'D37834', 'XE86792'),(1209, 'D58028', 'XE59139'),(1210, 'D46381', 'XE79769'),(1211, 'D63002', 'XE34024'),(1212, 'D49356', 'XE27423'),(1213, 'D88118', 'XE47241'),(1214, 'D37421', 'XE42571'),(1215, 'D83062', 'XE17982'),(1216, 'D40772', 'XE68117'),(1217, 'D92126', 'XE52328'),(1218, 'D68266', 'XE17400'),(1219, 'D59418', 'XE77424'),(1220, 'D29193', 'XE97883'),(1221, 'D87354', 'XE77727'),(1222, 'D17336', 'XE66170'),(1223, 'D48746', 'XE68554'),(1224, 'D54168', 'XE65434'),(1225, 'D24516', 'XE88793'),(1226, 'D68611', 'XE81877'),(1227, 'D18421', 'XE68289'),(1228, 'D40651', 'XE73056'),(1229, 'D91963', 'XE90508'),(1230, 'D29207', 'XE43782'),(1231, 'D28059', 'XE88918'),(1232, 'D81500', 'XE34788'),(1233, 'D63854', 'XE23352'),(1234, 'D29161', 'XE52351'),(1235, 'D74409', 'XE91792'),(1236, 'D15638', 'XE95955'),(1237, 'D25248', 'XE36547'),(1238, 'D87037', 'XE90027'),(1239, 'D60134', 'XE88184'),(1240, 'D28456', 'XE70132'),(1241, 'D75853', 'XE92878'),(1242, 'D24234', 'XE40461'),(1243, 'D61290', 'XE51797'),(1244, 'D45871', 'XE96914'),(1245, 'D34036', 'XE75758'),(1246, 'D73656', 'XE97690'),(1247, 'D28978', 'XE82261'),(1248, 'D84812', 'XE33395'),(1249, 'D28789', 'XE11250'),(1250, 'D51072', 'XE67733'),(1251, 'D21020', 'XE56824'),(1252, 'D42995', 'XE20013'),(1253, 'D81745', 'XE12564'),(1254, 'D91812', 'XE83190'),(1255, 'D55086', 'XE12595'),(1256, 'D30520', 'XE57403'),(1257, 'D96014', 'XE87970'),(1258, 'D23738', 'XE46601'),(1259, 'D82171', 'XE92753'),(1260, 'D75450', 'XE93095'),(1261, 'D84883', 'XE26566'),(1262, 'D67195', 'XE18684'),(1263, 'D59453', 'XE80362'),(1264, 'D42123', 'XE59315'),(1265, 'D13034', 'XE78784'),(1266, 'D43443', 'XE29945'),(1267, 'D65524', 'XE30561'),(1268, 'D29604', 'XE16904'),(1269, 'D65829', 'XE17516'),(1270, 'D89398', 'XE29010'),(1271, 'D89350', 'XE99176'),(1272, 'D50462', 'XE17443'),(1273, 'D87685', 'XE42343'),(1274, 'D75527', 'XE73781'),(1275, 'D36551', 'XE60459'),(1276, 'D11569', 'XE80587'),(1277, 'D74396', 'XE52373'),(1278, 'D58056', 'XE10921'),(1279, 'D97785', 'XE49516'),(1280, 'D91749', 'XE26860'),(1281, 'D27874', 'XE77445'),(1282, 'D81160', 'XE90004'),(1283, 'D19236', 'XE10032'),(1284, 'D94800', 'XE27606'),(1285, 'D44192', 'XE11638'),(1286, 'D33689', 'XE11147'),(1287, 'D48573', 'XE67405'),(1288, 'D16658', 'XE77444'),(1289, 'D22738', 'XE47352'),(1290, 'D49754', 'XE60789'),(1291, 'D90997', 'XE49973'),(1292, 'D95527', 'XE97132'),(1293, 'D63401', 'XE24099'),(1294, 'D59931', 'XE79658'),(1295, 'D89170', 'XE92378'),(1296, 'D96290', 'XE87271'),(1297, 'D56185', 'XE61269'),(1298, 'D55550', 'XE77575'),(1299, 'D33981', 'XE81630'),(1300, 'D51516', 'XE70581'),(1301, 'D91959', 'XE11358'),(1302, 'D49436', 'XE67154'),(1303, 'D70538', 'XE59004'),(1304, 'D37117', 'XE13471'),(1305, 'D21809', 'XE41207'),(1306, 'D77713', 'XE35518'),(1307, 'D17058', 'XE45638'),(1308, 'D16723', 'XE89503'),(1309, 'D47425', 'XE59893'),(1310, 'D27533', 'XE24542'),(1311, 'D33257', 'XE36113'),(1312, 'D25941', 'XE18030'),(1313, 'D32389', 'XE30919'),(1314, 'D38237', 'XE49571'),(1315, 'D68630', 'XE34806'),(1316, 'D50820', 'XE62054'),(1317, 'D80689', 'XE83836'),(1318, 'D85803', 'XE63024'),(1319, 'D21122', 'XE34041'),(1320, 'D55091', 'XE20916'),(1321, 'D33312', 'XE84531'),(1322, 'D42605', 'XE66696'),(1323, 'D76834', 'XE24550'),(1324, 'D11566', 'XE74544'),(1325, 'D96973', 'XE43922'),(1326, 'D61906', 'XE53129'),(1327, 'D60747', 'XE70343'),(1328, 'D78341', 'XE94246'),(1329, 'D12260', 'XE59652'),(1330, 'D71414', 'XE48698'),(1331, 'D67811', 'XE33401'),(1332, 'D60038', 'XE85863'),(1333, 'D77965', 'XE36435'),(1334, 'D27337', 'XE24592'),(1335, 'D55406', 'XE72408'),(1336, 'D95165', 'XE59655'),(1337, 'D41708', 'XE83125'),(1338, 'D88969', 'XE35830'),(1339, 'D69919', 'XE86851'),(1340, 'D74126', 'XE88125'),(1341, 'D37537', 'XE65422'),(1342, 'D20595', 'XE71875'),(1343, 'D89277', 'XE23968'),(1344, 'D28865', 'XE75841'),(1345, 'D44899', 'XE72128'),(1346, 'D35667', 'XE28196'),(1347, 'D88122', 'XE51572'),(1348, 'D11668', 'XE19766'),(1349, 'D83196', 'XE37910'),(1350, 'D82454', 'XE78610'),(1351, 'D66151', 'XE36112'),(1352, 'D42752', 'XE52086'),(1353, 'D61086', 'XE57936'),(1354, 'D60840', 'XE60355'),(1355, 'D33169', 'XE43524'),(1356, 'D18332', 'XE80945'),(1357, 'D75299', 'XE39096'),(1358, 'D90334', 'XE29902'),(1359, 'D32969', 'XE31549'),(1360, 'D20064', 'XE72224'),(1361, 'D45916', 'XE77990'),(1362, 'D80477', 'XE32854'),(1363, 'D44687', 'XE51787'),(1364, 'D47436', 'XE95559'),(1365, 'D61878', 'XE21422'),(1366, 'D44669', 'XE60772'),(1367, 'D29625', 'XE86429'),(1368, 'D28511', 'XE44891'),(1369, 'D43142', 'XE77630'),(1370, 'D60468', 'XE73229'),(1371, 'D58711', 'XE50071'),(1372, 'D70212', 'XE60018'),(1373, 'D13878', 'XE99426'),(1374, 'D18904', 'XE20677'),(1375, 'D32734', 'XE97806'),(1376, 'D59519', 'XE59702'),(1377, 'D52682', 'XE56210'),(1378, 'D85876', 'XE15870'),(1379, 'D63364', 'XE88542'),(1380, 'D66065', 'XE22348'),(1381, 'D59675', 'XE91797'),(1382, 'D71636', 'XE38367'),(1383, 'D67977', 'XE40992'),(1384, 'D27032', 'XE49759'),(1385, 'D22606', 'XE47089'),(1386, 'D91970', 'XE49197'),(1387, 'D57548', 'XE93599'),(1388, 'D58307', 'XE34890'),(1389, 'D52093', 'XE65569'),(1390, 'D82131', 'XE42415'),(1391, 'D40678', 'XE60038'),(1392, 'D93654', 'XE43891'),(1393, 'D48046', 'XE42342'),(1394, 'D87708', 'XE85662'),(1395, 'D32049', 'XE69870'),(1396, 'D50132', 'XE26977'),(1397, 'D83134', 'XE33083'),(1398, 'D91276', 'XE75162'),(1399, 'D41538', 'XE65253'),(1400, 'D50895', 'XE57354'),(1401, 'D67934', 'XE42879'),(1402, 'D25919', 'XE87782'),(1403, 'D27400', 'XE84061'),(1404, 'D24205', 'XE10273'),(1405, 'D41423', 'XE70072'),(1406, 'D62921', 'XE54546'),(1407, 'D44180', 'XE23165'),(1408, 'D13517', 'XE88014'),(1409, 'D90513', 'XE51138'),(1410, 'D50266', 'XE99414'),(1411, 'D95417', 'XE13997'),(1412, 'D52651', 'XE11169'),(1413, 'D39406', 'XE60069'),(1414, 'D21335', 'XE78290'),(1415, 'D43220', 'XE94482'),(1416, 'D11486', 'XE45341'),(1417, 'D11682', 'XE73807'),(1418, 'D43193', 'XE46957'),(1419, 'D78821', 'XE18286'),(1420, 'D21630', 'XE69031'),(1421, 'D87421', 'XE47444'),(1422, 'D81456', 'XE94043'),(1423, 'D71583', 'XE39342'),(1424, 'D88858', 'XE76778'),(1425, 'D10084', 'XE89031'),(1426, 'D78385', 'XE15835'),(1427, 'D28425', 'XE70719'),(1428, 'D58451', 'XE60630'),(1429, 'D46740', 'XE19650'),(1430, 'D24969', 'XE89140'),(1431, 'D23218', 'XE21918'),(1432, 'D37924', 'XE22965'),(1433, 'D52298', 'XE63953'),(1434, 'D27229', 'XE67176'),(1435, 'D38733', 'XE36002'),(1436, 'D82327', 'XE58976'),(1437, 'D41496', 'XE25664'),(1438, 'D19352', 'XE74555'),(1439, 'D99704', 'XE45201'),(1440, 'D86723', 'XE28710'),(1441, 'D40931', 'XE12704'),(1442, 'D92693', 'XE30757'),(1443, 'D57144', 'XE57647'),(1444, 'D31232', 'XE88996'),(1445, 'D75348', 'XE48181'),(1446, 'D40937', 'XE77217'),(1447, 'D27492', 'XE42506'),(1448, 'D32476', 'XE24055'),(1449, 'D52738', 'XE77929'),(1450, 'D47330', 'XE97195'),(1451, 'D37427', 'XE57341'),(1452, 'D27370', 'XE44771'),(1453, 'D56582', 'XE87775'),(1454, 'D56836', 'XE10567'),(1455, 'D94174', 'XE92089'),(1456, 'D15497', 'XE69873'),(1457, 'D78645', 'XE94359'),(1458, 'D80347', 'XE93796'),(1459, 'D38159', 'XE68506'),(1460, 'D59926', 'XE50173'),(1461, 'D98968', 'XE93670'),(1462, 'D92753', 'XE98988'),(1463, 'D27198', 'XE76143'),(1464, 'D10636', 'XE95922'),(1465, 'D36370', 'XE39723'),(1466, 'D29762', 'XE17593'),(1467, 'D64811', 'XE15108'),(1468, 'D39550', 'XE13532'),(1469, 'D42207', 'XE70976'),(1470, 'D26799', 'XE51961'),(1471, 'D88289', 'XE45153'),(1472, 'D83387', 'XE51468'),(1473, 'D59983', 'XE73031'),(1474, 'D43668', 'XE99307'),(1475, 'D80620', 'XE48479'),(1476, 'D85955', 'XE76573'),(1477, 'D40921', 'XE12590'),(1478, 'D34400', 'XE31120'),(1479, 'D42655', 'XE19687'),(1480, 'D35125', 'XE41251'),(1481, 'D43749', 'XE15336'),(1482, 'D65150', 'XE82411'),(1483, 'D45922', 'XE81550'),(1484, 'D81915', 'XE94266'),(1485, 'D28350', 'XE67133'),(1486, 'D66448', 'XE11973'),(1487, 'D17637', 'XE79170'),(1488, 'D78653', 'XE49857'),(1489, 'D37770', 'XE51166'),(1490, 'D51255', 'XE29470'),(1491, 'D77160', 'XE31784'),(1492, 'D36137', 'XE39172'),(1493, 'D87691', 'XE84463'),(1494, 'D36829', 'XE25311'),(1495, 'D63874', 'XE44106'),(1496, 'D93947', 'XE73774'),(1497, 'D49972', 'XE50859'),(1498, 'D65071', 'XE89916'),(1499, 'D20509', 'XE67434'),(1500, 'D44035', 'XE52456'),(1501, 'D96331', 'XE86390'),(1502, 'D62700', 'XE50417'),(1503, 'D39370', 'XE68761'),(1504, 'D41650', 'XE64509'),(1505, 'D30998', 'XE17464'),(1506, 'D39139', 'XE76847'),(1507, 'D53576', 'XE40589'),(1508, 'D75219', 'XE22943'),(1509, 'D64151', 'XE32732'),(1510, 'D79440', 'XE14407'),(1511, 'D24761', 'XE73530'),(1512, 'D11614', 'XE42268'),(1513, 'D24998', 'XE91523'),(1514, 'D36485', 'XE77127'),(1515, 'D21016', 'XE40706'),(1516, 'D61650', 'XE62605'),(1517, 'D54493', 'XE57515'),(1518, 'D37439', 'XE24886'),(1519, 'D56543', 'XE68973'),(1520, 'D84042', 'XE22428'),(1521, 'D51328', 'XE67279'),(1522, 'D82497', 'XE14650'),(1523, 'D82593', 'XE95346'),(1524, 'D19469', 'XE46039'),(1525, 'D58038', 'XE18026'),(1526, 'D97483', 'XE38397'),(1527, 'D74041', 'XE58291'),(1528, 'D47410', 'XE12389'),(1529, 'D57268', 'XE85079'),(1530, 'D15318', 'XE77832'),(1531, 'D80862', 'XE84782'),(1532, 'D88108', 'XE89536'),(1533, 'D28631', 'XE14893'),(1534, 'D38104', 'XE20881'),(1535, 'D24261', 'XE64053'),(1536, 'D47198', 'XE45187'),(1537, 'D77194', 'XE49302'),(1538, 'D29975', 'XE27750'),(1539, 'D57650', 'XE67826'),(1540, 'D43780', 'XE33722'),(1541, 'D11884', 'XE17269'),(1542, 'D87040', 'XE72953'),(1543, 'D26847', 'XE40971'),(1544, 'D64835', 'XE92371'),(1545, 'D46339', 'XE49844'),(1546, 'D50381', 'XE49589'),(1547, 'D25783', 'XE36914'),(1548, 'D34102', 'XE50047'),(1549, 'D70882', 'XE81126'),(1550, 'D32543', 'XE72401'),(1551, 'D28565', 'XE88546'),(1552, 'D80064', 'XE33592'),(1553, 'D75364', 'XE36777'),(1554, 'D21322', 'XE29690'),(1555, 'D21363', 'XE11752'),(1556, 'D39759', 'XE58298'),(1557, 'D77606', 'XE40513'),(1558, 'D47498', 'XE63829'),(1559, 'D46601', 'XE38701'),(1560, 'D43130', 'XE76866'),(1561, 'D40044', 'XE68550'),(1562, 'D96662', 'XE81340'),(1563, 'D81376', 'XE41545'),(1564, 'D76734', 'XE30193'),(1565, 'D43415', 'XE28645'),(1566, 'D88300', 'XE92460'),(1567, 'D62771', 'XE15124'),(1568, 'D15280', 'XE66967'),(1569, 'D82775', 'XE87602'),(1570, 'D78746', 'XE43862'),(1571, 'D69944', 'XE44278'),(1572, 'D41686', 'XE42293'),(1573, 'D32529', 'XE97954'),(1574, 'D91094', 'XE90586'),(1575, 'D51986', 'XE71498'),(1576, 'D22910', 'XE90951'),(1577, 'D72237', 'XE76431'),(1578, 'D49767', 'XE90586'),(1579, 'D82418', 'XE57136'),(1580, 'D45011', 'XE81992'),(1581, 'D53924', 'XE51942'),(1582, 'D67539', 'XE45982'),(1583, 'D51689', 'XE51778'),(1584, 'D22425', 'XE31469'),(1585, 'D93947', 'XE62815'),(1586, 'D27476', 'XE38861'),(1587, 'D78296', 'XE56768'),(1588, 'D77264', 'XE52732'),(1589, 'D17236', 'XE39740'),(1590, 'D37490', 'XE55202'),(1591, 'D52729', 'XE40491'),(1592, 'D49101', 'XE55747'),(1593, 'D98283', 'XE50167'),(1594, 'D99843', 'XE57406'),(1595, 'D61402', 'XE19860'),(1596, 'D86206', 'XE55885'),(1597, 'D84029', 'XE95925'),(1598, 'D82378', 'XE26863'),(1599, 'D58048', 'XE78951'),(1600, 'D86492', 'XE56395'),(1601, 'D19780', 'XE93265'),(1602, 'D66444', 'XE37997'),(1603, 'D85825', 'XE57307'),(1604, 'D26343', 'XE79366'),(1605, 'D94783', 'XE43521'),(1606, 'D90711', 'XE14608'),(1607, 'D39381', 'XE70614'),(1608, 'D71993', 'XE98961'),(1609, 'D50695', 'XE60923'),(1610, 'D46839', 'XE51112'),(1611, 'D82854', 'XE80246'),(1612, 'D64138', 'XE44830'),(1613, 'D18291', 'XE99734'),(1614, 'D98682', 'XE34541'),(1615, 'D86675', 'XE27357'),(1616, 'D58065', 'XE65155'),(1617, 'D45706', 'XE73869'),(1618, 'D20220', 'XE53417'),(1619, 'D73934', 'XE22317'),(1620, 'D43419', 'XE48291'),(1621, 'D26082', 'XE75954'),(1622, 'D94983', 'XE24364'),(1623, 'D69512', 'XE15356'),(1624, 'D13555', 'XE36753'),(1625, 'D27144', 'XE73813'),(1626, 'D11683', 'XE11179'),(1627, 'D24472', 'XE40939'),(1628, 'D63140', 'XE35929'),(1629, 'D87759', 'XE31329'),(1630, 'D70048', 'XE90606'),(1631, 'D56887', 'XE24915'),(1632, 'D13734', 'XE73124'),(1633, 'D62006', 'XE99343'),(1634, 'D87852', 'XE46226'),(1635, 'D35878', 'XE61706'),(1636, 'D78084', 'XE31164'),(1637, 'D97246', 'XE54088'),(1638, 'D99833', 'XE28524'),(1639, 'D35134', 'XE80857'),(1640, 'D93253', 'XE71639'),(1641, 'D83871', 'XE93376'),(1642, 'D53559', 'XE99706'),(1643, 'D11222', 'XE78297'),(1644, 'D17551', 'XE71556'),(1645, 'D68063', 'XE64212'),(1646, 'D93165', 'XE52739'),(1647, 'D21293', 'XE87581'),(1648, 'D58824', 'XE18894'),(1649, 'D97268', 'XE97528'),(1650, 'D80933', 'XE73700'),(1651, 'D54602', 'XE90597'),(1652, 'D38288', 'XE44474'),(1653, 'D74375', 'XE38275'),(1654, 'D53487', 'XE67222'),(1655, 'D13940', 'XE65239'),(1656, 'D41421', 'XE78362'),(1657, 'D68942', 'XE24118'),(1658, 'D96482', 'XE45432'),(1659, 'D36236', 'XE43052'),(1660, 'D84185', 'XE24536'),(1661, 'D82009', 'XE29289'),(1662, 'D22953', 'XE47962'),(1663, 'D16889', 'XE66242'),(1664, 'D33539', 'XE94478'),(1665, 'D92503', 'XE70703'),(1666, 'D24396', 'XE33935'),(1667, 'D35119', 'XE19050'),(1668, 'D73874', 'XE17625'),(1669, 'D79841', 'XE73303'),(1670, 'D38423', 'XE39640'),(1671, 'D56414', 'XE44035'),(1672, 'D27439', 'XE18634'),(1673, 'D21482', 'XE92703'),(1674, 'D35706', 'XE72433'),(1675, 'D13506', 'XE93456'),(1676, 'D50287', 'XE84881'),(1677, 'D28808', 'XE64758'),(1678, 'D49352', 'XE31953'),(1679, 'D87000', 'XE60239'),(1680, 'D51131', 'XE61970'),(1681, 'D45914', 'XE11304'),(1682, 'D51738', 'XE46888'),(1683, 'D76899', 'XE24935'),(1684, 'D48296', 'XE59231'),(1685, 'D73291', 'XE35885'),(1686, 'D12115', 'XE53939'),(1687, 'D87138', 'XE54143'),(1688, 'D36718', 'XE43954'),(1689, 'D39813', 'XE56194'),(1690, 'D82368', 'XE14322'),(1691, 'D58115', 'XE56090'),(1692, 'D68866', 'XE52185'),(1693, 'D53000', 'XE95071'),(1694, 'D85604', 'XE42080'),(1695, 'D13998', 'XE18881'),(1696, 'D34884', 'XE31440'),(1697, 'D24432', 'XE49585'),(1698, 'D29520', 'XE62292'),(1699, 'D28968', 'XE94597'),(1700, 'D73817', 'XE83151'),(1701, 'D57587', 'XE87084'),(1702, 'D16344', 'XE24185'),(1703, 'D10658', 'XE93943'),(1704, 'D43240', 'XE46852'),(1705, 'D88387', 'XE62946'),(1706, 'D77200', 'XE20801'),(1707, 'D21441', 'XE43516'),(1708, 'D31107', 'XE19693'),(1709, 'D70281', 'XE76036'),(1710, 'D29291', 'XE53111'),(1711, 'D12226', 'XE15769'),(1712, 'D68585', 'XE48261'),(1713, 'D75192', 'XE87705'),(1714, 'D87022', 'XE58226'),(1715, 'D10850', 'XE78233'),(1716, 'D28525', 'XE84071'),(1717, 'D61783', 'XE25299'),(1718, 'D14873', 'XE76950'),(1719, 'D31124', 'XE75882'),(1720, 'D88665', 'XE57618'),(1721, 'D94960', 'XE44181'),(1722, 'D37259', 'XE24854'),(1723, 'D96864', 'XE91052'),(1724, 'D34717', 'XE17480'),(1725, 'D75694', 'XE63500'),(1726, 'D46160', 'XE58378'),(1727, 'D82614', 'XE87790'),(1728, 'D33990', 'XE24810'),(1729, 'D67557', 'XE21752'),(1730, 'D43148', 'XE69687'),(1731, 'D41839', 'XE79146'),(1732, 'D47801', 'XE44404'),(1733, 'D33967', 'XE10591'),(1734, 'D45195', 'XE45214'),(1735, 'D34919', 'XE19186'),(1736, 'D71178', 'XE67850'),(1737, 'D95395', 'XE20983'),(1738, 'D57579', 'XE79587'),(1739, 'D47366', 'XE93460'),(1740, 'D46219', 'XE53498'),(1741, 'D39874', 'XE35618'),(1742, 'D21781', 'XE14829'),(1743, 'D54720', 'XE24855'),(1744, 'D50462', 'XE57322'),(1745, 'D13326', 'XE15442'),(1746, 'D52616', 'XE38438'),(1747, 'D54063', 'XE40760'),(1748, 'D67434', 'XE80302'),(1749, 'D17091', 'XE61099'),(1750, 'D79685', 'XE29106'),(1751, 'D41807', 'XE29963'),(1752, 'D26421', 'XE18957'),(1753, 'D16531', 'XE61080'),(1754, 'D45432', 'XE49712'),(1755, 'D81724', 'XE14894'),(1756, 'D58368', 'XE27211'),(1757, 'D88656', 'XE36991'),(1758, 'D85757', 'XE52741'),(1759, 'D88297', 'XE32774'),(1760, 'D31874', 'XE13150'),(1761, 'D19316', 'XE39527'),(1762, 'D27443', 'XE73880'),(1763, 'D82177', 'XE58376'),(1764, 'D79521', 'XE57624'),(1765, 'D66875', 'XE66592'),(1766, 'D24649', 'XE45610'),(1767, 'D48596', 'XE71504'),(1768, 'D40425', 'XE25075'),(1769, 'D58396', 'XE60849'),(1770, 'D93859', 'XE72355'),(1771, 'D88459', 'XE16421'),(1772, 'D66990', 'XE44905'),(1773, 'D66487', 'XE53516'),(1774, 'D85110', 'XE44748'),(1775, 'D43545', 'XE30585'),(1776, 'D96418', 'XE64084'),(1777, 'D89240', 'XE78911'),(1778, 'D90016', 'XE23103'),(1779, 'D36983', 'XE80416'),(1780, 'D60026', 'XE40843'),(1781, 'D24200', 'XE99193'),(1782, 'D38613', 'XE36067'),(1783, 'D65985', 'XE62953'),(1784, 'D11955', 'XE49911'),(1785, 'D94828', 'XE85423'),(1786, 'D14031', 'XE52906'),(1787, 'D37145', 'XE70004'),(1788, 'D99897', 'XE75606'),(1789, 'D31189', 'XE79112'),(1790, 'D96005', 'XE24405'),(1791, 'D92584', 'XE96922'),(1792, 'D28686', 'XE33256'),(1793, 'D69336', 'XE94633'),(1794, 'D13230', 'XE39453'),(1795, 'D35150', 'XE72107'),(1796, 'D80586', 'XE30818'),(1797, 'D92089', 'XE88383'),(1798, 'D64345', 'XE39269'),(1799, 'D84210', 'XE55374'),(1800, 'D79061', 'XE45853'),(1801, 'D80874', 'XE36530'),(1802, 'D38346', 'XE83671'),(1803, 'D31626', 'XE39641'),(1804, 'D54264', 'XE91116'),(1805, 'D27525', 'XE48200'),(1806, 'D61154', 'XE67757'),(1807, 'D33837', 'XE43439'),(1808, 'D87373', 'XE53449'),(1809, 'D88274', 'XE93544'),(1810, 'D97563', 'XE41833'),(1811, 'D43119', 'XE48560'),(1812, 'D23773', 'XE74792'),(1813, 'D95335', 'XE73203'),(1814, 'D92177', 'XE43777'),(1815, 'D16615', 'XE91984'),(1816, 'D65085', 'XE37787'),(1817, 'D42905', 'XE17295'),(1818, 'D59298', 'XE34810'),(1819, 'D49947', 'XE94384'),(1820, 'D54266', 'XE70579'),(1821, 'D14162', 'XE91592'),(1822, 'D24551', 'XE67130'),(1823, 'D12253', 'XE25500'),(1824, 'D79178', 'XE24441'),(1825, 'D78756', 'XE54006'),(1826, 'D85373', 'XE86548'),(1827, 'D36726', 'XE70758'),(1828, 'D51872', 'XE99703'),(1829, 'D80112', 'XE49767'),(1830, 'D96378', 'XE14343'),(1831, 'D88470', 'XE71800'),(1832, 'D58429', 'XE89494'),(1833, 'D18379', 'XE98602'),(1834, 'D56466', 'XE44614'),(1835, 'D78947', 'XE15585'),(1836, 'D49128', 'XE38642'),(1837, 'D76825', 'XE50181'),(1838, 'D49612', 'XE77624'),(1839, 'D24117', 'XE96547'),(1840, 'D38045', 'XE62968'),(1841, 'D12726', 'XE80019'),(1842, 'D32526', 'XE25414'),(1843, 'D26839', 'XE65654'),(1844, 'D58537', 'XE27658'),(1845, 'D54180', 'XE87200'),(1846, 'D96816', 'XE64995'),(1847, 'D13905', 'XE54555'),(1848, 'D72743', 'XE40958'),(1849, 'D80347', 'XE37362'),(1850, 'D56559', 'XE71570'),(1851, 'D75499', 'XE74831'),(1852, 'D68642', 'XE35127'),(1853, 'D89933', 'XE20099'),(1854, 'D10310', 'XE95215'),(1855, 'D16197', 'XE32188'),(1856, 'D96787', 'XE46106'),(1857, 'D65588', 'XE24497'),(1858, 'D47714', 'XE94920'),(1859, 'D19137', 'XE59341'),(1860, 'D96438', 'XE57503'),(1861, 'D61309', 'XE42235'),(1862, 'D11881', 'XE77204'),(1863, 'D94654', 'XE83929'),(1864, 'D15708', 'XE68201'),(1865, 'D91568', 'XE39810'),(1866, 'D93641', 'XE15220'),(1867, 'D24678', 'XE56544'),(1868, 'D52272', 'XE64634'),(1869, 'D95141', 'XE65788'),(1870, 'D97685', 'XE28427'),(1871, 'D26789', 'XE44277'),(1872, 'D74344', 'XE70385'),(1873, 'D48770', 'XE77435'),(1874, 'D51794', 'XE70871'),(1875, 'D83469', 'XE57741'),(1876, 'D20966', 'XE61263'),(1877, 'D50653', 'XE24720'),(1878, 'D28669', 'XE25052'),(1879, 'D57818', 'XE25045'),(1880, 'D56596', 'XE24877'),(1881, 'D17933', 'XE14900'),(1882, 'D24881', 'XE94294'),(1883, 'D58186', 'XE51166'),(1884, 'D29946', 'XE60126'),(1885, 'D23918', 'XE23094'),(1886, 'D83717', 'XE44771'),(1887, 'D44894', 'XE45343'),(1888, 'D63412', 'XE84322'),(1889, 'D87265', 'XE76521'),(1890, 'D91217', 'XE76356'),(1891, 'D44923', 'XE65393'),(1892, 'D56134', 'XE48883'),(1893, 'D87841', 'XE73099'),(1894, 'D39999', 'XE74861'),(1895, 'D33136', 'XE58899'),(1896, 'D75465', 'XE65149'),(1897, 'D54863', 'XE10444'),(1898, 'D34273', 'XE47990'),(1899, 'D30580', 'XE60063'),(1900, 'D34883', 'XE97143'),(1901, 'D33506', 'XE82721'),(1902, 'D43014', 'XE62064'),(1903, 'D82737', 'XE92778'),(1904, 'D82524', 'XE29415'),(1905, 'D23138', 'XE12594'),(1906, 'D13821', 'XE86989'),(1907, 'D66456', 'XE49505'),(1908, 'D16521', 'XE81303'),(1909, 'D42705', 'XE52545'),(1910, 'D18638', 'XE97344'),(1911, 'D21762', 'XE31713'),(1912, 'D21939', 'XE42685'),(1913, 'D68921', 'XE22616'),(1914, 'D52962', 'XE41623'),(1915, 'D75080', 'XE91907'),(1916, 'D87777', 'XE26410'),(1917, 'D64208', 'XE94843'),(1918, 'D93505', 'XE20817'),(1919, 'D97032', 'XE13266'),(1920, 'D88486', 'XE96259'),(1921, 'D86647', 'XE59709'),(1922, 'D68182', 'XE86319'),(1923, 'D97661', 'XE32092'),(1924, 'D79199', 'XE95850'),(1925, 'D75556', 'XE65454'),(1926, 'D89926', 'XE13961'),(1927, 'D66408', 'XE54211'),(1928, 'D45809', 'XE42022'),(1929, 'D40798', 'XE36013'),(1930, 'D59215', 'XE64674'),(1931, 'D62492', 'XE84142'),(1932, 'D77859', 'XE97441'),(1933, 'D59285', 'XE65403'),(1934, 'D89544', 'XE45270'),(1935, 'D59352', 'XE43450'),(1936, 'D66545', 'XE81012'),(1937, 'D77319', 'XE92479'),(1938, 'D16316', 'XE16228'),(1939, 'D56081', 'XE72131'),(1940, 'D18812', 'XE37554'),(1941, 'D51465', 'XE23793'),(1942, 'D73947', 'XE14864'),(1943, 'D89202', 'XE98347'),(1944, 'D77898', 'XE23531'),(1945, 'D79291', 'XE53440'),(1946, 'D18037', 'XE70037'),(1947, 'D82102', 'XE92878'),(1948, 'D93020', 'XE89811'),(1949, 'D63194', 'XE81321'),(1950, 'D33567', 'XE66559'),(1951, 'D15027', 'XE58499'),(1952, 'D62437', 'XE29558'),(1953, 'D26714', 'XE99571'),(1954, 'D81004', 'XE72838'),(1955, 'D92296', 'XE35961'),(1956, 'D41652', 'XE26230'),(1957, 'D67618', 'XE96563'),(1958, 'D91060', 'XE79419'),(1959, 'D96085', 'XE46320'),(1960, 'D60015', 'XE37556'),(1961, 'D80943', 'XE52850'),(1962, 'D35915', 'XE13330'),(1963, 'D57918', 'XE22763'),(1964, 'D73644', 'XE92382'),(1965, 'D69284', 'XE50096'),(1966, 'D84545', 'XE35924'),(1967, 'D75821', 'XE90663'),(1968, 'D74515', 'XE82122'),(1969, 'D63243', 'XE85540'),(1970, 'D39547', 'XE71284'),(1971, 'D86271', 'XE21907'),(1972, 'D60104', 'XE12584'),(1973, 'D98255', 'XE27800'),(1974, 'D52245', 'XE51762'),(1975, 'D16308', 'XE30220'),(1976, 'D65862', 'XE14203'),(1977, 'D74724', 'XE87019'),(1978, 'D81499', 'XE12160'),(1979, 'D32943', 'XE40472'),(1980, 'D21725', 'XE32477'),(1981, 'D94214', 'XE95748'),(1982, 'D95759', 'XE90602'),(1983, 'D35752', 'XE99180'),(1984, 'D43347', 'XE48181'),(1985, 'D80717', 'XE77189'),(1986, 'D47370', 'XE41904'),(1987, 'D58925', 'XE63562'),(1988, 'D57078', 'XE82012'),(1989, 'D13731', 'XE12169'),(1990, 'D67043', 'XE43260'),(1991, 'D46663', 'XE42245'),(1992, 'D74496', 'XE88912'),(1993, 'D54892', 'XE72848'),(1994, 'D37169', 'XE37287'),(1995, 'D97504', 'XE11023'),(1996, 'D73614', 'XE35240'),(1997, 'D18825', 'XE31676'),(1998, 'D15152', 'XE43737'),(1999, 'D27101', 'XE89083');
UNLOCK TABLES;
COMMIT;
BEGIN;
LOCK TABLES `baiguixe`.`thong_tin_xe` WRITE;
DELETE FROM `baiguixe`.`thong_tin_xe`;
INSERT INTO `baiguixe`.`thong_tin_xe` (`ID_xe`,`ID_chu_xe`,`Bien_so_xe`,`Hang_xe`,`Loai_xe`) VALUES ('XE10032', NULL, 'BKS-22869', 'KTM', 'Bike'),('XE10035', 'User63935', 'BKS-28230', 'Piaggio', 'Bike'),('XE10042', 'User22873', 'BKS-34138', 'Lamborghini', 'Car'),('XE10251', 'User74187', 'BKS-49796', 'Chrysler', 'Car'),('XE10273', NULL, 'BKS-68221', 'Yamaha', 'Bike'),('XE10302', 'User49302', 'BKS-42228', 'Pilley', 'Car'),('XE10316', 'User76162', 'BKS-29043', 'Lexus', 'Car'),('XE10426', 'User43814', 'BKS-78363', 'SYM', 'Bike'),('XE10444', NULL, 'BKS-42680', 'Martin', 'Bicycle'),('XE10486', 'User19394', 'BKS-76567', 'Lincoln', 'Car'),('XE10525', 'User13886', 'BKS-60437', 'Ferrari', 'Car'),('XE10567', NULL, 'BKS-12096', 'Yamaha', 'Bike'),('XE10591', NULL, 'BKS-85760', 'Trek', 'Bicycle'),('XE10627', 'User11073', 'BKS-88174', 'Tata', 'Car'),('XE10814', 'User85679', 'BKS-31709', 'Cadillac', 'Car'),('XE10895', 'User41681', 'BKS-77738', 'Honda', 'Bike'),('XE10921', NULL, 'BKS-33734', 'KTM', 'Bike'),('XE11023', NULL, 'BKS-69190', 'Giant', 'Bicycle'),('XE11093', NULL, 'BKS-34694', 'Ducati', 'Bike'),('XE11123', NULL, 'BKS-81951', 'SYM', 'Bike'),('XE11147', NULL, 'BKS-67719', 'Ducati', 'Bike'),('XE11169', NULL, 'BKS-63160', 'Kawasaki', 'Bike'),('XE11178', 'User98899', 'BKS-44097', 'Huyndai', 'Car'),('XE11179', NULL, 'BKS-73002', 'GT', 'Bicycle'),('XE11250', NULL, 'BKS-60070', 'KTM', 'Bike'),('XE11277', 'User89180', 'BKS-95283', 'Opel', 'Car'),('XE11304', NULL, 'BKS-17423', 'Giant', 'Bicycle'),('XE11356', 'User71756', 'BKS-51672', 'Piaggio', 'Bike'),('XE11358', NULL, 'BKS-37496', 'Suzuki', 'Bike'),('XE11361', NULL, 'BKS-97578', 'Yamaha', 'Bike'),('XE11400', 'User11358', 'BKS-99579', 'FAW', 'Car'),('XE11483', 'User13245', 'BKS-12971', 'Dewwoo', 'Car'),('XE11492', 'User21743', 'BKS-94815', 'Chrysler', 'Car'),('XE11566', 'User63315', 'BKS-39519', 'Changan', 'Car'),('XE11638', NULL, 'BKS-41795', 'Yamaha', 'Bike'),('XE11752', NULL, 'BKS-49761', 'Suzuki', 'Bike'),('XE11776', NULL, 'BKS-19630', 'KTM', 'Bike'),('XE11784', 'User46938', 'BKS-97033', 'Kawasaki', 'Bike'),('XE11824', 'User86340', 'BKS-33180', 'Suzuki', 'Bike'),('XE11837', 'User42617', 'BKS-26402', 'Honda', 'Bike'),('XE11965', 'User22497', 'BKS-13837', 'KTM', 'Bike'),('XE11973', NULL, 'BKS-60619', 'Ducati', 'Bike'),('XE12015', NULL, 'BKS-42149', 'Suzuki', 'Bike'),('XE12105', 'User23326', 'BKS-37634', 'Chevrolet', 'Car'),('XE12160', NULL, 'BKS-47108', 'Santa Cruz', 'Bicycle'),('XE12169', NULL, 'BKS-79218', 'Martin', 'Bicycle'),('XE12269', 'User87175', 'BKS-60324', 'Chrysler', 'Car'),('XE12389', NULL, 'BKS-16460', 'Honda', 'Bike'),('XE12550', 'User35808', 'BKS-71653', 'Honda', 'Car'),('XE12564', NULL, 'BKS-47545', 'KTM', 'Bike'),('XE12584', NULL, 'BKS-20580', 'Konna', 'Bicycle'),('XE12590', NULL, 'BKS-33594', 'Kawasaki', 'Bike'),('XE12594', NULL, 'BKS-37739', 'GT', 'Bicycle'),('XE12595', NULL, 'BKS-83457', 'KTM', 'Bike'),('XE12651', 'User75426', 'BKS-35576', 'Gonow', 'Car'),('XE12671', 'User14263', 'BKS-48038', 'Yamaha', 'Bike'),('XE12704', NULL, 'BKS-68943', 'Honda', 'Bike'),('XE12772', 'User57027', 'BKS-40328', 'Dodge', 'Car'),('XE12886', NULL, 'BKS-90326', 'Suzuki', 'Bike'),('XE12901', 'User30798', 'BKS-51486', 'Ionini', 'Car'),('XE12953', 'User10018', 'BKS-87719', 'Alfa Romeo', 'Car'),('XE12958', 'User68391', 'BKS-94898', 'Elfin', 'Car'),('XE13060', 'User35393', 'BKS-32408', 'Toyota', 'Car'),('XE13150', NULL, 'BKS-98829', 'Specialized', 'Bicycle'),('XE13165', 'User71158', 'BKS-35063', 'Alfa Romeo', 'Car'),('XE13199', 'User51859', 'BKS-34674', 'Honda', 'Car'),('XE13217', 'User59535', 'BKS-92555', 'Buick', 'Car'),('XE13221', 'User56429', 'BKS-24652', 'Gonow', 'Car'),('XE13229', 'User74782', 'BKS-65049', 'Triumph', 'Bike'),('XE13251', 'User52296', 'BKS-51647', 'Porsche', 'Car'),('XE13266', NULL, 'BKS-59940', 'Martin', 'Bicycle'),('XE13330', NULL, 'BKS-25045', 'Canondale', 'Bicycle'),('XE13364', NULL, 'BKS-44378', 'Yamaha', 'Bike'),('XE13430', 'User64879', 'BKS-46048', 'VAZ', 'Car'),('XE13459', 'User49186', 'BKS-17243', 'Zotye', 'Car'),('XE13471', NULL, 'BKS-43423', 'Suzuki', 'Bike'),('XE13532', NULL, 'BKS-83338', 'Honda', 'Bike'),('XE13549', 'User76308', 'BKS-90239', 'Englon', 'Car'),('XE13616', 'User61948', 'BKS-76009', 'Chrysler', 'Car'),('XE13658', 'User17057', 'BKS-36793', 'Gumpert', 'Car'),('XE13689', 'User63536', 'BKS-54587', 'Yamaha', 'Bike'),('XE13796', 'User31874', 'BKS-68094', 'Bugatti', 'Car'),('XE13818', 'User51944', 'BKS-35055', 'Holden', 'Car'),('XE13861', 'User52249', 'BKS-32852', 'Fisker', 'Car'),('XE13907', 'User73137', 'BKS-81759', 'Chevrolet', 'Car'),('XE13929', 'User58094', 'BKS-60912', 'Honda', 'Car'),('XE13961', NULL, 'BKS-58996', 'Specialized', 'Bicycle'),('XE13997', NULL, 'BKS-52980', 'KTM', 'Bike'),('XE14019', 'User75554', 'BKS-13214', 'MG', 'Car'),('XE14037', 'User17604', 'BKS-66344', 'Triumph', 'Bike'),('XE14038', 'User19576', 'BKS-84081', 'SYM', 'Bike'),('XE14063', 'User44868', 'BKS-88158', 'Skoda', 'Car'),('XE14203', NULL, 'BKS-97530', 'Trek', 'Bicycle'),('XE14259', 'User12097', 'BKS-28795', 'IKCO', 'Car'),('XE14322', NULL, 'BKS-71043', 'Canondale', 'Bicycle'),('XE14343', NULL, 'BKS-58667', 'Martin', 'Bicycle'),('XE14407', NULL, 'BKS-49302', 'Piaggio', 'Bike'),('XE14456', NULL, 'BKS-61199', 'Suzuki', 'Bike'),('XE14608', NULL, 'BKS-99860', 'GT', 'Bicycle'),('XE14650', NULL, 'BKS-28765', 'SYM', 'Bike'),('XE14713', 'User21524', 'BKS-28288', 'Piaggio', 'Bike'),('XE14829', NULL, 'BKS-66418', 'Trek', 'Bicycle'),('XE14864', NULL, 'BKS-95862', 'Giant', 'Bicycle'),('XE14893', NULL, 'BKS-48466', 'Piaggio', 'Bike'),('XE14894', NULL, 'BKS-18711', 'GT', 'Bicycle'),('XE14900', NULL, 'BKS-47984', 'Canondale', 'Bicycle'),('XE15040', 'User46754', 'BKS-77787', 'Citroen', 'Car'),('XE15108', NULL, 'BKS-95687', 'Suzuki', 'Bike'),('XE15109', NULL, 'BKS-24674', 'SYM', 'Bike'),('XE15124', NULL, 'BKS-33930', 'Suzuki', 'Bike'),('XE15174', 'User39035', 'BKS-50602', 'Volkswagen', 'Car'),('XE15188', 'User18796', 'BKS-49780', 'VAZ', 'Car'),('XE15220', NULL, 'BKS-98320', 'Canondale', 'Bicycle'),('XE15250', 'User47430', 'BKS-64479', 'Tata', 'Car'),('XE15335', 'User57646', 'BKS-92365', 'SsangYoug', 'Car'),('XE15336', NULL, 'BKS-38233', 'Harley Davidson', 'Bike'),('XE15342', 'User63153', 'BKS-88740', 'Chery', 'Car'),('XE15343', 'User55180', 'BKS-31766', 'IKCO', 'Car'),('XE15356', NULL, 'BKS-45703', 'Santa Cruz', 'Bicycle'),('XE15442', NULL, 'BKS-33424', 'Merida', 'Bicycle'),('XE15447', NULL, 'BKS-92066', 'Piaggio', 'Bike'),('XE15470', 'User35233', 'BKS-56125', 'Jeep', 'Car'),('XE15502', NULL, 'BKS-73096', 'KTM', 'Bike'),('XE15505', 'User60869', 'BKS-78869', 'Kia', 'Car'),('XE15585', NULL, 'BKS-33937', 'Santa Cruz', 'Bicycle'),('XE15588', 'User77260', 'BKS-61255', 'Jaguar', 'Car'),('XE15603', NULL, 'BKS-48508', 'SYM', 'Bike'),('XE15652', NULL, 'BKS-66633', 'Yamaha', 'Bike'),('XE15769', NULL, 'BKS-66804', 'Merida', 'Bicycle'),('XE15780', 'User40563', 'BKS-73872', 'Geely', 'Car'),('XE15781', NULL, 'BKS-83582', 'Kawasaki', 'Bike'),('XE15835', NULL, 'BKS-79478', 'Triumph', 'Bike'),('XE15870', NULL, 'BKS-11367', 'Kawasaki', 'Bike'),('XE15871', 'User72224', 'BKS-63907', 'IKCO', 'Car'),('XE15936', NULL, 'BKS-34262', 'Honda', 'Bike'),('XE16108', 'User26571', 'BKS-71020', 'Abarth', 'Car'),('XE16182', 'User61573', 'BKS-63152', 'Detroit Electric', 'Car'),('XE16205', 'User13557', 'BKS-32082', 'Renault', 'Car'),('XE16228', NULL, 'BKS-83662', 'Martin', 'Bicycle'),('XE16371', 'User32825', 'BKS-96462', 'Karma', 'Car'),('XE16421', NULL, 'BKS-38570', 'Canondale', 'Bicycle'),('XE16477', 'User27381', 'BKS-89691', 'Iveco', 'Car'),('XE16482', 'User20962', 'BKS-10723', 'Volkswagen', 'Car'),('XE16503', 'User50753', 'BKS-53452', 'BYD', 'Car'),('XE16542', 'User82779', 'BKS-20785', 'SYM', 'Bike'),('XE16575', 'User28313', 'BKS-76087', 'Karma', 'Car'),('XE16609', NULL, 'BKS-52188', 'Honda', 'Bike'),('XE16716', 'User99967', 'BKS-19426', 'Hummer', 'Car'),('XE16733', NULL, 'BKS-12282', 'Ducati', 'Bike'),('XE16760', 'User88260', 'BKS-20257', 'Ducati', 'Bike'),('XE16776', 'User24739', 'BKS-42531', 'Baojun', 'Car'),('XE16823', 'User40828', 'BKS-59107', 'Zenvo', 'Car'),('XE16827', 'User51563', 'BKS-74185', 'Yamaha', 'Bike'),('XE16886', 'User75172', 'BKS-49375', 'Ducati', 'Bike'),('XE16904', NULL, 'BKS-61633', 'Piaggio', 'Bike'),('XE16908', 'User90667', 'BKS-46182', 'Ducati', 'Bike'),('XE16988', 'User30615', 'BKS-79029', 'Ionini', 'Car'),('XE17079', 'User34211', 'BKS-17457', 'Haima', 'Car'),('XE17122', 'User22518', 'BKS-89298', 'Audi', 'Car'),('XE17143', 'User37116', 'BKS-49978', 'Alfa Romeo', 'Car'),('XE17176', 'User64144', 'BKS-68032', 'Jaguar', 'Car'),('XE17200', 'User43265', 'BKS-49707', 'Citroen', 'Car'),('XE17204', 'User48689', 'BKS-83645', 'Alfa Romeo', 'Car'),('XE17237', 'User51731', 'BKS-92675', 'Piaggio', 'Bike'),('XE17269', NULL, 'BKS-91561', 'Piaggio', 'Bike'),('XE17295', NULL, 'BKS-81256', 'Scott', 'Bicycle'),('XE17358', 'User86674', 'BKS-25434', 'BYD', 'Car'),('XE17400', NULL, 'BKS-24050', 'Piaggio', 'Bike'),('XE17443', NULL, 'BKS-25862', 'Kawasaki', 'Bike'),('XE17464', NULL, 'BKS-64464', 'Piaggio', 'Bike'),('XE17475', NULL, 'BKS-92228', 'Triumph', 'Bike'),('XE17480', NULL, 'BKS-33675', 'GT', 'Bicycle'),('XE17516', NULL, 'BKS-15618', 'Suzuki', 'Bike'),('XE17593', NULL, 'BKS-74386', 'Ducati', 'Bike'),('XE17603', 'User40809', 'BKS-96056', 'Triumph', 'Bike'),('XE17625', NULL, 'BKS-87184', 'Martin', 'Bicycle'),('XE17753', 'User40980', 'BKS-26597', 'Acura', 'Car'),('XE17863', 'User55633', 'BKS-24827', 'Land Rover', 'Car'),('XE17903', 'User42235', 'BKS-22788', 'Kawasaki', 'Bike'),('XE17946', NULL, 'BKS-44585', 'Suzuki', 'Bike'),('XE17982', NULL, 'BKS-50576', 'Suzuki', 'Bike'),('XE18026', NULL, 'BKS-94963', 'SYM', 'Bike'),('XE18030', NULL, 'BKS-93807', 'Yamaha', 'Bike'),('XE18037', 'User80402', 'BKS-44367', 'Zotye', 'Car'),('XE18078', NULL, 'BKS-44808', 'Kawasaki', 'Bike'),('XE18216', 'User34018', 'BKS-31812', 'Changan', 'Car'),('XE18286', NULL, 'BKS-12248', 'Piaggio', 'Bike'),('XE18342', NULL, 'BKS-14155', 'Piaggio', 'Bike'),('XE18634', NULL, 'BKS-11088', 'Scott', 'Bicycle'),('XE18637', 'User30956', 'BKS-33438', 'Infiniti', 'Car'),('XE18651', 'User56252', 'BKS-55161', 'Elfin', 'Car'),('XE18684', NULL, 'BKS-34525', 'Honda', 'Bike'),('XE18691', 'User74662', 'BKS-79538', 'Dodge', 'Car'),('XE18699', 'User41674', 'BKS-52567', 'Maserati', 'Car'),('XE18820', 'User54913', 'BKS-18671', 'Lincoln', 'Car'),('XE18881', NULL, 'BKS-15753', 'Canondale', 'Bicycle'),('XE18894', NULL, 'BKS-89134', 'Giant', 'Bicycle'),('XE18921', 'User85818', 'BKS-14549', 'Ferrari', 'Car'),('XE18957', NULL, 'BKS-78663', 'Trinx', 'Bicycle'),('XE19050', NULL, 'BKS-93206', 'Scott', 'Bicycle'),('XE19097', 'User11557', 'BKS-48739', 'Honda', 'Bike'),('XE19102', NULL, 'BKS-39819', 'Ducati', 'Bike'),('XE19103', 'User27683', 'BKS-45369', 'Opel', 'Car'),('XE19142', 'User74527', 'BKS-85541', 'Audi', 'Car'),('XE19186', NULL, 'BKS-63886', 'Martin', 'Bicycle'),('XE19303', 'User21348', 'BKS-86228', 'Mini', 'Car'),('XE19377', 'User60249', 'BKS-20039', 'Maybach', 'Car'),('XE19491', 'User68127', 'BKS-74227', 'SsangYoug', 'Car'),('XE19588', 'User12080', 'BKS-62085', 'Luxgen', 'Car'),('XE19593', 'User95624', 'BKS-25682', 'Honda', 'Bike'),('XE19630', NULL, 'BKS-27105', 'Suzuki', 'Bike'),('XE19650', NULL, 'BKS-20109', 'Honda', 'Bike'),('XE19671', 'User88927', 'BKS-22097', 'Honda', 'Bike'),('XE19687', NULL, 'BKS-68447', 'SYM', 'Bike'),('XE19693', NULL, 'BKS-70417', 'Trinx', 'Bicycle'),('XE19766', NULL, 'BKS-99170', 'Triumph', 'Bike'),('XE19774', 'User73145', 'BKS-11292', 'Great Wall', 'Car'),('XE19817', 'User87342', 'BKS-54273', 'Tesla', 'Car'),('XE19860', NULL, 'BKS-80121', 'Yamaha', 'Bike'),('XE19892', 'User43664', 'BKS-56445', 'Suzuki', 'Bike'),('XE19950', NULL, 'BKS-14228', 'Yamaha', 'Bike'),('XE19966', 'User19235', 'BKS-89325', 'Hawtai', 'Car'),('XE19976', 'User76835', 'BKS-15976', 'Great Wall', 'Car'),('XE20000', 'User72788', 'BKS-15174', 'KTM', 'Bike'),('XE20013', NULL, 'BKS-31105', 'Yamaha', 'Bike'),('XE20099', NULL, 'BKS-94244', 'Merida', 'Bicycle'),('XE20154', NULL, 'BKS-97458', 'KTM', 'Bike'),('XE20218', 'User17344', 'BKS-54789', 'Piaggio', 'Bike'),('XE20225', NULL, 'BKS-38414', 'Yamaha', 'Bike'),('XE20582', 'User68848', 'BKS-31620', 'Harley Davidson', 'Bike'),('XE20635', NULL, 'BKS-75857', 'Harley Davidson', 'Bike'),('XE20670', 'User33642', 'BKS-40292', 'McLaren', 'Car'),('XE20677', NULL, 'BKS-10269', 'SYM', 'Bike'),('XE20736', NULL, 'BKS-79144', 'Honda', 'Bike'),('XE20801', NULL, 'BKS-79823', 'Konna', 'Bicycle'),('XE20817', NULL, 'BKS-84211', 'Konna', 'Bicycle'),('XE20871', 'User43752', 'BKS-61780', 'KTM', 'Bike'),('XE20881', NULL, 'BKS-32925', 'Piaggio', 'Bike'),('XE20916', NULL, 'BKS-50444', 'Ducati', 'Bike'),('XE20947', 'User84810', 'BKS-64495', 'Rover', 'Car'),('XE20983', NULL, 'BKS-54142', 'Trek', 'Bicycle'),('XE21118', 'User28518', 'BKS-81947', 'FAW', 'Car'),('XE21151', NULL, 'BKS-51679', 'Suzuki', 'Bike'),('XE21158', 'User77703', 'BKS-79853', 'Lotus', 'Car'),('XE21189', 'User55127', 'BKS-59509', 'Rover', 'Car'),('XE21197', 'User59728', 'BKS-94327', 'Infiniti', 'Car'),('XE21377', 'User97407', 'BKS-57472', 'Alfa Romeo', 'Car'),('XE21382', 'User72687', 'BKS-66625', 'Huyndai', 'Car'),('XE21422', NULL, 'BKS-37643', 'Piaggio', 'Bike'),('XE21613', 'User44810', 'BKS-43088', 'SsangYoug', 'Car'),('XE21627', 'User71114', 'BKS-37012', 'Yamaha', 'Bike'),('XE21685', 'User35992', 'BKS-40871', 'Lamborghini', 'Car'),('XE21752', NULL, 'BKS-12455', 'Santa Cruz', 'Bicycle'),('XE21825', 'User95404', 'BKS-50257', 'Mazda', 'Car'),('XE21845', 'User29102', 'BKS-39334', 'Yulon', 'Car'),('XE21907', NULL, 'BKS-44773', 'Santa Cruz', 'Bicycle'),('XE21918', NULL, 'BKS-86461', 'Triumph', 'Bike'),('XE21973', 'User56139', 'BKS-61159', 'Kawasaki', 'Bike'),('XE22010', 'User21378', 'BKS-52169', 'Baojun', 'Car'),('XE22317', NULL, 'BKS-73750', 'Merida', 'Bicycle'),('XE22348', NULL, 'BKS-93153', 'Yamaha', 'Bike'),('XE22428', NULL, 'BKS-72630', 'Ducati', 'Bike'),('XE22597', 'User65212', 'BKS-97360', 'FAW', 'Car'),('XE22616', NULL, 'BKS-91496', 'Merida', 'Bicycle'),('XE22763', NULL, 'BKS-35347', 'Specialized', 'Bicycle'),('XE22799', 'User28184', 'BKS-59555', 'Land Rover', 'Car'),('XE22829', 'User67477', 'BKS-82438', 'Mini', 'Car'),('XE22845', 'User44138', 'BKS-32846', 'Mitsubishi', 'Car'),('XE22889', 'User44787', 'BKS-27684', 'Triumph', 'Bike'),('XE22943', NULL, 'BKS-44471', 'Suzuki', 'Bike'),('XE22965', NULL, 'BKS-47740', 'SYM', 'Bike'),('XE23094', NULL, 'BKS-41590', 'GT', 'Bicycle'),('XE23103', NULL, 'BKS-55555', 'Specialized', 'Bicycle'),('XE23165', NULL, 'BKS-70246', 'SYM', 'Bike'),('XE23325', 'User90656', 'BKS-25941', 'Chrysler', 'Car'),('XE23346', NULL, 'BKS-37465', 'Ducati', 'Bike'),('XE23352', 'User61391', 'BKS-16716', 'Opel', 'Car'),('XE23387', 'User42349', 'BKS-51188', 'Ducati', 'Bike'),('XE23467', 'User74474', 'BKS-96434', 'Harley Davidson', 'Bike'),('XE23531', NULL, 'BKS-84366', 'Santa Cruz', 'Bicycle'),('XE23561', 'User26268', 'BKS-46480', 'Nissan', 'Car'),('XE23567', NULL, 'BKS-25660', 'Yamaha', 'Bike'),('XE23587', 'User27494', 'BKS-34744', 'Mastretta', 'Car'),('XE23590', 'User86518', 'BKS-12074', 'Kawasaki', 'Bike'),('XE23664', 'User72149', 'BKS-59262', 'Kawasaki', 'Bike'),('XE23718', 'User67101', 'BKS-22825', 'Hawtai', 'Car'),('XE23793', NULL, 'BKS-87489', 'Trinx', 'Bicycle'),('XE23899', 'User62544', 'BKS-16840', 'Huyndai', 'Car'),('XE23914', 'User83812', 'BKS-94155', 'Pilley', 'Car'),('XE23968', NULL, 'BKS-37674', 'Yamaha', 'Bike'),('XE23981', 'User46102', 'BKS-87550', 'Subaru', 'Car'),('XE24047', 'User30065', 'BKS-92244', 'FAW', 'Car'),('XE24055', NULL, 'BKS-62922', 'Honda', 'Bike'),('XE24069', 'User70633', 'BKS-61679', 'Borgward', 'Car'),('XE24099', NULL, 'BKS-66474', 'Honda', 'Bike'),('XE24118', NULL, 'BKS-94251', 'Merida', 'Bicycle'),('XE24130', 'User47425', 'BKS-67125', 'Toyota', 'Car'),('XE24138', 'User28166', 'BKS-54777', 'Iveco', 'Car'),('XE24185', NULL, 'BKS-67017', 'Canondale', 'Bicycle'),('XE24280', 'User10708', 'BKS-37548', 'Mitsubishi', 'Car'),('XE24353', 'User99751', 'BKS-32343', 'Haima', 'Car'),('XE24364', NULL, 'BKS-36915', 'GT', 'Bicycle'),('XE24405', NULL, 'BKS-67682', 'GT', 'Bicycle'),('XE24438', 'User18577', 'BKS-14978', 'Geely', 'Car'),('XE24441', NULL, 'BKS-24479', 'Trek', 'Bicycle'),('XE24485', NULL, 'BKS-18599', 'Honda', 'Bike'),('XE24497', NULL, 'BKS-78632', 'Specialized', 'Bicycle'),('XE24511', 'User49280', 'BKS-66435', 'Harley Davidson', 'Bike'),('XE24536', NULL, 'BKS-42651', 'Scott', 'Bicycle'),('XE24539', 'User26914', 'BKS-38659', 'pontiac', 'Car'),('XE24542', NULL, 'BKS-38567', 'Suzuki', 'Bike'),('XE24550', NULL, 'BKS-91355', 'Triumph', 'Bike'),('XE24592', NULL, 'BKS-17735', 'KTM', 'Bike'),('XE24637', NULL, 'BKS-82615', 'Suzuki', 'Bike'),('XE24720', NULL, 'BKS-70713', 'Santa Cruz', 'Bicycle'),('XE24754', 'User44609', 'BKS-46493', 'Piaggio', 'Bike'),('XE24810', NULL, 'BKS-80975', 'Santa Cruz', 'Bicycle'),('XE24840', 'User91715', 'BKS-67080', 'Karma', 'Car'),('XE24854', NULL, 'BKS-20751', 'Specialized', 'Bicycle'),('XE24855', NULL, 'BKS-25743', 'Scott', 'Bicycle'),('XE24861', 'User34379', 'BKS-79240', 'Porsche', 'Car'),('XE24877', NULL, 'BKS-81992', 'Giant', 'Bicycle'),('XE24886', NULL, 'BKS-71675', 'Suzuki', 'Bike'),('XE24894', 'User38527', 'BKS-70786', 'Renault', 'Car'),('XE24915', NULL, 'BKS-80236', 'Trinx', 'Bicycle'),('XE24935', NULL, 'BKS-38748', 'Canondale', 'Bicycle'),('XE24957', 'User57149', 'BKS-17948', 'Yamaha', 'Bike'),('XE25045', NULL, 'BKS-21345', 'Specialized', 'Bicycle'),('XE25052', NULL, 'BKS-95797', 'Konna', 'Bicycle'),('XE25075', 'User72028', 'BKS-63609', 'Chevrolet', 'Car'),('XE25097', 'User10520', 'BKS-96030', 'KTM', 'Bike'),('XE25299', NULL, 'BKS-67974', 'Merida', 'Bicycle'),('XE25311', NULL, 'BKS-53855', 'Harley Davidson', 'Bike'),('XE25322', 'User74645', 'BKS-46788', 'Lincoln', 'Car'),('XE25346', 'User98074', 'BKS-94065', 'Dodge', 'Car'),('XE25386', 'User70148', 'BKS-82178', 'Bugatti', 'Car'),('XE25412', 'User92622', 'BKS-42288', 'McLaren', 'Car'),('XE25414', NULL, 'BKS-98132', 'Scott', 'Bicycle'),('XE25500', NULL, 'BKS-68628', 'Konna', 'Bicycle'),('XE25549', 'User12683', 'BKS-16335', 'Pilley', 'Car'),('XE25658', 'User73145', 'BKS-21670', 'Zotye', 'Car'),('XE25664', NULL, 'BKS-50511', 'Ducati', 'Bike'),('XE25806', 'User14007', 'BKS-23782', 'Volvo', 'Car'),('XE25814', 'User83796', 'BKS-30634', 'Abarth', 'Car'),('XE25848', 'User89984', 'BKS-66765', 'Dacia', 'Car'),('XE25888', 'User96175', 'BKS-86296', 'Proton', 'Car'),('XE25899', NULL, 'BKS-79597', 'Kawasaki', 'Bike'),('XE25909', 'User24819', 'BKS-94988', 'Audi', 'Car'),('XE26056', NULL, 'BKS-30187', 'Yamaha', 'Bike'),('XE26065', 'User53934', 'BKS-90947', 'Abarth', 'Car'),('XE26088', 'User17862', 'BKS-61714', 'Toyota', 'Car'),('XE26100', 'User87932', 'BKS-55762', 'Baojun', 'Car'),('XE26164', NULL, 'BKS-48340', 'Ducati', 'Bike'),('XE26192', 'User26792', 'BKS-22987', 'GAZ', 'Car'),('XE26203', 'User37052', 'BKS-97821', 'GMC', 'Car'),('XE26217', 'User62288', 'BKS-94721', 'Dodge', 'Car'),('XE26230', NULL, 'BKS-72755', 'Trek', 'Bicycle'),('XE26339', 'User14966', 'BKS-45833', 'Toyota', 'Car'),('XE26410', NULL, 'BKS-13735', 'Trinx', 'Bicycle'),('XE26517', 'User17931', 'BKS-68873', 'Buick', 'Car'),('XE26566', NULL, 'BKS-49806', 'Kawasaki', 'Bike'),('XE26768', 'User49568', 'BKS-33539', 'Piaggio', 'Bike'),('XE26772', 'User99350', 'BKS-75556', 'Infiniti', 'Car'),('XE26849', 'User99109', 'BKS-67391', 'Lancia', 'Car'),('XE26860', NULL, 'BKS-91104', 'SYM', 'Bike'),('XE26863', NULL, 'BKS-61449', 'SYM', 'Bike'),('XE26882', 'User70216', 'BKS-71055', 'Suzuki', 'Bike'),('XE26977', NULL, 'BKS-97125', 'Honda', 'Bike'),('XE26990', 'User45501', 'BKS-10811', 'Zotye', 'Car'),('XE27009', 'User28084', 'BKS-15766', 'Ford', 'Car'),('XE27013', 'User52720', 'BKS-73437', 'GMC', 'Car'),('XE27086', NULL, 'BKS-18829', 'Triumph', 'Bike'),('XE27211', NULL, 'BKS-33096', 'GT', 'Bicycle'),('XE27357', NULL, 'BKS-49204', 'GT', 'Bicycle'),('XE27414', 'User80842', 'BKS-92206', 'Mercedes-Benz', 'Car'),('XE27423', NULL, 'BKS-21618', 'Harley Davidson', 'Bike'),('XE27445', 'User10645', 'BKS-26117', 'XinKai', 'Car'),('XE27606', NULL, 'BKS-87203', 'Kawasaki', 'Bike'),('XE27658', NULL, 'BKS-15427', 'Scott', 'Bicycle'),('XE27666', 'User60131', 'BKS-76719', 'BYD', 'Car'),('XE27742', NULL, 'BKS-98362', 'SYM', 'Bike'),('XE27750', NULL, 'BKS-77497', 'Honda', 'Bike'),('XE27754', 'User48549', 'BKS-91195', 'Gafei', 'Car'),('XE27800', NULL, 'BKS-41959', 'Trek', 'Bicycle'),('XE27851', 'User57167', 'BKS-64025', 'Mahindra', 'Car'),('XE28095', 'User93356', 'BKS-74811', 'Seat', 'Car'),('XE28193', 'User15820', 'BKS-16159', 'Proton', 'Car'),('XE28196', NULL, 'BKS-58693', 'Yamaha', 'Bike'),('XE28392', 'User79568', 'BKS-94325', 'Hummer', 'Car'),('XE28427', NULL, 'BKS-85077', 'GT', 'Bicycle'),('XE28480', 'User80823', 'BKS-61723', 'Proton', 'Car'),('XE28524', NULL, 'BKS-41454', 'Trek', 'Bicycle'),('XE28645', NULL, 'BKS-73269', 'Kawasaki', 'Bike'),('XE28660', 'User40771', 'BKS-60084', 'Volkswagen', 'Car'),('XE28710', NULL, 'BKS-19805', 'Yamaha', 'Bike'),('XE28765', 'User25814', 'BKS-57447', 'Changan', 'Car'),('XE28975', 'User76681', 'BKS-25661', 'Toyota', 'Car'),('XE29010', NULL, 'BKS-45572', 'SYM', 'Bike'),('XE29059', NULL, 'BKS-46341', 'SYM', 'Bike'),('XE29106', NULL, 'BKS-46891', 'Konna', 'Bicycle'),('XE29289', NULL, 'BKS-88993', 'Scott', 'Bicycle'),('XE29296', 'User17717', 'BKS-46301', 'Buick', 'Car'),('XE29319', 'User93775', 'BKS-34079', 'Geely', 'Car'),('XE29364', 'User17467', 'BKS-23286', 'Bentley', 'Car'),('XE29415', NULL, 'BKS-26599', 'Santa Cruz', 'Bicycle'),('XE29468', 'User90192', 'BKS-38381', 'Karma', 'Car'),('XE29470', NULL, 'BKS-46676', 'Yamaha', 'Bike'),('XE29558', NULL, 'BKS-11958', 'Trinx', 'Bicycle'),('XE29596', 'User74478', 'BKS-97388', 'Chevrolet', 'Car'),('XE29611', 'User26463', 'BKS-17134', 'IKCO', 'Car'),('XE29621', 'User40329', 'BKS-26625', 'Infiniti', 'Car'),('XE29684', 'User79140', 'BKS-87086', 'Gonow', 'Car'),('XE29690', NULL, 'BKS-73396', 'Suzuki', 'Bike'),('XE29721', 'User88156', 'BKS-82999', 'Hawtai', 'Car'),('XE29856', NULL, 'BKS-45495', 'Suzuki', 'Bike'),('XE29877', NULL, 'BKS-18752', 'SYM', 'Bike'),('XE29902', NULL, 'BKS-90660', 'Kawasaki', 'Bike'),('XE29910', 'User97950', 'BKS-82730', 'Triumph', 'Bike'),('XE29927', 'User43651', 'BKS-89714', 'Pagani', 'Car'),('XE29945', NULL, 'BKS-80887', 'KTM', 'Bike'),('XE29963', NULL, 'BKS-32923', 'Trek', 'Bicycle'),('XE29983', 'User99981', 'BKS-98577', 'Tesla', 'Car'),('XE30037', 'User20816', 'BKS-82439', 'Citroen', 'Car'),('XE30052', 'User70442', 'BKS-83169', 'Pilley', 'Car'),('XE30165', 'User67494', 'BKS-89187', 'Chery', 'Car'),('XE30193', NULL, 'BKS-88648', 'Yamaha', 'Bike'),('XE30220', NULL, 'BKS-79800', 'Santa Cruz', 'Bicycle'),('XE30393', 'User63878', 'BKS-51785', 'Suzuki', 'Bike'),('XE30421', 'User51885', 'BKS-11429', 'Triumph', 'Bike'),('XE30458', 'User77061', 'BKS-19633', 'Proton', 'Car'),('XE30547', 'User72473', 'BKS-81276', 'Aston Martin', 'Car'),('XE30561', NULL, 'BKS-39502', 'Suzuki', 'Bike'),('XE30585', NULL, 'BKS-43935', 'Giant', 'Bicycle'),('XE30672', 'User31441', 'BKS-23423', 'Acura', 'Car'),('XE30757', NULL, 'BKS-53470', 'Triumph', 'Bike'),('XE30818', NULL, 'BKS-57094', 'Canondale', 'Bicycle'),('XE30823', 'User57707', 'BKS-78282', 'Ram', 'Car'),('XE30919', NULL, 'BKS-98743', 'Honda', 'Bike'),('XE30990', 'User89849', 'BKS-71912', 'Englon', 'Car'),('XE31014', 'User21035', 'BKS-50784', 'Dacia', 'Car'),('XE31118', 'User44616', 'BKS-23370', 'Donkervoort', 'Car'),('XE31120', NULL, 'BKS-29633', 'Yamaha', 'Bike'),('XE31148', 'User69783', 'BKS-10907', 'Perodua', 'Car'),('XE31153', 'User52859', 'BKS-21279', 'Saab', 'Car'),('XE31164', NULL, 'BKS-92125', 'Giant', 'Bicycle'),('XE31329', NULL, 'BKS-18844', 'Trinx', 'Bicycle'),('XE31440', NULL, 'BKS-62566', 'Trinx', 'Bicycle'),('XE31469', NULL, 'BKS-80887', 'Suzuki', 'Bike'),('XE31549', NULL, 'BKS-91839', 'Yamaha', 'Bike'),('XE31602', 'User91485', 'BKS-72410', 'Mercedes-Benz', 'Car'),('XE31623', NULL, 'BKS-74494', 'Harley Davidson', 'Bike'),('XE31676', NULL, 'BKS-24830', 'Konna', 'Bicycle'),('XE31696', 'User20893', 'BKS-37395', 'Renault', 'Car'),('XE31705', 'User82300', 'BKS-56782', 'Huyndai', 'Car'),('XE31713', NULL, 'BKS-29491', 'Merida', 'Bicycle'),('XE31784', NULL, 'BKS-33630', 'Triumph', 'Bike'),('XE31793', 'User67392', 'BKS-16913', 'Ionini', 'Car'),('XE31953', NULL, 'BKS-52283', 'GT', 'Bicycle'),('XE31968', 'User47033', 'BKS-88701', 'Gumpert', 'Car'),('XE32004', 'User82457', 'BKS-86659', 'Mahindra', 'Car'),('XE32077', 'User74466', 'BKS-68633', 'Tesla', 'Car'),('XE32092', NULL, 'BKS-19957', 'Merida', 'Bicycle'),('XE32157', 'User75401', 'BKS-71170', 'Kawasaki', 'Bike'),('XE32170', 'User54398', 'BKS-94779', 'Yamaha', 'Bike'),('XE32188', NULL, 'BKS-10369', 'Merida', 'Bicycle'),('XE32235', NULL, 'BKS-24864', 'Suzuki', 'Bike'),('XE32246', 'User46487', 'BKS-36672', 'Harley Davidson', 'Bike'),('XE32371', 'User51208', 'BKS-24792', 'Mazda', 'Car'),('XE32374', 'User20102', 'BKS-73463', 'Gafei', 'Car'),('XE32390', 'User63133', 'BKS-67910', 'Holden', 'Car'),('XE32477', NULL, 'BKS-55715', 'Konna', 'Bicycle'),('XE32493', 'User10308', 'BKS-57026', 'Volkswagen', 'Car'),('XE32505', 'User50864', 'BKS-89436', 'Mercedes-Benz', 'Car'),('XE32515', 'User54268', 'BKS-38235', 'Ducati', 'Bike'),('XE32540', 'User78163', 'BKS-41445', 'Saab', 'Car'),('XE32624', 'User52696', 'BKS-34580', 'Mini', 'Car'),('XE32710', 'User41604', 'BKS-54853', 'Chrysler', 'Car'),('XE32719', 'User15112', 'BKS-63016', 'Ionini', 'Car'),('XE32727', 'User68423', 'BKS-35640', 'Kia', 'Car'),('XE32731', 'User81616', 'BKS-69900', 'Bugatti', 'Car'),('XE32732', NULL, 'BKS-93493', 'SYM', 'Bike'),('XE32774', NULL, 'BKS-16897', 'Trinx', 'Bicycle'),('XE32848', 'User86177', 'BKS-87052', 'Triumph', 'Bike'),('XE32850', 'User15854', 'BKS-75611', 'SYM', 'Bike'),('XE32854', NULL, 'BKS-63936', 'Triumph', 'Bike'),('XE32942', 'User88829', 'BKS-58248', 'Abarth', 'Car'),('XE32949', 'User98961', 'BKS-55162', 'Ford', 'Car'),('XE33016', 'User40833', 'BKS-77049', 'Zenvo', 'Car'),('XE33026', 'User74411', 'BKS-58940', 'Jeep', 'Car'),('XE33083', NULL, 'BKS-56301', 'Kawasaki', 'Bike'),('XE33224', 'User61496', 'BKS-27643', 'Maybach', 'Car'),('XE33256', NULL, 'BKS-21382', 'Trek', 'Bicycle'),('XE33300', 'User82547', 'BKS-10546', 'Englon', 'Car'),('XE33324', NULL, 'BKS-15680', 'Ducati', 'Bike'),('XE33395', NULL, 'BKS-25806', 'Suzuki', 'Bike'),('XE33401', NULL, 'BKS-54271', 'SYM', 'Bike'),('XE33408', 'User93019', 'BKS-50171', 'Yamaha', 'Bike'),('XE33420', 'User64919', 'BKS-36773', 'Harley Davidson', 'Bike'),('XE33534', 'User56243', 'BKS-87256', 'Aston Martin', 'Car'),('XE33562', 'User15350', 'BKS-98483', 'Audi', 'Car'),('XE33579', 'User13558', 'BKS-43702', 'Dodge', 'Car'),('XE33592', NULL, 'BKS-30683', 'Suzuki', 'Bike'),('XE33722', NULL, 'BKS-93193', 'Suzuki', 'Bike'),('XE33748', 'User81651', 'BKS-57742', 'Zotye', 'Car'),('XE33753', 'User41075', 'BKS-45113', 'Tesla', 'Car'),('XE33762', 'User10009', 'BKS-46307', 'KTM', 'Bike'),('XE33829', 'User16077', 'BKS-60166', 'Abarth', 'Car'),('XE33935', NULL, 'BKS-36103', 'Specialized', 'Bicycle'),('XE34024', NULL, 'BKS-87747', 'SYM', 'Bike'),('XE34041', NULL, 'BKS-13142', 'Suzuki', 'Bike'),('XE34055', NULL, 'BKS-10401', 'Ducati', 'Bike'),('XE34060', 'User17853', 'BKS-95626', 'Cadillac', 'Car'),('XE34132', 'User52538', 'BKS-22135', 'Carbon Motors', 'Car'),('XE34257', 'User22036', 'BKS-43264', 'Proton', 'Car'),('XE34289', 'User25958', 'BKS-45600', 'Yulon', 'Car'),('XE34344', NULL, 'BKS-89594', 'Triumph', 'Bike'),('XE34392', 'User67254', 'BKS-63050', 'Koenigsegg', 'Car'),('XE34402', 'User65124', 'BKS-29059', 'XinKai', 'Car'),('XE34427', NULL, 'BKS-75072', 'SYM', 'Bike'),('XE34541', NULL, 'BKS-41154', 'Santa Cruz', 'Bicycle'),('XE34546', 'User46157', 'BKS-67163', 'Citroen', 'Car'),('XE34569', 'User36872', 'BKS-90336', 'BMW', 'Car'),('XE34589', 'User82904', 'BKS-46870', 'KTM', 'Bike'),('XE34637', 'User68171', 'BKS-11282', 'Lancia', 'Car'),('XE34710', 'User10010', 'BKS-16096', 'Yamaha', 'Bike'),('XE34788', NULL, 'BKS-30437', 'Triumph', 'Bike'),('XE34806', NULL, 'BKS-97525', 'Triumph', 'Bike'),('XE34810', NULL, 'BKS-56227', 'Trinx', 'Bicycle'),('XE34874', 'User92783', 'BKS-72883', 'Detroit Electric', 'Car'),('XE34879', 'User85352', 'BKS-91201', 'Dewwoo', 'Car'),('XE34882', NULL, 'BKS-94223', 'Yamaha', 'Bike'),('XE34890', NULL, 'BKS-69967', 'Kawasaki', 'Bike'),('XE34915', 'User73743', 'BKS-47182', 'Karma', 'Car'),('XE35033', 'User41983', 'BKS-92961', 'Alfa Romeo', 'Car'),('XE35109', 'User94239', 'BKS-47372', 'Harley Davidson', 'Bike'),('XE35127', NULL, 'BKS-43489', 'Scott', 'Bicycle'),('XE35185', 'User11859', 'BKS-94174', 'Gafei', 'Car'),('XE35191', 'User59262', 'BKS-91403', 'Haima', 'Car'),('XE35240', NULL, 'BKS-31201', 'Giant', 'Bicycle'),('XE35250', 'User15946', 'BKS-81768', 'Baojun', 'Car'),('XE35265', 'User75032', 'BKS-85796', 'Subaru', 'Car'),('XE35379', 'User10406', 'BKS-46100', 'KTM', 'Bike'),('XE35406', 'User68328', 'BKS-81376', 'Piaggio', 'Bike'),('XE35518', NULL, 'BKS-40810', 'Ducati', 'Bike'),('XE35599', 'User10407', 'BKS-31769', 'Carbon Motors', 'Car'),('XE35618', NULL, 'BKS-87583', 'Canondale', 'Bicycle'),('XE35630', NULL, 'BKS-89909', 'Triumph', 'Bike'),('XE35642', 'User76230', 'BKS-20324', 'Lancia', 'Car'),('XE35666', NULL, 'BKS-37585', 'Triumph', 'Bike'),('XE35757', 'User71625', 'BKS-19736', 'Citroen', 'Car'),('XE35764', 'User45225', 'BKS-19383', 'Gumpert', 'Car'),('XE35773', 'User99043', 'BKS-34969', 'Detroit Electric', 'Car'),('XE35830', NULL, 'BKS-30770', 'SYM', 'Bike'),('XE35834', 'User77213', 'BKS-89811', 'Mitsubishi', 'Car'),('XE35885', NULL, 'BKS-66749', 'Canondale', 'Bicycle'),('XE35904', NULL, 'BKS-60191', 'Harley Davidson', 'Bike'),('XE35924', NULL, 'BKS-12776', 'Trinx', 'Bicycle'),('XE35929', NULL, 'BKS-92047', 'Trinx', 'Bicycle'),('XE35961', NULL, 'BKS-38023', 'Specialized', 'Bicycle'),('XE35977', 'User74460', 'BKS-53265', 'Peugeot', 'Car'),('XE35998', 'User42061', 'BKS-65368', 'GAZ', 'Car'),('XE36002', NULL, 'BKS-75807', 'Kawasaki', 'Bike'),('XE36003', NULL, 'BKS-54994', 'Kawasaki', 'Bike'),('XE36013', NULL, 'BKS-46564', 'Santa Cruz', 'Bicycle'),('XE36024', 'User55976', 'BKS-56213', 'Alfa Romeo', 'Car'),('XE36067', NULL, 'BKS-16197', 'Trinx', 'Bicycle'),('XE36112', NULL, 'BKS-23690', 'Kawasaki', 'Bike'),('XE36113', NULL, 'BKS-53646', 'Triumph', 'Bike'),('XE36216', 'User87173', 'BKS-72324', 'Detroit Electric', 'Car'),('XE36350', 'User17944', 'BKS-98596', 'Nissan', 'Car'),('XE36424', 'User94764', 'BKS-23373', 'Seat', 'Car'),('XE36435', NULL, 'BKS-67622', 'Piaggio', 'Bike'),('XE36491', 'User31486', 'BKS-24824', 'Bentley', 'Car'),('XE36530', NULL, 'BKS-44369', 'Trek', 'Bicycle'),('XE36547', NULL, 'BKS-67053', 'Kawasaki', 'Bike'),('XE36753', NULL, 'BKS-51005', 'Merida', 'Bicycle'),('XE36777', NULL, 'BKS-70011', 'Honda', 'Bike'),('XE36795', 'User43365', 'BKS-62246', 'Karma', 'Car'),('XE36914', NULL, 'BKS-46455', 'Piaggio', 'Bike'),('XE36944', 'User30401', 'BKS-51761', 'Tata', 'Car'),('XE36982', 'User47879', 'BKS-22550', 'GAZ', 'Car'),('XE36991', NULL, 'BKS-65338', 'Trinx', 'Bicycle'),('XE37013', 'User62809', 'BKS-46530', 'Subaru', 'Car'),('XE37051', 'User19605', 'BKS-47150', 'Harley Davidson', 'Bike'),('XE37103', 'User43611', 'BKS-32802', 'Alfa Romeo', 'Car'),('XE37166', NULL, 'BKS-10295', 'KTM', 'Bike'),('XE37259', 'User22063', 'BKS-48401', 'Piaggio', 'Bike'),('XE37287', NULL, 'BKS-64140', 'Canondale', 'Bicycle'),('XE37316', NULL, 'BKS-54740', 'Ducati', 'Bike'),('XE37362', NULL, 'BKS-20957', 'Canondale', 'Bicycle'),('XE37455', 'User98507', 'BKS-72340', 'MG', 'Car'),('XE37456', NULL, 'BKS-72725', 'Piaggio', 'Bike'),('XE37538', 'User47038', 'BKS-42762', 'Abarth', 'Car'),('XE37554', NULL, 'BKS-65525', 'Trek', 'Bicycle'),('XE37556', NULL, 'BKS-85892', 'Trek', 'Bicycle'),('XE37598', NULL, 'BKS-70238', 'Kawasaki', 'Bike'),('XE37684', 'User48915', 'BKS-98400', 'Jeep', 'Car'),('XE37787', NULL, 'BKS-80414', 'Canondale', 'Bicycle'),('XE37802', 'User16582', 'BKS-39192', 'Dodge', 'Car'),('XE37814', 'User55629', 'BKS-31037', 'Triumph', 'Bike'),('XE37884', 'User69002', 'BKS-95850', 'Proton', 'Car'),('XE37910', NULL, 'BKS-20528', 'Honda', 'Bike'),('XE37997', NULL, 'BKS-64618', 'Specialized', 'Bicycle'),('XE38108', NULL, 'BKS-70109', 'Harley Davidson', 'Bike'),('XE38141', 'User56007', 'BKS-84976', 'Volkswagen', 'Car'),('XE38275', NULL, 'BKS-26962', 'Santa Cruz', 'Bicycle'),('XE38304', NULL, 'BKS-71934', 'Piaggio', 'Bike'),('XE38321', NULL, 'BKS-17328', 'Ducati', 'Bike'),('XE38367', NULL, 'BKS-26687', 'Ducati', 'Bike'),('XE38397', NULL, 'BKS-17787', 'Yamaha', 'Bike'),('XE38438', NULL, 'BKS-36711', 'Martin', 'Bicycle'),('XE38451', 'User46848', 'BKS-13997', 'Detroit Electric', 'Car'),('XE38489', 'User78289', 'BKS-86585', 'Perodua', 'Car'),('XE38558', 'User27052', 'BKS-75694', 'Vauxhall', 'Car'),('XE38571', 'User13006', 'BKS-47579', 'Fiat', 'Car'),('XE38642', NULL, 'BKS-38240', 'Konna', 'Bicycle'),('XE38679', 'User58434', 'BKS-18698', 'Nissan', 'Car'),('XE38701', NULL, 'BKS-76048', 'Ducati', 'Bike'),('XE38801', NULL, 'BKS-36997', 'Ducati', 'Bike'),('XE38861', NULL, 'BKS-90093', 'Honda', 'Bike'),('XE38889', 'User28569', 'BKS-23539', 'Maserati', 'Car'),('XE38893', 'User76683', 'BKS-29946', 'Honda', 'Bike'),('XE38897', NULL, 'BKS-91549', 'SYM', 'Bike'),('XE38995', 'User14061', 'BKS-13891', 'McLaren', 'Car'),('XE39022', 'User44329', 'BKS-42235', 'Holden', 'Car'),('XE39096', NULL, 'BKS-43059', 'Honda', 'Bike'),('XE39128', NULL, 'BKS-44686', 'Triumph', 'Bike'),('XE39172', NULL, 'BKS-56097', 'KTM', 'Bike'),('XE39215', 'User82931', 'BKS-29957', 'Elfin', 'Car'),('XE39269', NULL, 'BKS-65563', 'Trek', 'Bicycle'),('XE39342', NULL, 'BKS-88259', 'Ducati', 'Bike'),('XE39363', 'User78744', 'BKS-75137', 'Saab', 'Car'),('XE39365', 'User75255', 'BKS-94360', 'Aston Martin', 'Car'),('XE39374', 'User11254', 'BKS-58010', 'Suzuki', 'Bike'),('XE39441', NULL, 'BKS-91581', 'Suzuki', 'Bike'),('XE39453', NULL, 'BKS-11054', 'Trinx', 'Bicycle'),('XE39483', 'User53597', 'BKS-97773', 'Proton', 'Car'),('XE39527', NULL, 'BKS-84621', 'Trek', 'Bicycle'),('XE39533', 'User98505', 'BKS-85486', 'Mastretta', 'Car'),('XE39550', 'User39471', 'BKS-51596', 'Hawtai', 'Car'),('XE39640', NULL, 'BKS-89013', 'Canondale', 'Bicycle'),('XE39641', NULL, 'BKS-60931', 'Trek', 'Bicycle'),('XE39723', NULL, 'BKS-99727', 'SYM', 'Bike'),('XE39740', NULL, 'BKS-69090', 'Honda', 'Bike'),('XE39752', NULL, 'BKS-32207', 'Harley Davidson', 'Bike'),('XE39799', 'User85072', 'BKS-46715', 'KTM', 'Bike'),('XE39810', NULL, 'BKS-28454', 'Scott', 'Bicycle'),('XE39901', NULL, 'BKS-76731', 'SYM', 'Bike'),('XE39923', 'User79416', 'BKS-54473', 'Triumph', 'Bike'),('XE40050', 'User12237', 'BKS-15245', 'GAZ', 'Car'),('XE40326', 'User55076', 'BKS-70259', 'Acura', 'Car'),('XE40330', NULL, 'BKS-64823', 'Triumph', 'Bike'),('XE40361', 'User26176', 'BKS-55798', 'GAZ', 'Car'),('XE40391', 'User47693', 'BKS-58489', 'Gonow', 'Car'),('XE40461', NULL, 'BKS-91552', 'Ducati', 'Bike'),('XE40472', NULL, 'BKS-88067', 'Santa Cruz', 'Bicycle'),('XE40485', 'User35330', 'BKS-53946', 'Borgward', 'Car'),('XE40491', NULL, 'BKS-13688', 'Kawasaki', 'Bike'),('XE40513', NULL, 'BKS-69253', 'Suzuki', 'Bike'),('XE40589', NULL, 'BKS-34387', 'KTM', 'Bike'),('XE40706', NULL, 'BKS-46497', 'Harley Davidson', 'Bike'),('XE40760', NULL, 'BKS-71341', 'Santa Cruz', 'Bicycle'),('XE40772', 'User43851', 'BKS-56766', 'Polls Royce', 'Car'),('XE40829', 'User17840', 'BKS-72208', 'Porsche', 'Car'),('XE40843', NULL, 'BKS-51833', 'Santa Cruz', 'Bicycle'),('XE40846', 'User62723', 'BKS-44952', 'Ionini', 'Car'),('XE40939', NULL, 'BKS-99882', 'GT', 'Bicycle'),('XE40958', NULL, 'BKS-61632', 'Merida', 'Bicycle'),('XE40971', NULL, 'BKS-32704', 'KTM', 'Bike'),('XE40992', NULL, 'BKS-26013', 'Harley Davidson', 'Bike'),('XE41106', 'User70197', 'BKS-92317', 'Opel', 'Car'),('XE41207', NULL, 'BKS-34033', 'Piaggio', 'Bike'),('XE41209', 'User24895', 'BKS-34610', 'Triumph', 'Bike'),('XE41251', NULL, 'BKS-26414', 'Yamaha', 'Bike'),('XE41386', 'User21214', 'BKS-41549', 'Yamaha', 'Bike'),('XE41501', 'User63708', 'BKS-77302', 'Ram', 'Car'),('XE41545', NULL, 'BKS-34273', 'Harley Davidson', 'Bike'),('XE41613', NULL, 'BKS-78899', 'Piaggio', 'Bike'),('XE41623', NULL, 'BKS-23962', 'Canondale', 'Bicycle'),('XE41727', 'User35850', 'BKS-82487', 'Baojun', 'Car'),('XE41736', 'User95578', 'BKS-33665', 'Buick', 'Car'),('XE41809', 'User96620', 'BKS-62147', 'Ram', 'Car'),('XE41832', 'User59164', 'BKS-35960', 'Mastretta', 'Car'),('XE41833', NULL, 'BKS-26867', 'Trek', 'Bicycle'),('XE41904', NULL, 'BKS-96016', 'Canondale', 'Bicycle'),('XE41928', 'User48181', 'BKS-67819', 'Chevrolet', 'Car'),('XE42022', NULL, 'BKS-85293', 'Canondale', 'Bicycle'),('XE42080', NULL, 'BKS-63449', 'Martin', 'Bicycle'),('XE42134', 'User47678', 'BKS-10417', 'Buick', 'Car'),('XE42235', NULL, 'BKS-56812', 'Konna', 'Bicycle'),('XE42245', NULL, 'BKS-86287', 'Specialized', 'Bicycle'),('XE42268', NULL, 'BKS-76774', 'Yamaha', 'Bike'),('XE42283', 'User67772', 'BKS-61475', 'Detroit Electric', 'Car'),('XE42293', NULL, 'BKS-20106', 'Ducati', 'Bike'),('XE42342', NULL, 'BKS-97051', 'Piaggio', 'Bike'),('XE42343', NULL, 'BKS-60277', 'Suzuki', 'Bike'),('XE42367', 'User51332', 'BKS-85965', 'Suzuki', 'Bike'),('XE42415', NULL, 'BKS-88410', 'KTM', 'Bike'),('XE42455', 'User81650', 'BKS-47317', 'Seat', 'Car'),('XE42506', NULL, 'BKS-40136', 'Kawasaki', 'Bike'),('XE42571', NULL, 'BKS-59603', 'Honda', 'Bike'),('XE42685', NULL, 'BKS-95698', 'Konna', 'Bicycle'),('XE42709', NULL, 'BKS-10396', 'Honda', 'Bike'),('XE42788', 'User20063', 'BKS-29191', 'KTM', 'Bike'),('XE42879', NULL, 'BKS-63997', 'Honda', 'Bike'),('XE42927', 'User59822', 'BKS-89209', 'Mercedes-Benz', 'Car'),('XE42964', NULL, 'BKS-42384', 'Harley Davidson', 'Bike'),('XE42984', 'User35841', 'BKS-43836', 'KTM', 'Bike'),('XE42993', NULL, 'BKS-65008', 'Kawasaki', 'Bike'),('XE43052', NULL, 'BKS-66447', 'Martin', 'Bicycle'),('XE43080', 'User41328', 'BKS-19428', 'Smart', 'Car'),('XE43093', NULL, 'BKS-54917', 'Harley Davidson', 'Bike'),('XE43133', 'User41589', 'BKS-78640', 'Toyota', 'Car'),('XE43200', 'User28470', 'BKS-89770', 'IKCO', 'Car'),('XE43260', NULL, 'BKS-64510', 'GT', 'Bicycle'),('XE43298', 'User79594', 'BKS-62043', 'Mastretta', 'Car'),('XE43319', NULL, 'BKS-16673', 'Triumph', 'Bike'),('XE43439', NULL, 'BKS-32367', 'Trek', 'Bicycle'),('XE43450', NULL, 'BKS-46157', 'Scott', 'Bicycle'),('XE43516', NULL, 'BKS-16177', 'Konna', 'Bicycle'),('XE43521', NULL, 'BKS-88156', 'Trek', 'Bicycle'),('XE43524', NULL, 'BKS-92986', 'KTM', 'Bike'),('XE43607', 'User28902', 'BKS-34264', 'Seat', 'Car'),('XE43631', 'User42789', 'BKS-13611', 'Holden', 'Car'),('XE43695', 'User48000', 'BKS-72828', 'Lincoln', 'Car'),('XE43708', 'User62448', 'BKS-45864', 'GAZ', 'Car'),('XE43737', NULL, 'BKS-93188', 'Merida', 'Bicycle'),('XE43739', 'User42240', 'BKS-70291', 'Mini', 'Car'),('XE43764', NULL, 'BKS-20097', 'Ducati', 'Bike'),('XE43777', NULL, 'BKS-15072', 'Scott', 'Bicycle'),('XE43782', NULL, 'BKS-47796', 'Harley Davidson', 'Bike'),('XE43862', NULL, 'BKS-71296', 'Triumph', 'Bike'),('XE43891', NULL, 'BKS-40820', 'Triumph', 'Bike'),('XE43908', 'User73363', 'BKS-61120', 'Karma', 'Car'),('XE43922', NULL, 'BKS-83877', 'Suzuki', 'Bike'),('XE43954', NULL, 'BKS-37137', 'Canondale', 'Bicycle'),('XE43977', 'User94479', 'BKS-10509', 'Opel', 'Car'),('XE44028', 'User18137', 'BKS-15205', 'Piaggio', 'Bike'),('XE44035', NULL, 'BKS-60416', 'Scott', 'Bicycle'),('XE44065', NULL, 'BKS-38910', 'Triumph', 'Bike'),('XE44085', 'User86103', 'BKS-44158', 'Ram', 'Car'),('XE44106', NULL, 'BKS-35872', 'Harley Davidson', 'Bike'),('XE44181', NULL, 'BKS-26569', 'Trinx', 'Bicycle'),('XE44257', 'User27059', 'BKS-19810', 'Mercedes-Benz', 'Car'),('XE44277', NULL, 'BKS-97047', 'Specialized', 'Bicycle'),('XE44278', NULL, 'BKS-34155', 'Suzuki', 'Bike'),('XE44381', NULL, 'BKS-49046', 'Ducati', 'Bike'),('XE44404', NULL, 'BKS-81703', 'Scott', 'Bicycle'),('XE44413', 'User99473', 'BKS-56184', 'Haima', 'Car'),('XE44474', NULL, 'BKS-17684', 'Trinx', 'Bicycle'),('XE44614', NULL, 'BKS-51115', 'Giant', 'Bicycle'),('XE44748', NULL, 'BKS-44873', 'Specialized', 'Bicycle'),('XE44771', NULL, 'BKS-12568', 'Yamaha', 'Bike'),('XE44830', NULL, 'BKS-16155', 'Santa Cruz', 'Bicycle'),('XE44891', NULL, 'BKS-95924', 'SYM', 'Bike'),('XE44905', NULL, 'BKS-32949', 'Trek', 'Bicycle'),('XE44984', 'User86394', 'BKS-72070', 'Rover', 'Car'),('XE44999', 'User81741', 'BKS-19910', 'Iveco', 'Car'),('XE45085', 'User17671', 'BKS-48271', 'Carbon Motors', 'Car'),('XE45099', 'User31753', 'BKS-86613', 'Ionini', 'Car'),('XE45153', NULL, 'BKS-64463', 'Yamaha', 'Bike'),('XE45163', 'User13113', 'BKS-54831', 'Skoda', 'Car'),('XE45174', 'User84057', 'BKS-62389', 'Honda', 'Car'),('XE45178', 'User23471', 'BKS-15063', 'Detroit Electric', 'Car'),('XE45181', 'User64046', 'BKS-47982', 'Honda', 'Car'),('XE45187', NULL, 'BKS-28389', 'Honda', 'Bike'),('XE45201', NULL, 'BKS-68216', 'Triumph', 'Bike'),('XE45214', NULL, 'BKS-46968', 'Specialized', 'Bicycle'),('XE45270', NULL, 'BKS-37964', 'Santa Cruz', 'Bicycle'),('XE45341', NULL, 'BKS-27336', 'KTM', 'Bike'),('XE45343', NULL, 'BKS-35923', 'Trek', 'Bicycle'),('XE45371', 'User39151', 'BKS-62124', 'Kawasaki', 'Bike'),('XE45432', NULL, 'BKS-15207', 'GT', 'Bicycle'),('XE45460', 'User40625', 'BKS-48324', 'Suzuki', 'Car'),('XE45494', 'User82816', 'BKS-79687', 'BMW', 'Car'),('XE45526', 'User33786', 'BKS-68077', 'Baojun', 'Car'),('XE45566', 'User28169', 'BKS-73964', 'Koenigsegg', 'Car'),('XE45610', NULL, 'BKS-47383', 'Santa Cruz', 'Bicycle'),('XE45623', NULL, 'BKS-69779', 'SYM', 'Bike'),('XE45638', NULL, 'BKS-17676', 'KTM', 'Bike'),('XE45753', 'User27133', 'BKS-30501', 'Mahindra', 'Car'),('XE45792', 'User91032', 'BKS-38700', 'Harley Davidson', 'Bike'),('XE45853', NULL, 'BKS-82952', 'Konna', 'Bicycle'),('XE45884', 'User81107', 'BKS-24870', 'SYM', 'Bike'),('XE45982', NULL, 'BKS-25005', 'Ducati', 'Bike'),('XE46026', 'User75352', 'BKS-37228', 'Smart', 'Car'),('XE46039', NULL, 'BKS-18740', 'SYM', 'Bike'),('XE46106', NULL, 'BKS-17207', 'Scott', 'Bicycle'),('XE46109', 'User29927', 'BKS-72487', 'SYM', 'Bike'),('XE46152', 'User60141', 'BKS-47392', 'Huyndai', 'Car'),('XE46226', NULL, 'BKS-82744', 'Merida', 'Bicycle'),('XE46320', NULL, 'BKS-51949', 'GT', 'Bicycle'),('XE46340', 'User20368', 'BKS-58327', 'Baojun', 'Car'),('XE46367', 'User34294', 'BKS-97484', 'KTM', 'Bike'),('XE46380', 'User38674', 'BKS-71984', 'Mercedes-Benz', 'Car'),('XE46389', 'User14895', 'BKS-78777', 'Lincoln', 'Car'),('XE46429', 'User95153', 'BKS-11192', 'Volkswagen', 'Car'),('XE46601', NULL, 'BKS-35663', 'Suzuki', 'Bike'),('XE46611', 'User59104', 'BKS-77286', 'Ducati', 'Bike'),('XE46700', NULL, 'BKS-62212', 'Honda', 'Bike'),('XE46800', 'User62380', 'BKS-10556', 'Fiat', 'Car'),('XE46852', NULL, 'BKS-85048', 'Merida', 'Bicycle'),('XE46857', 'User93402', 'BKS-22993', 'Bugatti', 'Car'),('XE46872', 'User93965', 'BKS-32794', 'Yamaha', 'Bike'),('XE46873', 'User76148', 'BKS-90922', 'XinKai', 'Car'),('XE46888', NULL, 'BKS-73649', 'Santa Cruz', 'Bicycle'),('XE46957', NULL, 'BKS-29317', 'KTM', 'Bike'),('XE47036', 'User66128', 'BKS-68850', 'Yulon', 'Car'),('XE47068', 'User20589', 'BKS-99393', 'Mercedes-Benz', 'Car'),('XE47089', NULL, 'BKS-53840', 'Yamaha', 'Bike'),('XE47147', NULL, 'BKS-21757', 'Triumph', 'Bike'),('XE47241', NULL, 'BKS-33159', 'Honda', 'Bike'),('XE47322', 'User41995', 'BKS-14240', 'Volvo', 'Car'),('XE47352', NULL, 'BKS-82620', 'SYM', 'Bike'),('XE47444', NULL, 'BKS-10174', 'Honda', 'Bike'),('XE47451', 'User19211', 'BKS-50667', 'Nissan', 'Car'),('XE47605', 'User69412', 'BKS-16389', 'Fisker', 'Car'),('XE47615', 'User46959', 'BKS-11411', 'Kawasaki', 'Bike'),('XE47652', 'User10217', 'BKS-37279', 'BYD', 'Car'),('XE47846', 'User10022', 'BKS-15461', 'Aston Martin', 'Car'),('XE47962', NULL, 'BKS-37556', 'Specialized', 'Bicycle'),('XE47990', NULL, 'BKS-41850', 'Trek', 'Bicycle'),('XE48009', 'User13479', 'BKS-76349', 'Perodua', 'Car'),('XE48045', 'User20761', 'BKS-57709', 'Luxgen', 'Car'),('XE48106', 'User13083', 'BKS-83327', 'Mini', 'Car'),('XE48126', 'User30034', 'BKS-21690', 'Mastretta', 'Car'),('XE48181', NULL, 'BKS-21874', 'Kawasaki', 'Bike'),('XE48198', 'User77972', 'BKS-14067', 'Dodge', 'Car'),('XE48200', NULL, 'BKS-82217', 'Giant', 'Bicycle'),('XE48246', 'User50096', 'BKS-34689', 'Gafei', 'Car'),('XE48261', NULL, 'BKS-70870', 'Trinx', 'Bicycle'),('XE48263', 'User55775', 'BKS-52721', 'Changan', 'Car'),('XE48291', NULL, 'BKS-71560', 'Trinx', 'Bicycle'),('XE48479', NULL, 'BKS-80532', 'Triumph', 'Bike'),('XE48560', NULL, 'BKS-32789', 'Scott', 'Bicycle'),('XE48569', 'User46543', 'BKS-91817', 'Englon', 'Car'),('XE48666', NULL, 'BKS-70530', 'Kawasaki', 'Bike'),('XE48669', 'User37189', 'BKS-13676', 'Lotus', 'Car'),('XE48698', NULL, 'BKS-45499', 'Triumph', 'Bike'),('XE48883', NULL, 'BKS-91875', 'SYM', 'Bike'),('XE48896', 'User11413', 'BKS-61902', 'Ferrari', 'Car'),('XE49028', 'User70578', 'BKS-76652', 'MG', 'Car'),('XE49197', NULL, 'BKS-71170', 'Piaggio', 'Bike'),('XE49216', 'User70065', 'BKS-32185', 'Bugatti', 'Car'),('XE49257', NULL, 'BKS-17673', 'Ducati', 'Bike'),('XE49302', NULL, 'BKS-99608', 'Yamaha', 'Bike'),('XE49505', NULL, 'BKS-86616', 'Konna', 'Bicycle'),('XE49516', NULL, 'BKS-17969', 'Harley Davidson', 'Bike'),('XE49521', 'User83005', 'BKS-91055', 'Renault', 'Car'),('XE49522', 'User64565', 'BKS-50655', 'GMC', 'Car'),('XE49550', 'User11765', 'BKS-65705', 'Tesla', 'Car'),('XE49571', NULL, 'BKS-79792', 'Triumph', 'Bike'),('XE49585', NULL, 'BKS-42671', 'Canondale', 'Bicycle'),('XE49589', NULL, 'BKS-53576', 'Ducati', 'Bike'),('XE49712', NULL, 'BKS-87327', 'Santa Cruz', 'Bicycle'),('XE49746', 'User16661', 'BKS-42930', 'Tesla', 'Car'),('XE49759', NULL, 'BKS-72241', 'Harley Davidson', 'Bike'),('XE49767', NULL, 'BKS-59899', 'Scott', 'Bicycle'),('XE49826', 'User31064', 'BKS-16548', 'Ionini', 'Car'),('XE49843', 'User56635', 'BKS-31333', 'Chevrolet', 'Car'),('XE49844', NULL, 'BKS-15405', 'Harley Davidson', 'Bike'),('XE49857', NULL, 'BKS-45254', 'Ducati', 'Bike'),('XE49911', NULL, 'BKS-14975', 'Konna', 'Bicycle'),('XE49973', NULL, 'BKS-43960', 'Triumph', 'Bike'),('XE50000', 'User96765', 'BKS-90043', 'IKCO', 'Car'),('XE50047', NULL, 'BKS-86209', 'Piaggio', 'Bike'),('XE50071', NULL, 'BKS-11401', 'Honda', 'Bike'),('XE50073', 'User60238', 'BKS-19138', 'SYM', 'Bike'),('XE50096', NULL, 'BKS-96572', 'Canondale', 'Bicycle'),('XE50167', NULL, 'BKS-46196', 'Triumph', 'Bike'),('XE50173', NULL, 'BKS-88680', 'Suzuki', 'Bike'),('XE50181', NULL, 'BKS-68075', 'Trek', 'Bicycle'),('XE50233', 'User38450', 'BKS-41511', 'Great Wall', 'Car'),('XE50250', 'User17245', 'BKS-35078', 'Vauxhall', 'Car'),('XE50277', 'User71758', 'BKS-18850', 'Detroit Electric', 'Car'),('XE50351', NULL, 'BKS-71667', 'Suzuki', 'Bike'),('XE50354', 'User75830', 'BKS-20724', 'Cadillac', 'Car'),('XE50372', 'User52137', 'BKS-28921', 'Ionini', 'Car'),('XE50399', 'User61237', 'BKS-94308', 'Zenvo', 'Car'),('XE50417', NULL, 'BKS-82526', 'Triumph', 'Bike'),('XE50431', 'User46732', 'BKS-50011', 'GMC', 'Car'),('XE50585', NULL, 'BKS-80697', 'Suzuki', 'Bike'),('XE50610', 'User84701', 'BKS-47934', 'Harley Davidson', 'Bike'),('XE50627', 'User24284', 'BKS-14163', 'Huyndai', 'Car'),('XE50629', NULL, 'BKS-49370', 'Ducati', 'Bike'),('XE50678', 'User93954', 'BKS-13538', 'Pagani', 'Car'),('XE50740', 'User33217', 'BKS-83643', 'Ducati', 'Bike'),('XE50826', 'User67748', 'BKS-63332', 'Tata', 'Car'),('XE50841', 'User85972', 'BKS-96964', 'Yulon', 'Car'),('XE50859', NULL, 'BKS-90787', 'KTM', 'Bike'),('XE50900', 'User88821', 'BKS-20307', 'SsangYoug', 'Car'),('XE51112', NULL, 'BKS-86337', 'Trek', 'Bicycle'),('XE51138', NULL, 'BKS-34042', 'KTM', 'Bike'),('XE51166', NULL, 'BKS-85807', 'Harley Davidson', 'Bike'),('XE51248', NULL, 'BKS-74208', 'Ducati', 'Bike'),('XE51461', NULL, 'BKS-16801', 'Kawasaki', 'Bike'),('XE51468', NULL, 'BKS-36996', 'KTM', 'Bike'),('XE51489', 'User24584', 'BKS-71488', 'KTM', 'Bike'),('XE51525', 'User30651', 'BKS-25217', 'Honda', 'Bike'),('XE51561', 'User71492', 'BKS-60699', 'Mastretta', 'Car'),('XE51572', NULL, 'BKS-58235', 'Honda', 'Bike'),('XE51762', NULL, 'BKS-33069', 'GT', 'Bicycle'),('XE51778', NULL, 'BKS-98993', 'Ducati', 'Bike'),('XE51787', NULL, 'BKS-46563', 'Honda', 'Bike'),('XE51797', NULL, 'BKS-53790', 'KTM', 'Bike'),('XE51813', 'User30783', 'BKS-24666', 'Mitsubishi', 'Car'),('XE51930', 'User19923', 'BKS-70962', 'pontiac', 'Car'),('XE51940', 'User36560', 'BKS-54133', 'Honda', 'Bike'),('XE51942', NULL, 'BKS-54269', 'Harley Davidson', 'Bike'),('XE51961', NULL, 'BKS-38744', 'Triumph', 'Bike'),('XE52047', 'User66348', 'BKS-12860', 'Subaru', 'Car'),('XE52049', NULL, 'BKS-94985', 'Suzuki', 'Bike'),('XE52086', NULL, 'BKS-26435', 'KTM', 'Bike'),('XE52152', 'User38026', 'BKS-52668', 'XinKai', 'Car'),('XE52168', 'User64487', 'BKS-91694', 'Rover', 'Car'),('XE52185', NULL, 'BKS-44723', 'Specialized', 'Bicycle'),('XE52328', NULL, 'BKS-68182', 'SYM', 'Bike'),('XE52351', NULL, 'BKS-73500', 'Triumph', 'Bike'),('XE52373', NULL, 'BKS-73744', 'Triumph', 'Bike'),('XE52418', 'User33006', 'BKS-21161', 'Holden', 'Car'),('XE52456', NULL, 'BKS-61921', 'Harley Davidson', 'Bike'),('XE52479', NULL, 'BKS-64506', 'Yamaha', 'Bike'),('XE52545', NULL, 'BKS-75840', 'Konna', 'Bicycle'),('XE52555', NULL, 'BKS-91979', 'KTM', 'Bike'),('XE52557', 'User29204', 'BKS-97663', 'BYD', 'Car'),('XE52579', 'User51015', 'BKS-46958', 'SYM', 'Bike'),('XE52732', NULL, 'BKS-17183', 'SYM', 'Bike'),('XE52739', NULL, 'BKS-98645', 'Merida', 'Bicycle'),('XE52741', NULL, 'BKS-44385', 'Giant', 'Bicycle'),('XE52850', NULL, 'BKS-83462', 'Specialized', 'Bicycle'),('XE52906', NULL, 'BKS-56061', 'GT', 'Bicycle'),('XE52968', 'User59753', 'BKS-31646', 'GMC', 'Car'),('XE53068', 'User13261', 'BKS-18310', 'Koenigsegg', 'Car'),('XE53111', NULL, 'BKS-55931', 'Specialized', 'Bicycle'),('XE53129', NULL, 'BKS-29217', 'Piaggio', 'Bike'),('XE53158', NULL, 'BKS-71837', 'SYM', 'Bike'),('XE53231', 'User61664', 'BKS-14418', 'Lincoln', 'Car'),('XE53417', NULL, 'BKS-53336', 'GT', 'Bicycle'),('XE53440', NULL, 'BKS-40302', 'GT', 'Bicycle'),('XE53449', NULL, 'BKS-86525', 'GT', 'Bicycle'),('XE53498', NULL, 'BKS-54887', 'Canondale', 'Bicycle'),('XE53516', NULL, 'BKS-59996', 'Canondale', 'Bicycle'),('XE53526', 'User28681', 'BKS-73636', 'Bentley', 'Car'),('XE53535', NULL, 'BKS-70236', 'Honda', 'Bike'),('XE53745', 'User44272', 'BKS-81864', 'Geely', 'Car'),('XE53823', 'User36100', 'BKS-24309', 'Holden', 'Car'),('XE53867', 'User72657', 'BKS-47756', 'GMC', 'Car'),('XE53939', NULL, 'BKS-68572', 'Trinx', 'Bicycle'),('XE54006', NULL, 'BKS-43409', 'Canondale', 'Bicycle'),('XE54088', NULL, 'BKS-74369', 'Trinx', 'Bicycle'),('XE54138', 'User98617', 'BKS-56753', 'KTM', 'Bike'),('XE54143', NULL, 'BKS-87373', 'Trinx', 'Bicycle'),('XE54211', NULL, 'BKS-47339', 'Scott', 'Bicycle'),('XE54285', 'User10639', 'BKS-94404', 'Skoda', 'Car'),('XE54310', 'User40525', 'BKS-30166', 'Mahindra', 'Car'),('XE54347', NULL, 'BKS-33331', 'Piaggio', 'Bike'),('XE54348', 'User26025', 'BKS-96279', 'Vauxhall', 'Car'),('XE54376', 'User59315', 'BKS-51887', 'Volvo', 'Car'),('XE54400', NULL, 'BKS-83728', 'Harley Davidson', 'Bike'),('XE54507', 'User88828', 'BKS-35652', 'Jeep', 'Car'),('XE54532', 'User60036', 'BKS-39553', 'Aston Martin', 'Car'),('XE54546', NULL, 'BKS-74314', 'Triumph', 'Bike'),('XE54555', NULL, 'BKS-53619', 'Scott', 'Bicycle'),('XE54568', 'User37156', 'BKS-56086', 'Gumpert', 'Car'),('XE54668', 'User74092', 'BKS-29805', 'Koenigsegg', 'Car'),('XE54676', 'User83219', 'BKS-36139', 'SYM', 'Bike'),('XE54697', 'User26632', 'BKS-88396', 'Gumpert', 'Car'),('XE54776', 'User18396', 'BKS-15729', 'Fisker', 'Car'),('XE54819', NULL, 'BKS-74386', 'KTM', 'Bike'),('XE54827', 'User88256', 'BKS-67603', 'Buick', 'Car'),('XE55004', 'User67125', 'BKS-30362', 'Jaguar', 'Car'),('XE55179', 'User30049', 'BKS-57277', 'Peugeot', 'Car'),('XE55202', NULL, 'BKS-86575', 'KTM', 'Bike'),('XE55226', 'User79555', 'BKS-32952', 'Karma', 'Car'),('XE55374', NULL, 'BKS-18510', 'Trek', 'Bicycle'),('XE55390', 'User64965', 'BKS-29899', 'Geely', 'Car'),('XE55747', NULL, 'BKS-52970', 'Piaggio', 'Bike'),('XE55776', 'User19853', 'BKS-52695', 'Bentley', 'Car'),('XE55810', NULL, 'BKS-67451', 'Kawasaki', 'Bike'),('XE55823', 'User21641', 'BKS-10916', 'Holden', 'Car'),('XE55836', 'User93414', 'BKS-89638', 'Tata', 'Car'),('XE55884', 'User32187', 'BKS-87619', 'Suzuki', 'Bike'),('XE55885', NULL, 'BKS-93856', 'KTM', 'Bike'),('XE56045', NULL, 'BKS-23314', 'Yamaha', 'Bike'),('XE56090', NULL, 'BKS-22960', 'Giant', 'Bicycle'),('XE56104', 'User54842', 'BKS-55614', 'Mahindra', 'Car'),('XE56194', NULL, 'BKS-45994', 'Canondale', 'Bicycle'),('XE56210', NULL, 'BKS-14518', 'Honda', 'Bike'),('XE56352', 'User34003', 'BKS-49664', 'Cadillac', 'Car'),('XE56368', 'User60088', 'BKS-92087', 'Peugeot', 'Car'),('XE56395', NULL, 'BKS-57512', 'Specialized', 'Bicycle'),('XE56472', 'User35524', 'BKS-29235', 'Ionini', 'Car'),('XE56544', NULL, 'BKS-17101', 'GT', 'Bicycle'),('XE56619', 'User66612', 'BKS-18955', 'Koenigsegg', 'Car'),('XE56641', 'User10191', 'BKS-61654', 'Donkervoort', 'Car'),('XE56654', 'User20899', 'BKS-64888', 'Karma', 'Car'),('XE56668', 'User98341', 'BKS-47786', 'Piaggio', 'Bike'),('XE56669', NULL, 'BKS-78626', 'KTM', 'Bike'),('XE56768', NULL, 'BKS-88611', 'SYM', 'Bike'),('XE56805', 'User56842', 'BKS-27951', 'SYM', 'Bike'),('XE56824', NULL, 'BKS-74281', 'Suzuki', 'Bike'),('XE56891', 'User32532', 'BKS-24282', 'Suzuki', 'Bike'),('XE56982', 'User28417', 'BKS-30127', 'Opel', 'Car'),('XE56991', 'User60308', 'BKS-43947', 'Lancia', 'Car'),('XE57131', 'User73963', 'BKS-80278', 'KTM', 'Bike'),('XE57136', NULL, 'BKS-26737', 'Kawasaki', 'Bike'),('XE57172', 'User61061', 'BKS-86873', 'Mercedes-Benz', 'Car'),('XE57307', NULL, 'BKS-76973', 'Merida', 'Bicycle'),('XE57322', NULL, 'BKS-28884', 'Merida', 'Bicycle'),('XE57341', NULL, 'BKS-61463', 'Ducati', 'Bike'),('XE57354', NULL, 'BKS-92582', 'Ducati', 'Bike'),('XE57403', NULL, 'BKS-14984', 'SYM', 'Bike'),('XE57406', NULL, 'BKS-73047', 'KTM', 'Bike'),('XE57428', 'User82311', 'BKS-79518', 'XinKai', 'Car'),('XE57458', 'User37198', 'BKS-18091', 'Triumph', 'Bike'),('XE57461', 'User15591', 'BKS-65650', 'KTM', 'Bike'),('XE57464', 'User44045', 'BKS-81928', 'Perodua', 'Car'),('XE57474', 'User18666', 'BKS-20005', 'Chery', 'Car'),('XE57503', NULL, 'BKS-12174', 'Giant', 'Bicycle'),('XE57515', NULL, 'BKS-43265', 'SYM', 'Bike'),('XE57561', 'User15788', 'BKS-16524', 'Suzuki', 'Car'),('XE57587', 'User93243', 'BKS-19591', 'Zotye', 'Car'),('XE57618', NULL, 'BKS-67006', 'Trek', 'Bicycle'),('XE57624', NULL, 'BKS-77081', 'GT', 'Bicycle'),('XE57643', 'User89241', 'BKS-44767', 'Saab', 'Car'),('XE57647', NULL, 'BKS-96782', 'Honda', 'Bike'),('XE57666', 'User98922', 'BKS-70762', 'Rover', 'Car'),('XE57691', 'User92080', 'BKS-42138', 'Citroen', 'Car'),('XE57741', NULL, 'BKS-66090', 'Giant', 'Bicycle'),('XE57790', 'User32243', 'BKS-69661', 'Haima', 'Car'),('XE57791', 'User17275', 'BKS-88413', 'Zenvo', 'Car'),('XE57848', 'User74861', 'BKS-64317', 'Maybach', 'Car'),('XE57886', 'User14496', 'BKS-58130', 'IKCO', 'Car'),('XE57888', 'User90166', 'BKS-99657', 'Harley Davidson', 'Bike'),('XE57936', NULL, 'BKS-40423', 'KTM', 'Bike'),('XE57947', NULL, 'BKS-68527', 'Honda', 'Bike'),('XE58063', 'User77320', 'BKS-11338', 'Lexus', 'Car'),('XE58127', 'User82100', 'BKS-96702', 'Maserati', 'Car'),('XE58223', 'User90282', 'BKS-88615', 'Volkswagen', 'Car'),('XE58226', NULL, 'BKS-87306', 'Specialized', 'Bicycle'),('XE58232', 'User82663', 'BKS-45605', 'Suzuki', 'Bike'),('XE58276', 'User61505', 'BKS-19164', 'Yamaha', 'Bike'),('XE58280', 'User56154', 'BKS-24424', 'Opel', 'Car'),('XE58291', NULL, 'BKS-88869', 'Honda', 'Bike'),('XE58298', NULL, 'BKS-21705', 'Ducati', 'Bike'),('XE58362', 'User33133', 'BKS-55602', 'FAW', 'Car'),('XE58376', NULL, 'BKS-50521', 'Konna', 'Bicycle'),('XE58378', NULL, 'BKS-80241', 'GT', 'Bicycle'),('XE58416', 'User42715', 'BKS-40604', 'SsangYoug', 'Car'),('XE58499', NULL, 'BKS-46413', 'Martin', 'Bicycle'),('XE58548', 'User88055', 'BKS-94746', 'Jeep', 'Car'),('XE58599', 'User81590', 'BKS-31161', 'Ferrari', 'Car'),('XE58752', NULL, 'BKS-43392', 'Yamaha', 'Bike'),('XE58850', 'User21764', 'BKS-18656', 'FAW', 'Car'),('XE58899', NULL, 'BKS-29879', 'Trek', 'Bicycle'),('XE58915', NULL, 'BKS-89513', 'Suzuki', 'Bike'),('XE58946', 'User23976', 'BKS-12508', 'Changan', 'Car'),('XE58957', NULL, 'BKS-88432', 'Piaggio', 'Bike'),('XE58976', NULL, 'BKS-44711', 'Kawasaki', 'Bike'),('XE59004', NULL, 'BKS-14646', 'KTM', 'Bike'),('XE59139', NULL, 'BKS-59391', 'Honda', 'Bike'),('XE59230', 'User53809', 'BKS-17910', 'Harley Davidson', 'Bike'),('XE59231', NULL, 'BKS-86882', 'Trinx', 'Bicycle'),('XE59315', NULL, 'BKS-32758', 'Harley Davidson', 'Bike'),('XE59341', NULL, 'BKS-35593', 'GT', 'Bicycle'),('XE59362', 'User28784', 'BKS-80733', 'Triumph', 'Bike'),('XE59388', 'User87846', 'BKS-51257', 'Saab', 'Car'),('XE59416', 'User54033', 'BKS-22105', 'Nissan', 'Car'),('XE59423', NULL, 'BKS-48293', 'SYM', 'Bike'),('XE59464', 'User21239', 'BKS-75329', 'Ford', 'Car'),('XE59652', NULL, 'BKS-32548', 'Piaggio', 'Bike'),('XE59655', NULL, 'BKS-48635', 'Kawasaki', 'Bike'),('XE59697', 'User99625', 'BKS-86414', 'Great Wall', 'Car'),('XE59702', NULL, 'BKS-72350', 'Suzuki', 'Bike'),('XE59709', NULL, 'BKS-55829', 'Merida', 'Bicycle'),('XE59717', 'User22338', 'BKS-60447', 'Harley Davidson', 'Bike'),('XE59893', NULL, 'BKS-84127', 'Kawasaki', 'Bike'),('XE59930', 'User35688', 'BKS-34019', 'Proton', 'Car'),('XE59955', 'User36943', 'BKS-58746', 'Chery', 'Car'),('XE60018', NULL, 'BKS-92953', 'Triumph', 'Bike'),('XE60038', NULL, 'BKS-23108', 'Kawasaki', 'Bike'),('XE60063', NULL, 'BKS-69359', 'Santa Cruz', 'Bicycle'),('XE60068', 'User80708', 'BKS-67713', 'Seat', 'Car'),('XE60069', NULL, 'BKS-13935', 'KTM', 'Bike'),('XE60113', 'User36421', 'BKS-85309', 'Englon', 'Car'),('XE60126', NULL, 'BKS-42979', 'Canondale', 'Bicycle'),('XE60203', 'User76563', 'BKS-20818', 'Maserati', 'Car'),('XE60239', NULL, 'BKS-11304', 'Martin', 'Bicycle'),('XE60249', 'User13796', 'BKS-79083', 'KTM', 'Bike'),('XE60291', 'User38034', 'BKS-57781', 'Mahindra', 'Car'),('XE60313', 'User18952', 'BKS-89834', 'Dewwoo', 'Car'),('XE60355', NULL, 'BKS-87669', 'SYM', 'Bike'),('XE60439', 'User24249', 'BKS-73698', 'SYM', 'Bike'),('XE60459', NULL, 'BKS-22424', 'Piaggio', 'Bike'),('XE60531', 'User24635', 'BKS-89103', 'Triumph', 'Bike'),('XE60541', 'User17986', 'BKS-97477', 'Baojun', 'Car'),('XE60584', NULL, 'BKS-71307', 'Triumph', 'Bike'),('XE60630', NULL, 'BKS-72833', 'Harley Davidson', 'Bike'),('XE60720', 'User78928', 'BKS-92040', 'KTM', 'Bike'),('XE60772', NULL, 'BKS-37758', 'Yamaha', 'Bike'),('XE60789', NULL, 'BKS-47149', 'Suzuki', 'Bike'),('XE60809', 'User55126', 'BKS-40575', 'Mercedes-Benz', 'Car'),('XE60820', 'User10566', 'BKS-97007', 'Piaggio', 'Bike'),('XE60849', NULL, 'BKS-52058', 'Giant', 'Bicycle'),('XE60886', 'User14948', 'BKS-87698', 'Ford', 'Car'),('XE60923', 'User17779', 'BKS-59821', 'Dodge', 'Car'),('XE60998', 'User35958', 'BKS-19720', 'Gonow', 'Car'),('XE61023', 'User20216', 'BKS-31287', 'Harley Davidson', 'Bike'),('XE61080', NULL, 'BKS-38658', 'GT', 'Bicycle'),('XE61099', NULL, 'BKS-82762', 'Santa Cruz', 'Bicycle'),('XE61179', 'User99068', 'BKS-67421', 'Piaggio', 'Bike'),('XE61200', 'User60147', 'BKS-52409', 'Pilley', 'Car'),('XE61263', NULL, 'BKS-68241', 'Canondale', 'Bicycle'),('XE61269', NULL, 'BKS-26569', 'Ducati', 'Bike'),('XE61357', NULL, 'BKS-67714', 'Ducati', 'Bike'),('XE61367', 'User16922', 'BKS-67681', 'Acura', 'Car'),('XE61383', NULL, 'BKS-58691', 'Honda', 'Bike'),('XE61414', 'User34335', 'BKS-33867', 'Renault', 'Car'),('XE61513', 'User83991', 'BKS-94172', 'Dewwoo', 'Car'),('XE61517', 'User57257', 'BKS-53570', 'Ducati', 'Bike'),('XE61706', NULL, 'BKS-31838', 'Martin', 'Bicycle'),('XE61882', 'User42188', 'BKS-76849', 'Suzuki', 'Bike'),('XE61970', NULL, 'BKS-94728', 'Konna', 'Bicycle'),('XE61973', 'User40267', 'BKS-36133', 'Geely', 'Car'),('XE62001', 'User60684', 'BKS-89423', 'Ford', 'Car'),('XE62008', 'User59969', 'BKS-53447', 'Englon', 'Car'),('XE62054', NULL, 'BKS-27400', 'Harley Davidson', 'Bike'),('XE62056', NULL, 'BKS-33076', 'Kawasaki', 'Bike'),('XE62064', NULL, 'BKS-85544', 'Canondale', 'Bicycle'),('XE62118', NULL, 'BKS-14945', 'SYM', 'Bike'),('XE62292', NULL, 'BKS-98559', 'Martin', 'Bicycle'),('XE62336', 'User35906', 'BKS-20654', 'Gumpert', 'Car'),('XE62605', NULL, 'BKS-83630', 'Ducati', 'Bike'),('XE62711', 'User19607', 'BKS-39017', 'Acura', 'Car'),('XE62718', 'User31547', 'BKS-83771', 'Triumph', 'Bike'),('XE62731', 'User54948', 'BKS-70877', 'Acura', 'Car'),('XE62756', 'User65489', 'BKS-24525', 'Alfa Romeo', 'Car'),('XE62791', 'User53258', 'BKS-77635', 'SsangYoug', 'Car'),('XE62815', NULL, 'BKS-25985', 'SYM', 'Bike'),('XE62846', 'User85843', 'BKS-53220', 'Bugatti', 'Car'),('XE62851', NULL, 'BKS-76061', 'Harley Davidson', 'Bike'),('XE62898', 'User41543', 'BKS-55831', 'Perodua', 'Car'),('XE62905', 'User13795', 'BKS-66040', 'GMC', 'Car'),('XE62946', NULL, 'BKS-36510', 'Scott', 'Bicycle'),('XE62953', NULL, 'BKS-38987', 'Scott', 'Bicycle'),('XE62968', NULL, 'BKS-63727', 'Specialized', 'Bicycle'),('XE62978', 'User60816', 'BKS-52495', 'Lotus', 'Car'),('XE63024', NULL, 'BKS-27557', 'KTM', 'Bike'),('XE63125', 'User49979', 'BKS-43326', 'Mazda', 'Car'),('XE63131', 'User27070', 'BKS-92244', 'Elfin', 'Car'),('XE63190', 'User84465', 'BKS-37559', 'Subaru', 'Car'),('XE63335', 'User53348', 'BKS-15496', 'Abarth', 'Car'),('XE63357', 'User85375', 'BKS-16997', 'Saab', 'Car'),('XE63382', 'User18999', 'BKS-21512', 'Ferrari', 'Car'),('XE63423', 'User75810', 'BKS-86989', 'Suzuki', 'Car'),('XE63431', NULL, 'BKS-39556', 'Ducati', 'Bike'),('XE63486', 'User70685', 'BKS-49307', 'Koenigsegg', 'Car'),('XE63500', NULL, 'BKS-28660', 'Specialized', 'Bicycle'),('XE63562', NULL, 'BKS-98488', 'Konna', 'Bicycle'),('XE63579', 'User39446', 'BKS-53137', 'Bentley', 'Car'),('XE63658', 'User63784', 'BKS-56991', 'Mitsubishi', 'Car'),('XE63703', 'User83060', 'BKS-57004', 'Donkervoort', 'Car'),('XE63787', 'User10893', 'BKS-86484', 'KTM', 'Bike'),('XE63826', 'User46088', 'BKS-53907', 'Maserati', 'Car'),('XE63829', NULL, 'BKS-99046', 'Suzuki', 'Bike'),('XE63953', NULL, 'BKS-68738', 'Harley Davidson', 'Bike'),('XE63963', 'User92873', 'BKS-54630', 'Toyota', 'Car'),('XE63997', 'User21763', 'BKS-63103', 'Infiniti', 'Car'),('XE64053', NULL, 'BKS-74308', 'SYM', 'Bike'),('XE64084', NULL, 'BKS-39617', 'Specialized', 'Bicycle'),('XE64085', 'User32700', 'BKS-85784', 'Buick', 'Car'),('XE64146', 'User57497', 'BKS-33566', 'Porsche', 'Car'),('XE64212', NULL, 'BKS-94503', 'Canondale', 'Bicycle'),('XE64274', 'User53495', 'BKS-69823', 'Toyota', 'Car'),('XE64438', 'User94011', 'BKS-51777', 'Dodge', 'Car'),('XE64480', NULL, 'BKS-55545', 'Honda', 'Bike'),('XE64509', NULL, 'BKS-11789', 'Triumph', 'Bike'),('XE64634', NULL, 'BKS-39360', 'Trinx', 'Bicycle'),('XE64674', NULL, 'BKS-91306', 'Scott', 'Bicycle'),('XE64707', 'User81737', 'BKS-76059', 'Lexus', 'Car'),('XE64741', NULL, 'BKS-20654', 'SYM', 'Bike'),('XE64748', 'User44705', 'BKS-56537', 'Honda', 'Bike'),('XE64758', NULL, 'BKS-80301', 'GT', 'Bicycle'),('XE64785', 'User42127', 'BKS-63410', 'Harley Davidson', 'Bike'),('XE64823', 'User29782', 'BKS-10579', 'Rover', 'Car'),('XE64875', 'User49699', 'BKS-93501', 'KTM', 'Bike'),('XE64877', NULL, 'BKS-22819', 'Honda', 'Bike'),('XE64899', 'User51810', 'BKS-12962', 'Koenigsegg', 'Car'),('XE64903', NULL, 'BKS-52402', 'Yamaha', 'Bike'),('XE64906', 'User41517', 'BKS-36382', 'Mercedes-Benz', 'Car'),('XE64922', 'User79751', 'BKS-43895', 'Infiniti', 'Car'),('XE64964', 'User71342', 'BKS-69907', 'Honda', 'Bike'),('XE64986', 'User29271', 'BKS-89980', 'Triumph', 'Bike'),('XE64995', NULL, 'BKS-48000', 'Santa Cruz', 'Bicycle'),('XE65020', 'User60010', 'BKS-57507', 'Mastretta', 'Car'),('XE65078', NULL, 'BKS-69017', 'Ducati', 'Bike'),('XE65081', 'User55851', 'BKS-70575', 'Smart', 'Car'),('XE65145', NULL, 'BKS-58950', 'Yamaha', 'Bike'),('XE65149', NULL, 'BKS-99775', 'Trek', 'Bicycle'),('XE65155', NULL, 'BKS-13799', 'Trinx', 'Bicycle'),('XE65187', 'User98035', 'BKS-73468', 'Volkswagen', 'Car'),('XE65239', NULL, 'BKS-52214', 'Merida', 'Bicycle'),('XE65247', 'User52762', 'BKS-79857', 'Citroen', 'Car'),('XE65253', NULL, 'BKS-49540', 'Ducati', 'Bike'),('XE65267', 'User81906', 'BKS-25957', 'Pilley', 'Car'),('XE65393', NULL, 'BKS-17379', 'Konna', 'Bicycle'),('XE65403', NULL, 'BKS-96257', 'Konna', 'Bicycle'),('XE65422', NULL, 'BKS-97453', 'KTM', 'Bike'),('XE65431', 'User70404', 'BKS-38070', 'Mahindra', 'Car'),('XE65434', NULL, 'BKS-12309', 'Piaggio', 'Bike'),('XE65454', NULL, 'BKS-87036', 'Konna', 'Bicycle'),('XE65496', 'User78580', 'BKS-81644', 'Ford', 'Car'),('XE65557', 'User96894', 'BKS-19078', 'Proton', 'Car'),('XE65569', NULL, 'BKS-10534', 'Suzuki', 'Bike'),('XE65636', NULL, 'BKS-40478', 'KTM', 'Bike'),('XE65654', NULL, 'BKS-66862', 'Giant', 'Bicycle'),('XE65770', 'User62937', 'BKS-97180', 'Polls Royce', 'Car'),('XE65779', 'User25145', 'BKS-24699', 'Bugatti', 'Car'),('XE65788', NULL, 'BKS-54978', 'Merida', 'Bicycle'),('XE65812', 'User72877', 'BKS-89943', 'Chrysler', 'Car'),('XE65854', 'User53572', 'BKS-88044', 'KTM', 'Bike'),('XE65977', 'User67205', 'BKS-90390', 'Ducati', 'Bike'),('XE65990', NULL, 'BKS-14382', 'Harley Davidson', 'Bike'),('XE66106', 'User45587', 'BKS-30723', 'Abarth', 'Car'),('XE66170', NULL, 'BKS-32449', 'Suzuki', 'Bike'),('XE66172', 'User91361', 'BKS-37596', 'Hummer', 'Car'),('XE66242', NULL, 'BKS-12152', 'Trek', 'Bicycle'),('XE66248', 'User45346', 'BKS-38981', 'Huyndai', 'Car'),('XE66259', 'User15281', 'BKS-44877', 'Infiniti', 'Car'),('XE66387', 'User96713', 'BKS-16396', 'VAZ', 'Car'),('XE66559', NULL, 'BKS-92958', 'Scott', 'Bicycle'),('XE66561', 'User89523', 'BKS-36945', 'Kawasaki', 'Bike'),('XE66592', NULL, 'BKS-67269', 'Canondale', 'Bicycle'),('XE66627', 'User26579', 'BKS-97467', 'pontiac', 'Car'),('XE66696', NULL, 'BKS-21068', 'Harley Davidson', 'Bike'),('XE66705', 'User40016', 'BKS-64969', 'Honda', 'Bike'),('XE66733', NULL, 'BKS-29957', 'Harley Davidson', 'Bike'),('XE66789', 'User24727', 'BKS-99881', 'Buick', 'Car'),('XE66799', 'User21521', 'BKS-80155', 'Chery', 'Car'),('XE66891', 'User90410', 'BKS-65101', 'SYM', 'Bike'),('XE66903', 'User25276', 'BKS-94218', 'Lancia', 'Car'),('XE66921', 'User62491', 'BKS-61250', 'Chery', 'Car'),('XE66935', 'User67874', 'BKS-16591', 'Mahindra', 'Car'),('XE66967', NULL, 'BKS-15097', 'Yamaha', 'Bike'),('XE66999', 'User12975', 'BKS-50002', 'Triumph', 'Bike'),('XE67003', 'User38302', 'BKS-53794', 'Pagani', 'Car'),('XE67090', 'User11219', 'BKS-42274', 'Great Wall', 'Car'),('XE67130', NULL, 'BKS-73776', 'Martin', 'Bicycle'),('XE67133', NULL, 'BKS-13321', 'Harley Davidson', 'Bike'),('XE67154', NULL, 'BKS-87774', 'Harley Davidson', 'Bike'),('XE67176', NULL, 'BKS-52319', 'KTM', 'Bike'),('XE67202', 'User34469', 'BKS-19103', 'Proton', 'Car'),('XE67222', NULL, 'BKS-10250', 'Specialized', 'Bicycle'),('XE67279', NULL, 'BKS-22990', 'Kawasaki', 'Bike'),('XE67356', 'User56542', 'BKS-21522', 'Renault', 'Car'),('XE67405', NULL, 'BKS-17651', 'Honda', 'Bike'),('XE67408', NULL, 'BKS-98608', 'Triumph', 'Bike'),('XE67434', NULL, 'BKS-84479', 'Triumph', 'Bike'),('XE67595', NULL, 'BKS-26043', 'Triumph', 'Bike'),('XE67685', 'User58855', 'BKS-54569', 'Chevrolet', 'Car'),('XE67733', NULL, 'BKS-74571', 'Honda', 'Bike'),('XE67736', 'User97935', 'BKS-50636', 'Lamborghini', 'Car'),('XE67757', 'User57476', 'BKS-64164', 'Kia', 'Car'),('XE67826', NULL, 'BKS-77601', 'Ducati', 'Bike'),('XE67850', NULL, 'BKS-64955', 'Specialized', 'Bicycle'),('XE67881', 'User64140', 'BKS-39645', 'GMC', 'Car'),('XE67955', 'User31500', 'BKS-57761', 'Harley Davidson', 'Bike'),('XE68069', 'User31961', 'BKS-54484', 'Dodge', 'Car'),('XE68079', 'User31796', 'BKS-23515', 'Jaguar', 'Car'),('XE68117', NULL, 'BKS-77213', 'Honda', 'Bike'),('XE68201', NULL, 'BKS-86536', 'Specialized', 'Bicycle'),('XE68289', NULL, 'BKS-53737', 'Suzuki', 'Bike'),('XE68365', 'User59691', 'BKS-72178', 'Mastretta', 'Car'),('XE68489', 'User89579', 'BKS-76964', 'Cadillac', 'Car'),('XE68506', NULL, 'BKS-81179', 'Harley Davidson', 'Bike'),('XE68550', NULL, 'BKS-34329', 'Kawasaki', 'Bike'),('XE68554', NULL, 'BKS-27032', 'Piaggio', 'Bike'),('XE68555', 'User18970', 'BKS-27100', 'Kia', 'Car'),('XE68684', 'User81652', 'BKS-88661', 'Mahindra', 'Car'),('XE68703', 'User94818', 'BKS-77023', 'Abarth', 'Car'),('XE68761', NULL, 'BKS-69519', 'Triumph', 'Bike'),('XE68786', 'User38941', 'BKS-73720', 'Maserati', 'Car'),('XE68839', NULL, 'BKS-70237', 'Harley Davidson', 'Bike'),('XE68851', 'User12565', 'BKS-83461', 'Seat', 'Car'),('XE68898', 'User76297', 'BKS-28327', 'Porsche', 'Car'),('XE68973', NULL, 'BKS-94668', 'Kawasaki', 'Bike'),('XE68999', 'User62458', 'BKS-22139', 'Polls Royce', 'Car'),('XE69031', NULL, 'BKS-61307', 'Triumph', 'Bike'),('XE69155', 'User52615', 'BKS-30854', 'Audi', 'Car'),('XE69187', 'User68495', 'BKS-15523', 'Citroen', 'Car'),('XE69399', NULL, 'BKS-65605', 'Harley Davidson', 'Bike'),('XE69539', 'User73926', 'BKS-40501', 'Huyndai', 'Car'),('XE69577', NULL, 'BKS-37071', 'KTM', 'Bike'),('XE69608', NULL, 'BKS-91856', 'Yamaha', 'Bike'),('XE69687', NULL, 'BKS-75257', 'Merida', 'Bicycle'),('XE69842', NULL, 'BKS-15794', 'KTM', 'Bike'),('XE69870', NULL, 'BKS-48375', 'Kawasaki', 'Bike'),('XE69873', NULL, 'BKS-29111', 'Harley Davidson', 'Bike'),('XE69897', 'User73595', 'BKS-65558', 'Zenvo', 'Car'),('XE69906', 'User74994', 'BKS-20258', 'Ducati', 'Bike'),('XE69991', 'User40792', 'BKS-65521', 'Lincoln', 'Car'),('XE70004', NULL, 'BKS-37281', 'Merida', 'Bicycle'),('XE70037', NULL, 'BKS-40060', 'Canondale', 'Bicycle'),('XE70072', NULL, 'BKS-13316', 'Piaggio', 'Bike'),('XE70132', NULL, 'BKS-13853', 'Triumph', 'Bike'),('XE70155', 'User66604', 'BKS-93752', 'Bentley', 'Car'),('XE70343', NULL, 'BKS-12302', 'SYM', 'Bike'),('XE70385', NULL, 'BKS-93555', 'Canondale', 'Bicycle'),('XE70415', 'User10651', 'BKS-41390', 'SsangYoug', 'Car'),('XE70503', 'User26548', 'BKS-50171', 'Dodge', 'Car'),('XE70536', 'User38079', 'BKS-49374', 'Bentley', 'Car'),('XE70579', NULL, 'BKS-37101', 'Santa Cruz', 'Bicycle'),('XE70581', NULL, 'BKS-51301', 'KTM', 'Bike'),('XE70614', NULL, 'BKS-26845', 'Giant', 'Bicycle'),('XE70624', 'User54122', 'BKS-58230', 'Bentley', 'Car'),('XE70703', NULL, 'BKS-70627', 'Giant', 'Bicycle'),('XE70719', NULL, 'BKS-76987', 'Honda', 'Bike'),('XE70758', NULL, 'BKS-58733', 'Santa Cruz', 'Bicycle'),('XE70871', NULL, 'BKS-74393', 'Konna', 'Bicycle'),('XE70926', 'User11309', 'BKS-48435', 'IKCO', 'Car'),('XE70931', 'User89221', 'BKS-89456', 'Volvo', 'Car'),('XE70976', NULL, 'BKS-13370', 'KTM', 'Bike'),('XE71009', 'User98825', 'BKS-62570', 'Geely', 'Car'),('XE71220', 'User94639', 'BKS-88074', 'Kia', 'Car'),('XE71284', NULL, 'BKS-80512', 'GT', 'Bicycle'),('XE71398', 'User94293', 'BKS-28082', 'Pagani', 'Car'),('XE71475', 'User36805', 'BKS-23461', 'Holden', 'Car'),('XE71498', NULL, 'BKS-41912', 'Piaggio', 'Bike'),('XE71504', NULL, 'BKS-60264', 'Scott', 'Bicycle'),('XE71556', NULL, 'BKS-63680', 'Trek', 'Bicycle'),('XE71570', NULL, 'BKS-65481', 'Martin', 'Bicycle'),('XE71600', 'User10681', 'BKS-16672', 'SYM', 'Bike'),('XE71631', 'User14146', 'BKS-42380', 'Mercedes-Benz', 'Car'),('XE71639', NULL, 'BKS-25834', 'Giant', 'Bicycle'),('XE71741', 'User38008', 'BKS-50537', 'Audi', 'Car'),('XE71793', 'User49735', 'BKS-69568', 'Seat', 'Car'),('XE71800', NULL, 'BKS-78715', 'Trek', 'Bicycle'),('XE71837', 'User20536', 'BKS-27447', 'Maserati', 'Car'),('XE71851', NULL, 'BKS-45250', 'SYM', 'Bike'),('XE71869', NULL, 'BKS-78045', 'Harley Davidson', 'Bike'),('XE71875', NULL, 'BKS-66962', 'KTM', 'Bike'),('XE71959', NULL, 'BKS-93342', 'Yamaha', 'Bike'),('XE71996', 'User79418', 'BKS-18572', 'Rover', 'Car'),('XE72084', NULL, 'BKS-64952', 'Piaggio', 'Bike'),('XE72087', NULL, 'BKS-18041', 'Ducati', 'Bike'),('XE72107', NULL, 'BKS-28165', 'Martin', 'Bicycle'),('XE72113', 'User37898', 'BKS-16042', 'Great Wall', 'Car'),('XE72128', NULL, 'BKS-47354', 'Honda', 'Bike'),('XE72131', NULL, 'BKS-90195', 'Trinx', 'Bicycle'),('XE72176', 'User64406', 'BKS-77897', 'Infiniti', 'Car'),('XE72178', 'User19618', 'BKS-75663', 'Yamaha', 'Bike'),('XE72202', 'User51231', 'BKS-79742', 'Elfin', 'Car'),('XE72224', NULL, 'BKS-91863', 'Suzuki', 'Bike'),('XE72324', NULL, 'BKS-80467', 'KTM', 'Bike'),('XE72329', 'User73462', 'BKS-81366', 'Lamborghini', 'Car'),('XE72355', NULL, 'BKS-87887', 'Canondale', 'Bicycle'),('XE72401', NULL, 'BKS-39653', 'Suzuki', 'Bike'),('XE72408', NULL, 'BKS-43417', 'Ducati', 'Bike'),('XE72429', 'User54019', 'BKS-11393', 'Gafei', 'Car'),('XE72433', NULL, 'BKS-36640', 'Scott', 'Bicycle'),('XE72446', 'User38102', 'BKS-96151', 'Huyndai', 'Car'),('XE72528', 'User79786', 'BKS-53406', 'Kawasaki', 'Bike'),('XE72532', 'User75990', 'BKS-75103', 'Tesla', 'Car'),('XE72621', 'User14622', 'BKS-49556', 'Mini', 'Car'),('XE72623', 'User29164', 'BKS-98971', 'Rover', 'Car'),('XE72673', 'User22743', 'BKS-86231', 'Piaggio', 'Bike'),('XE72696', 'User82792', 'BKS-39130', 'Ducati', 'Bike'),('XE72753', 'User85089', 'BKS-17600', 'Hummer', 'Car'),('XE72838', NULL, 'BKS-82728', 'Konna', 'Bicycle'),('XE72845', 'User40844', 'BKS-27818', 'Zenvo', 'Car'),('XE72848', NULL, 'BKS-16260', 'Santa Cruz', 'Bicycle'),('XE72855', 'User46794', 'BKS-10812', 'Harley Davidson', 'Bike'),('XE72898', NULL, 'BKS-80720', 'Kawasaki', 'Bike'),('XE72938', 'User22858', 'BKS-78482', 'Gonow', 'Car'),('XE72953', NULL, 'BKS-67508', 'Triumph', 'Bike'),('XE73031', NULL, 'BKS-94628', 'Kawasaki', 'Bike'),('XE73032', 'User93740', 'BKS-56914', 'Iveco', 'Car'),('XE73056', NULL, 'BKS-55500', 'Harley Davidson', 'Bike'),('XE73060', 'User59323', 'BKS-30554', 'Ram', 'Car'),('XE73066', 'User72902', 'BKS-73253', 'Triumph', 'Bike'),('XE73095', 'User51959', 'BKS-95215', 'Peugeot', 'Car'),('XE73099', NULL, 'BKS-42553', 'Trek', 'Bicycle'),('XE73124', NULL, 'BKS-14867', 'Merida', 'Bicycle'),('XE73203', NULL, 'BKS-62935', 'Martin', 'Bicycle'),('XE73229', NULL, 'BKS-95209', 'Piaggio', 'Bike'),('XE73303', NULL, 'BKS-88731', 'Scott', 'Bicycle'),('XE73383', 'User53581', 'BKS-83382', 'Alfa Romeo', 'Car'),('XE73407', 'User27494', 'BKS-33670', 'Land Rover', 'Car'),('XE73523', 'User92177', 'BKS-42594', 'Toyota', 'Car'),('XE73530', NULL, 'BKS-16580', 'Triumph', 'Bike'),('XE73544', 'User60322', 'BKS-99938', 'KTM', 'Bike'),('XE73547', 'User80856', 'BKS-86073', 'pontiac', 'Car'),('XE73626', 'User85045', 'BKS-45244', 'Dewwoo', 'Car'),('XE73700', NULL, 'BKS-95542', 'GT', 'Bicycle'),('XE73774', NULL, 'BKS-82862', 'Harley Davidson', 'Bike'),('XE73781', NULL, 'BKS-97676', 'Suzuki', 'Bike'),('XE73807', NULL, 'BKS-99016', 'Honda', 'Bike'),('XE73813', NULL, 'BKS-75599', 'Giant', 'Bicycle'),('XE73869', NULL, 'BKS-64617', 'Santa Cruz', 'Bicycle'),('XE73880', NULL, 'BKS-18163', 'Scott', 'Bicycle'),('XE73993', NULL, 'BKS-50449', 'Honda', 'Bike'),('XE73994', 'User66339', 'BKS-52923', 'Kawasaki', 'Bike'),('XE74003', 'User83469', 'BKS-24454', 'GAZ', 'Car'),('XE74036', 'User72263', 'BKS-16290', 'Jeep', 'Car'),('XE74043', 'User44090', 'BKS-87195', 'Dewwoo', 'Car'),('XE74076', 'User88693', 'BKS-23252', 'Kawasaki', 'Bike'),('XE74131', 'User66952', 'BKS-43925', 'Koenigsegg', 'Car'),('XE74171', NULL, 'BKS-41843', 'Harley Davidson', 'Bike'),('XE74183', 'User11072', 'BKS-47851', 'Carbon Motors', 'Car'),('XE74276', 'User63625', 'BKS-96511', 'Baojun', 'Car'),('XE74343', 'User85241', 'BKS-97566', 'Karma', 'Car'),('XE74396', NULL, 'BKS-63711', 'Triumph', 'Bike'),('XE74435', 'User83579', 'BKS-90831', 'Buick', 'Car'),('XE74544', NULL, 'BKS-35659', 'KTM', 'Bike'),('XE74555', NULL, 'BKS-94555', 'Ducati', 'Bike'),('XE74774', 'User53852', 'BKS-82722', 'Detroit Electric', 'Car'),('XE74792', NULL, 'BKS-71501', 'Trinx', 'Bicycle'),('XE74831', NULL, 'BKS-55587', 'Trinx', 'Bicycle'),('XE74861', NULL, 'BKS-85116', 'Trinx', 'Bicycle'),('XE74921', NULL, 'BKS-94908', 'Triumph', 'Bike'),('XE74936', NULL, 'BKS-20291', 'Triumph', 'Bike'),('XE74940', 'User57739', 'BKS-84687', 'Chery', 'Car'),('XE75022', 'User81400', 'BKS-50988', 'Elfin', 'Car'),('XE75044', NULL, 'BKS-31625', 'Suzuki', 'Bike'),('XE75055', 'User25135', 'BKS-84002', 'Piaggio', 'Bike'),('XE75156', 'User80566', 'BKS-57862', 'Piaggio', 'Bike'),('XE75162', NULL, 'BKS-21170', 'Honda', 'Bike'),('XE75297', 'User46182', 'BKS-84981', 'Hawtai', 'Car'),('XE75309', 'User77483', 'BKS-65030', 'Tesla', 'Car'),('XE75517', 'User55309', 'BKS-68055', 'Ferrari', 'Car'),('XE75606', NULL, 'BKS-67654', 'Giant', 'Bicycle'),('XE75656', NULL, 'BKS-87506', 'SYM', 'Bike'),('XE75669', 'User14740', 'BKS-51680', 'Chevrolet', 'Car'),('XE75675', 'User62440', 'BKS-42564', 'Ford', 'Car'),('XE75745', 'User29530', 'BKS-81959', 'Lotus', 'Car'),('XE75758', NULL, 'BKS-27658', 'Triumph', 'Bike'),('XE75798', 'User45637', 'BKS-61572', 'Koenigsegg', 'Car'),('XE75818', 'User82216', 'BKS-81280', 'Kawasaki', 'Bike'),('XE75827', 'User90342', 'BKS-62352', 'Yamaha', 'Bike'),('XE75841', NULL, 'BKS-10411', 'SYM', 'Bike'),('XE75882', NULL, 'BKS-40247', 'Trek', 'Bicycle'),('XE75954', NULL, 'BKS-54448', 'Trek', 'Bicycle'),('XE76036', NULL, 'BKS-75069', 'Canondale', 'Bicycle'),('XE76042', 'User35635', 'BKS-83576', 'SYM', 'Bike'),('XE76132', 'User12397', 'BKS-34659', 'Piaggio', 'Bike'),('XE76143', NULL, 'BKS-41492', 'Ducati', 'Bike'),('XE76169', 'User98268', 'BKS-40120', 'Ram', 'Car'),('XE76356', NULL, 'BKS-21892', 'Specialized', 'Bicycle'),('XE76372', 'User45111', 'BKS-84563', 'Piaggio', 'Bike'),('XE76431', 'User74511', 'BKS-14124', 'Huyndai', 'Car'),('XE76521', NULL, 'BKS-85390', 'Santa Cruz', 'Bicycle'),('XE76532', NULL, 'BKS-57905', 'Suzuki', 'Bike'),('XE76573', NULL, 'BKS-52824', 'Suzuki', 'Bike'),('XE76575', 'User41869', 'BKS-56642', 'Bentley', 'Car'),('XE76674', 'User91704', 'BKS-45923', 'Geely', 'Car'),('XE76695', 'User84049', 'BKS-78664', 'Lancia', 'Car'),('XE76702', 'User20020', 'BKS-28381', 'Piaggio', 'Bike'),('XE76718', 'User66541', 'BKS-18179', 'KTM', 'Bike'),('XE76721', NULL, 'BKS-80209', 'Honda', 'Bike'),('XE76778', NULL, 'BKS-79962', 'SYM', 'Bike'),('XE76821', 'User82552', 'BKS-41135', 'Ford', 'Car'),('XE76847', NULL, 'BKS-20340', 'KTM', 'Bike'),('XE76866', NULL, 'BKS-54926', 'SYM', 'Bike'),('XE76870', NULL, 'BKS-72556', 'Triumph', 'Bike'),('XE76923', 'User37525', 'BKS-20314', 'McLaren', 'Car'),('XE76925', 'User67668', 'BKS-86405', 'Toyota', 'Car'),('XE76937', NULL, 'BKS-66487', 'Kawasaki', 'Bike'),('XE76950', NULL, 'BKS-98283', 'Giant', 'Bicycle'),('XE76970', 'User60275', 'BKS-36175', 'Suzuki', 'Bike'),('XE77127', NULL, 'BKS-48921', 'KTM', 'Bike'),('XE77172', NULL, 'BKS-49930', 'Piaggio', 'Bike'),('XE77189', NULL, 'BKS-98365', 'Martin', 'Bicycle'),('XE77204', NULL, 'BKS-66440', 'Specialized', 'Bicycle'),('XE77217', NULL, 'BKS-74970', 'Honda', 'Bike'),('XE77288', 'User78598', 'BKS-82088', 'Harley Davidson', 'Bike'),('XE77380', 'User29518', 'BKS-48197', 'Polls Royce', 'Car'),('XE77417', 'User27843', 'BKS-77246', 'Gafei', 'Car'),('XE77424', NULL, 'BKS-18306', 'Kawasaki', 'Bike'),('XE77435', NULL, 'BKS-25620', 'Scott', 'Bicycle'),('XE77444', NULL, 'BKS-62845', 'KTM', 'Bike'),('XE77445', NULL, 'BKS-93088', 'Ducati', 'Bike'),('XE77473', 'User58479', 'BKS-83890', 'GAZ', 'Car'),('XE77488', 'User83865', 'BKS-25331', 'Subaru', 'Car'),('XE77520', 'User60573', 'BKS-43811', 'Suzuki', 'Car'),('XE77575', NULL, 'BKS-49486', 'Harley Davidson', 'Bike'),('XE77624', NULL, 'BKS-36416', 'Martin', 'Bicycle'),('XE77630', NULL, 'BKS-84987', 'Ducati', 'Bike'),('XE77669', 'User60198', 'BKS-80681', 'Chrysler', 'Car'),('XE77727', NULL, 'BKS-73969', 'Suzuki', 'Bike'),('XE77730', 'User21292', 'BKS-88090', 'Triumph', 'Bike'),('XE77832', NULL, 'BKS-67039', 'Triumph', 'Bike'),('XE77918', 'User80404', 'BKS-38793', 'Zotye', 'Car'),('XE77929', NULL, 'BKS-27797', 'Suzuki', 'Bike'),('XE77959', 'User97595', 'BKS-41648', 'Kia', 'Car'),('XE77990', NULL, 'BKS-58648', 'Piaggio', 'Bike'),('XE78038', 'User19955', 'BKS-84871', 'Fiat', 'Car'),('XE78233', NULL, 'BKS-72735', 'Martin', 'Bicycle'),('XE78290', NULL, 'BKS-39979', 'KTM', 'Bike'),('XE78297', NULL, 'BKS-77551', 'Santa Cruz', 'Bicycle'),('XE78362', NULL, 'BKS-63271', 'Giant', 'Bicycle'),('XE78365', 'User97855', 'BKS-33048', 'Yamaha', 'Bike'),('XE78458', 'User93613', 'BKS-58500', 'Volvo', 'Car'),('XE78464', 'User35097', 'BKS-86601', 'Proton', 'Car'),('XE78610', NULL, 'BKS-60717', 'SYM', 'Bike'),('XE78620', 'User42785', 'BKS-43751', 'Kia', 'Car'),('XE78657', 'User81329', 'BKS-22731', 'Mini', 'Car'),('XE78727', 'User82169', 'BKS-71630', 'Rover', 'Car'),('XE78742', 'User34063', 'BKS-72281', 'Piaggio', 'Bike'),('XE78784', NULL, 'BKS-22692', 'KTM', 'Bike'),('XE78842', 'User81381', 'BKS-70991', 'Citroen', 'Car'),('XE78911', NULL, 'BKS-54821', 'Specialized', 'Bicycle'),('XE78951', NULL, 'BKS-86341', 'Kawasaki', 'Bike'),('XE79010', 'User93913', 'BKS-40911', 'Honda', 'Bike'),('XE79022', NULL, 'BKS-53752', 'Yamaha', 'Bike'),('XE79072', NULL, 'BKS-78833', 'Ducati', 'Bike'),('XE79112', NULL, 'BKS-56955', 'Trek', 'Bicycle'),('XE79146', NULL, 'BKS-65359', 'GT', 'Bicycle'),('XE79170', NULL, 'BKS-60301', 'Harley Davidson', 'Bike'),('XE79175', 'User62292', 'BKS-28217', 'Toyota', 'Car'),('XE79366', NULL, 'BKS-41439', 'Trinx', 'Bicycle'),('XE79375', 'User49646', 'BKS-27431', 'Tesla', 'Car'),('XE79417', 'User26043', 'BKS-60436', 'Bugatti', 'Car'),('XE79419', NULL, 'BKS-92244', 'Merida', 'Bicycle'),('XE79489', NULL, 'BKS-33491', 'Ducati', 'Bike'),('XE79587', NULL, 'BKS-30108', 'Scott', 'Bicycle'),('XE79622', 'User67385', 'BKS-13784', 'Suzuki', 'Bike'),('XE79638', 'User99799', 'BKS-89731', 'Renault', 'Car'),('XE79658', NULL, 'BKS-29895', 'Yamaha', 'Bike'),('XE79675', 'User90074', 'BKS-30796', 'KTM', 'Bike'),('XE79769', NULL, 'BKS-66348', 'Kawasaki', 'Bike'),('XE79838', 'User11681', 'BKS-72549', 'Seat', 'Car'),('XE80019', NULL, 'BKS-21702', 'Trinx', 'Bicycle'),('XE80088', 'User81573', 'BKS-52486', 'Subaru', 'Car'),('XE80108', 'User51974', 'BKS-69326', 'McLaren', 'Car'),('XE80127', 'User56772', 'BKS-50632', 'Infiniti', 'Car'),('XE80199', 'User18692', 'BKS-70960', 'Kia', 'Car'),('XE80236', 'User23698', 'BKS-10605', 'Jeep', 'Car'),('XE80246', NULL, 'BKS-10360', 'Canondale', 'Bicycle'),('XE80302', NULL, 'BKS-59125', 'Giant', 'Bicycle'),('XE80311', NULL, 'BKS-74689', 'Kawasaki', 'Bike'),('XE80331', NULL, 'BKS-66137', 'KTM', 'Bike'),('XE80338', 'User43344', 'BKS-24782', 'MG', 'Car'),('XE80339', 'User27989', 'BKS-89534', 'Ducati', 'Bike'),('XE80342', 'User13218', 'BKS-63112', 'Ducati', 'Bike'),('XE80348', 'User80511', 'BKS-28730', 'Mercedes-Benz', 'Car'),('XE80362', NULL, 'BKS-10623', 'Yamaha', 'Bike'),('XE80416', NULL, 'BKS-22304', 'Konna', 'Bicycle'),('XE80417', 'User65588', 'BKS-60709', 'Opel', 'Car'),('XE80489', 'User44618', 'BKS-66532', 'Jaguar', 'Car'),('XE80508', 'User49799', 'BKS-49413', 'Maybach', 'Car'),('XE80518', 'User90675', 'BKS-24829', 'MG', 'Car'),('XE80587', NULL, 'BKS-58471', 'KTM', 'Bike'),('XE80651', 'User21661', 'BKS-88006', 'Peugeot', 'Car'),('XE80676', 'User31595', 'BKS-25536', 'Ducati', 'Bike'),('XE80711', NULL, 'BKS-82240', 'Yamaha', 'Bike'),('XE80762', 'User43667', 'BKS-63632', 'IKCO', 'Car'),('XE80764', 'User91734', 'BKS-19827', 'Huyndai', 'Car'),('XE80826', 'User31773', 'BKS-25908', 'Pagani', 'Car'),('XE80857', NULL, 'BKS-31440', 'Santa Cruz', 'Bicycle'),('XE80945', NULL, 'BKS-39555', 'KTM', 'Bike'),('XE80995', 'User64459', 'BKS-99344', 'Citroen', 'Car'),('XE81012', NULL, 'BKS-57419', 'Trek', 'Bicycle'),('XE81110', NULL, 'BKS-96313', 'Ducati', 'Bike'),('XE81126', NULL, 'BKS-28382', 'Ducati', 'Bike'),('XE81217', 'User83205', 'BKS-42640', 'Zenvo', 'Car'),('XE81290', 'User50369', 'BKS-19272', 'Haima', 'Car'),('XE81303', NULL, 'BKS-23506', 'Santa Cruz', 'Bicycle'),('XE81319', 'User65201', 'BKS-88186', 'Great Wall', 'Car'),('XE81321', NULL, 'BKS-29808', 'Trek', 'Bicycle'),('XE81340', NULL, 'BKS-34356', 'Suzuki', 'Bike'),('XE81414', 'User66209', 'BKS-95917', 'Bugatti', 'Car'),('XE81481', 'User71411', 'BKS-63406', 'Yamaha', 'Bike'),('XE81501', 'User84516', 'BKS-14373', 'Ducati', 'Bike'),('XE81550', NULL, 'BKS-15241', 'Yamaha', 'Bike'),('XE81616', 'User77748', 'BKS-53897', 'Detroit Electric', 'Car'),('XE81619', 'User55361', 'BKS-79259', 'Buick', 'Car'),('XE81630', NULL, 'BKS-57229', 'Suzuki', 'Bike'),('XE81757', 'User50734', 'BKS-99907', 'Kia', 'Car'),('XE81776', NULL, 'BKS-65765', 'Harley Davidson', 'Bike'),('XE81787', 'User85050', 'BKS-13535', 'Carbon Motors', 'Car'),('XE81876', NULL, 'BKS-32777', 'KTM', 'Bike'),('XE81877', NULL, 'BKS-57191', 'Suzuki', 'Bike'),('XE81953', 'User87185', 'BKS-39601', 'Polls Royce', 'Car'),('XE81958', 'User11873', 'BKS-64754', 'Subaru', 'Car'),('XE81992', NULL, 'BKS-96201', 'Suzuki', 'Bike'),('XE82012', NULL, 'BKS-16845', 'Scott', 'Bicycle'),('XE82047', NULL, 'BKS-60069', 'Suzuki', 'Bike'),('XE82122', NULL, 'BKS-10608', 'Specialized', 'Bicycle'),('XE82151', 'User97812', 'BKS-79520', 'Ducati', 'Bike'),('XE82248', NULL, 'BKS-78735', 'Harley Davidson', 'Bike'),('XE82261', NULL, 'BKS-24024', 'KTM', 'Bike'),('XE82266', 'User37069', 'BKS-91864', 'Suzuki', 'Bike'),('XE82314', 'User57181', 'BKS-16807', 'Karma', 'Car'),('XE82340', 'User65129', 'BKS-24828', 'Nissan', 'Car'),('XE82378', 'User15360', 'BKS-95608', 'Volkswagen', 'Car'),('XE82411', NULL, 'BKS-64383', 'Harley Davidson', 'Bike'),('XE82450', 'User77515', 'BKS-35599', 'VAZ', 'Car'),('XE82495', 'User81295', 'BKS-20139', 'Bugatti', 'Car'),('XE82709', 'User37526', 'BKS-23141', 'Hawtai', 'Car'),('XE82721', NULL, 'BKS-37037', 'Specialized', 'Bicycle'),('XE82760', NULL, 'BKS-42705', 'Triumph', 'Bike'),('XE82810', 'User56755', 'BKS-13361', 'Fiat', 'Car'),('XE82831', 'User85373', 'BKS-50446', 'Englon', 'Car'),('XE82834', 'User95736', 'BKS-47070', 'Pagani', 'Car'),('XE82925', 'User97197', 'BKS-77182', 'Piaggio', 'Bike'),('XE82969', 'User27696', 'BKS-10846', 'Iveco', 'Car'),('XE82978', 'User95437', 'BKS-66895', 'Mahindra', 'Car'),('XE83071', 'User51527', 'BKS-45827', 'Maserati', 'Car'),('XE83125', NULL, 'BKS-16300', 'Harley Davidson', 'Bike'),('XE83151', NULL, 'BKS-37211', 'Giant', 'Bicycle'),('XE83190', NULL, 'BKS-23632', 'Kawasaki', 'Bike'),('XE83228', 'User87359', 'BKS-31669', 'Suzuki', 'Bike'),('XE83249', 'User21196', 'BKS-43395', 'Mastretta', 'Car'),('XE83256', 'User89520', 'BKS-59675', 'Lancia', 'Car'),('XE83292', 'User23473', 'BKS-85505', 'Tata', 'Car'),('XE83314', 'User59924', 'BKS-47237', 'Fisker', 'Car'),('XE83405', 'User50233', 'BKS-33793', 'Aston Martin', 'Car'),('XE83475', 'User61483', 'BKS-13643', 'SYM', 'Bike'),('XE83534', 'User71509', 'BKS-67033', 'Toyota', 'Car'),('XE83536', 'User48234', 'BKS-98838', 'Geely', 'Car'),('XE83566', 'User67384', 'BKS-92968', 'Piaggio', 'Bike'),('XE83624', NULL, 'BKS-13260', 'Ducati', 'Bike'),('XE83671', NULL, 'BKS-52042', 'Trek', 'Bicycle'),('XE83675', NULL, 'BKS-92199', 'Suzuki', 'Bike'),('XE83737', 'User79244', 'BKS-91687', 'GMC', 'Car'),('XE83783', 'User72597', 'BKS-25249', 'Gonow', 'Car'),('XE83836', NULL, 'BKS-81250', 'Suzuki', 'Bike'),('XE83852', NULL, 'BKS-55708', 'Suzuki', 'Bike'),('XE83929', NULL, 'BKS-87694', 'Giant', 'Bicycle'),('XE83946', 'User55736', 'BKS-27078', 'KTM', 'Bike'),('XE83998', 'User40874', 'BKS-41837', 'Mahindra', 'Car'),('XE84061', NULL, 'BKS-81222', 'Suzuki', 'Bike'),('XE84066', NULL, 'BKS-52809', 'Suzuki', 'Bike'),('XE84071', NULL, 'BKS-89108', 'Giant', 'Bicycle'),('XE84130', 'User36764', 'BKS-10261', 'Suzuki', 'Bike'),('XE84142', NULL, 'BKS-90006', 'Specialized', 'Bicycle'),('XE84262', 'User83799', 'BKS-83106', 'Chevrolet', 'Car'),('XE84322', NULL, 'BKS-30649', 'GT', 'Bicycle'),('XE84334', 'User56150', 'BKS-86505', 'Audi', 'Car'),('XE84379', 'User26218', 'BKS-94033', 'Suzuki', 'Car'),('XE84401', 'User31133', 'BKS-13553', 'Harley Davidson', 'Bike'),('XE84438', 'User28995', 'BKS-22447', 'Toyota', 'Car'),('XE84463', NULL, 'BKS-12545', 'Piaggio', 'Bike'),('XE84531', NULL, 'BKS-90832', 'Piaggio', 'Bike'),('XE84646', 'User87428', 'BKS-54717', 'Vauxhall', 'Car'),('XE84782', NULL, 'BKS-49411', 'Kawasaki', 'Bike'),('XE84870', 'User30588', 'BKS-49684', 'Hawtai', 'Car'),('XE84881', NULL, 'BKS-11803', 'Specialized', 'Bicycle'),('XE84904', 'User54341', 'BKS-20663', 'Borgward', 'Car'),('XE85055', 'User21961', 'BKS-28742', 'Yulon', 'Car'),('XE85064', 'User14592', 'BKS-92969', 'Renault', 'Car'),('XE85079', NULL, 'BKS-32862', 'Ducati', 'Bike'),('XE85188', NULL, 'BKS-45539', 'KTM', 'Bike'),('XE85215', 'User17334', 'BKS-86851', 'Chevrolet', 'Car'),('XE85257', 'User12193', 'BKS-22471', 'Suzuki', 'Car'),('XE85366', 'User41256', 'BKS-44240', 'Suzuki', 'Bike'),('XE85423', NULL, 'BKS-73019', 'Trinx', 'Bicycle'),('XE85540', NULL, 'BKS-72920', 'Scott', 'Bicycle'),('XE85571', NULL, 'BKS-40578', 'KTM', 'Bike'),('XE85636', 'User45254', 'BKS-86996', 'Yulon', 'Car'),('XE85662', NULL, 'BKS-80508', 'Honda', 'Bike'),('XE85759', 'User98941', 'BKS-94572', 'Hawtai', 'Car'),('XE85863', NULL, 'BKS-63225', 'Harley Davidson', 'Bike'),('XE85953', 'User53012', 'BKS-13618', 'Proton', 'Car'),('XE86120', 'User19026', 'BKS-72009', 'Chery', 'Car'),('XE86148', 'User75135', 'BKS-36073', 'Saab', 'Car'),('XE86223', NULL, 'BKS-51545', 'Piaggio', 'Bike'),('XE86286', 'User52588', 'BKS-23552', 'Honda', 'Bike'),('XE86319', NULL, 'BKS-87242', 'Giant', 'Bicycle'),('XE86348', 'User89901', 'BKS-93364', 'FAW', 'Car'),('XE86365', NULL, 'BKS-60127', 'Harley Davidson', 'Bike'),('XE86390', NULL, 'BKS-93305', 'Honda', 'Bike'),('XE86392', 'User72815', 'BKS-42851', 'Honda', 'Bike'),('XE86429', NULL, 'BKS-97970', 'KTM', 'Bike'),('XE86435', NULL, 'BKS-70669', 'Ducati', 'Bike'),('XE86548', NULL, 'BKS-38381', 'GT', 'Bicycle'),('XE86791', NULL, 'BKS-56971', 'Honda', 'Bike'),('XE86792', NULL, 'BKS-83965', 'KTM', 'Bike'),('XE86851', NULL, 'BKS-77751', 'Yamaha', 'Bike'),('XE86857', 'User97932', 'BKS-57000', 'Harley Davidson', 'Bike'),('XE86878', NULL, 'BKS-95247', 'KTM', 'Bike'),('XE86912', NULL, 'BKS-52934', 'KTM', 'Bike'),('XE86969', 'User87153', 'BKS-58664', 'Nissan', 'Car'),('XE86989', NULL, 'BKS-58225', 'Giant', 'Bicycle'),('XE87019', NULL, 'BKS-43652', 'Santa Cruz', 'Bicycle'),('XE87037', 'User46212', 'BKS-35519', 'Lotus', 'Car'),('XE87084', NULL, 'BKS-40660', 'Konna', 'Bicycle'),('XE87105', 'User90753', 'BKS-10453', 'Dewwoo', 'Car'),('XE87185', 'User46550', 'BKS-44276', 'Mazda', 'Car'),('XE87196', 'User91795', 'BKS-45111', 'Kawasaki', 'Bike'),('XE87200', NULL, 'BKS-45901', 'Konna', 'Bicycle'),('XE87208', 'User83751', 'BKS-21107', 'Nissan', 'Car'),('XE87211', 'User30938', 'BKS-47388', 'Ducati', 'Bike'),('XE87215', 'User29387', 'BKS-47113', 'Lexus', 'Car'),('XE87266', NULL, 'BKS-35164', 'KTM', 'Bike'),('XE87271', NULL, 'BKS-44094', 'Yamaha', 'Bike'),('XE87325', 'User95507', 'BKS-61317', 'Yamaha', 'Bike'),('XE87458', NULL, 'BKS-25565', 'Piaggio', 'Bike'),('XE87548', 'User97756', 'BKS-79364', 'Great Wall', 'Car'),('XE87581', NULL, 'BKS-44642', 'Merida', 'Bicycle'),('XE87602', NULL, 'BKS-95764', 'Suzuki', 'Bike'),('XE87705', NULL, 'BKS-43053', 'Konna', 'Bicycle'),('XE87706', NULL, 'BKS-20778', 'Ducati', 'Bike'),('XE87775', NULL, 'BKS-56653', 'Honda', 'Bike'),('XE87782', NULL, 'BKS-49610', 'Yamaha', 'Bike'),('XE87790', NULL, 'BKS-63884', 'Martin', 'Bicycle'),('XE87970', NULL, 'BKS-93126', 'KTM', 'Bike'),('XE88014', NULL, 'BKS-41358', 'Ducati', 'Bike'),('XE88109', 'User82776', 'BKS-76416', 'Mazda', 'Car'),('XE88125', NULL, 'BKS-22552', 'Triumph', 'Bike'),('XE88140', NULL, 'BKS-89592', 'Triumph', 'Bike'),('XE88184', NULL, 'BKS-51952', 'Ducati', 'Bike'),('XE88330', 'User84206', 'BKS-98752', 'Bentley', 'Car'),('XE88354', 'User53900', 'BKS-97775', 'Kawasaki', 'Bike'),('XE88383', NULL, 'BKS-71630', 'Scott', 'Bicycle'),('XE88542', NULL, 'BKS-67054', 'KTM', 'Bike'),('XE88546', NULL, 'BKS-17044', 'Harley Davidson', 'Bike'),('XE88555', 'User49702', 'BKS-93822', 'Ionini', 'Car'),('XE88780', 'User83629', 'BKS-41536', 'Ram', 'Car'),('XE88793', NULL, 'BKS-56666', 'Yamaha', 'Bike'),('XE88912', NULL, 'BKS-97008', 'Giant', 'Bicycle'),('XE88918', NULL, 'BKS-96672', 'Triumph', 'Bike'),('XE88920', 'User39693', 'BKS-73545', 'Kia', 'Car'),('XE88996', NULL, 'BKS-27764', 'Honda', 'Bike'),('XE89031', NULL, 'BKS-78624', 'Ducati', 'Bike'),('XE89059', 'User92989', 'BKS-94179', 'Harley Davidson', 'Bike'),('XE89083', NULL, 'BKS-68008', 'Scott', 'Bicycle'),('XE89131', 'User47590', 'BKS-34897', 'Lamborghini', 'Car'),('XE89140', NULL, 'BKS-21837', 'Yamaha', 'Bike'),('XE89276', 'User67293', 'BKS-34902', 'Kawasaki', 'Bike'),('XE89286', 'User92813', 'BKS-85224', 'Kawasaki', 'Bike'),('XE89313', 'User93543', 'BKS-45796', 'Iveco', 'Car'),('XE89486', 'User31698', 'BKS-17288', 'Yamaha', 'Bike'),('XE89494', NULL, 'BKS-44440', 'Trek', 'Bicycle'),('XE89503', NULL, 'BKS-33888', 'Honda', 'Bike'),('XE89536', NULL, 'BKS-79369', 'Kawasaki', 'Bike'),('XE89574', 'User26444', 'BKS-59238', 'Buick', 'Car'),('XE89613', 'User67527', 'BKS-16102', 'GMC', 'Car'),('XE89766', 'User80939', 'BKS-76224', 'Ducati', 'Bike'),('XE89785', 'User47651', 'BKS-26101', 'Ferrari', 'Car'),('XE89811', NULL, 'BKS-17262', 'Konna', 'Bicycle'),('XE89916', NULL, 'BKS-81639', 'Piaggio', 'Bike'),('XE89950', 'User75045', 'BKS-27512', 'Opel', 'Car'),('XE89992', 'User76584', 'BKS-59593', 'Honda', 'Bike'),('XE90004', NULL, 'BKS-68896', 'Yamaha', 'Bike'),('XE90027', NULL, 'BKS-48806', 'KTM', 'Bike'),('XE90144', 'User11622', 'BKS-51325', 'Citroen', 'Car'),('XE90145', 'User51517', 'BKS-90077', 'Fisker', 'Car'),('XE90156', 'User31133', 'BKS-71678', 'Seat', 'Car'),('XE90238', NULL, 'BKS-95068', 'SYM', 'Bike'),('XE90250', 'User33465', 'BKS-25152', 'Jaguar', 'Car'),('XE90287', 'User23570', 'BKS-11501', 'Opel', 'Car'),('XE90317', 'User98223', 'BKS-52118', 'VAZ', 'Car'),('XE90319', 'User59711', 'BKS-97527', 'Ferrari', 'Car'),('XE90428', 'User74359', 'BKS-66951', 'IKCO', 'Car'),('XE90475', 'User22081', 'BKS-54274', 'MG', 'Car'),('XE90508', NULL, 'BKS-43258', 'Piaggio', 'Bike'),('XE90586', NULL, 'BKS-93127', 'Harley Davidson', 'Bike'),('XE90597', NULL, 'BKS-39378', 'Trek', 'Bicycle'),('XE90602', NULL, 'BKS-82985', 'Trek', 'Bicycle'),('XE90606', NULL, 'BKS-62034', 'Trek', 'Bicycle'),('XE90637', NULL, 'BKS-82577', 'Triumph', 'Bike'),('XE90647', 'User40462', 'BKS-86820', 'Changan', 'Car'),('XE90654', 'User57372', 'BKS-54197', 'Mini', 'Car'),('XE90660', 'User70232', 'BKS-89465', 'Volkswagen', 'Car'),('XE90663', NULL, 'BKS-90479', 'Trek', 'Bicycle'),('XE90750', 'User85527', 'BKS-62383', 'Fisker', 'Car'),('XE90951', NULL, 'BKS-68082', 'Yamaha', 'Bike'),('XE91001', 'User23242', 'BKS-87828', 'Buick', 'Car'),('XE91052', NULL, 'BKS-11354', 'Trinx', 'Bicycle'),('XE91078', NULL, 'BKS-98050', 'Yamaha', 'Bike'),('XE91083', 'User63660', 'BKS-10123', 'FAW', 'Car'),('XE91116', NULL, 'BKS-41698', 'Martin', 'Bicycle'),('XE91254', 'User98471', 'BKS-64678', 'Haima', 'Car'),('XE91367', 'User97423', 'BKS-30226', 'Zenvo', 'Car'),('XE91371', 'User71354', 'BKS-21332', 'Harley Davidson', 'Bike'),('XE91498', NULL, 'BKS-38027', 'KTM', 'Bike'),('XE91523', NULL, 'BKS-13607', 'Kawasaki', 'Bike'),('XE91524', NULL, 'BKS-80648', 'Yamaha', 'Bike'),('XE91527', NULL, 'BKS-70561', 'KTM', 'Bike'),('XE91592', NULL, 'BKS-16190', 'GT', 'Bicycle'),('XE91610', NULL, 'BKS-88433', 'Suzuki', 'Bike'),('XE91713', 'User88691', 'BKS-41598', 'Porsche', 'Car'),('XE91792', NULL, 'BKS-97579', 'Triumph', 'Bike'),('XE91797', NULL, 'BKS-18079', 'KTM', 'Bike'),('XE91907', NULL, 'BKS-16840', 'Scott', 'Bicycle'),('XE91945', 'User66623', 'BKS-24665', 'Kia', 'Car'),('XE91984', NULL, 'BKS-80800', 'Trinx', 'Bicycle'),('XE92045', NULL, 'BKS-39720', 'Yamaha', 'Bike'),('XE92053', 'User65887', 'BKS-83315', 'McLaren', 'Car'),('XE92089', NULL, 'BKS-92250', 'KTM', 'Bike'),('XE92205', 'User17177', 'BKS-76928', 'Alfa Romeo', 'Car'),('XE92207', 'User62564', 'BKS-78743', 'KTM', 'Bike'),('XE92316', 'User79359', 'BKS-86482', 'Ionini', 'Car'),('XE92371', NULL, 'BKS-28958', 'Yamaha', 'Bike'),('XE92378', NULL, 'BKS-99475', 'Kawasaki', 'Bike'),('XE92380', 'User17627', 'BKS-60896', 'Honda', 'Car'),('XE92382', NULL, 'BKS-30495', 'Scott', 'Bicycle'),('XE92398', 'User97144', 'BKS-35137', 'Koenigsegg', 'Car'),('XE92450', NULL, 'BKS-20756', 'Kawasaki', 'Bike'),('XE92460', NULL, 'BKS-72791', 'Triumph', 'Bike'),('XE92479', NULL, 'BKS-14660', 'Trinx', 'Bicycle'),('XE92544', 'User37031', 'BKS-35014', 'Lancia', 'Car'),('XE92626', 'User81650', 'BKS-58908', 'XinKai', 'Car'),('XE92627', 'User79185', 'BKS-67576', 'Tata', 'Car'),('XE92658', 'User94751', 'BKS-45316', 'Lotus', 'Car'),('XE92703', NULL, 'BKS-74589', 'Martin', 'Bicycle'),('XE92745', NULL, 'BKS-84722', 'Piaggio', 'Bike'),('XE92753', NULL, 'BKS-43541', 'Triumph', 'Bike'),('XE92773', 'User35576', 'BKS-91352', 'Maserati', 'Car'),('XE92778', NULL, 'BKS-17057', 'Martin', 'Bicycle'),('XE92808', 'User55954', 'BKS-62294', 'Maybach', 'Car'),('XE92878', NULL, 'BKS-12328', 'Honda', 'Bike'),('XE92884', 'User79564', 'BKS-76657', 'Alfa Romeo', 'Car'),('XE92960', 'User17670', 'BKS-17320', 'pontiac', 'Car'),('XE93095', NULL, 'BKS-10712', 'Harley Davidson', 'Bike'),('XE93112', NULL, 'BKS-92035', 'Suzuki', 'Bike'),('XE93137', 'User37135', 'BKS-40022', 'Ionini', 'Car'),('XE93153', 'User76314', 'BKS-64630', 'Polls Royce', 'Car'),('XE93215', 'User11663', 'BKS-34192', 'Chrysler', 'Car'),('XE93265', NULL, 'BKS-17977', 'Specialized', 'Bicycle'),('XE93272', 'User31652', 'BKS-31131', 'Luxgen', 'Car'),('XE93286', NULL, 'BKS-92543', 'Yamaha', 'Bike'),('XE93376', NULL, 'BKS-86847', 'Scott', 'Bicycle'),('XE93380', 'User14912', 'BKS-28319', 'Piaggio', 'Bike'),('XE93404', 'User85340', 'BKS-24443', 'Hawtai', 'Car'),('XE93456', NULL, 'BKS-61828', 'Merida', 'Bicycle'),('XE93460', NULL, 'BKS-52921', 'GT', 'Bicycle'),('XE93531', 'User21814', 'BKS-23710', 'Chevrolet', 'Car'),('XE93544', NULL, 'BKS-15514', 'Santa Cruz', 'Bicycle'),('XE93546', 'User47429', 'BKS-20760', 'SYM', 'Bike'),('XE93599', NULL, 'BKS-74875', 'Yamaha', 'Bike'),('XE93608', 'User74830', 'BKS-51977', 'Yulon', 'Car'),('XE93660', 'User60984', 'BKS-28196', 'Holden', 'Car'),('XE93670', NULL, 'BKS-15330', 'Harley Davidson', 'Bike'),('XE93782', 'User20892', 'BKS-10742', 'BYD', 'Car'),('XE93796', NULL, 'BKS-60762', 'Kawasaki', 'Bike'),('XE93913', 'User17851', 'BKS-52641', 'Volkswagen', 'Car'),('XE93943', NULL, 'BKS-99834', 'Merida', 'Bicycle'),('XE94043', NULL, 'BKS-31836', 'Honda', 'Bike'),('XE94246', NULL, 'BKS-97013', 'Kawasaki', 'Bike'),('XE94266', NULL, 'BKS-28312', 'Piaggio', 'Bike'),('XE94294', NULL, 'BKS-56697', 'Canondale', 'Bicycle'),('XE94308', NULL, 'BKS-47400', 'SYM', 'Bike'),('XE94359', NULL, 'BKS-13082', 'KTM', 'Bike'),('XE94384', NULL, 'BKS-59183', 'GT', 'Bicycle'),('XE94463', NULL, 'BKS-59076', 'Triumph', 'Bike'),('XE94478', NULL, 'BKS-33738', 'Giant', 'Bicycle'),('XE94482', NULL, 'BKS-79661', 'Suzuki', 'Bike'),('XE94596', 'User21303', 'BKS-92056', 'Alfa Romeo', 'Car'),('XE94597', NULL, 'BKS-37794', 'Giant', 'Bicycle'),('XE94633', NULL, 'BKS-31897', 'Trinx', 'Bicycle'),('XE94642', 'User97992', 'BKS-44311', 'Alfa Romeo', 'Car'),('XE94669', 'User51434', 'BKS-68940', 'SsangYoug', 'Car'),('XE94678', 'User45850', 'BKS-21056', 'Suzuki', 'Bike'),('XE94714', 'User42726', 'BKS-46686', 'Abarth', 'Car'),('XE94745', 'User44382', 'BKS-39480', 'Dewwoo', 'Car'),('XE94803', 'User63187', 'BKS-12136', 'Ionini', 'Car'),('XE94843', NULL, 'BKS-71360', 'Canondale', 'Bicycle'),('XE94878', NULL, 'BKS-72524', 'Ducati', 'Bike'),('XE94915', 'User11730', 'BKS-75454', 'Suzuki', 'Car'),('XE94920', NULL, 'BKS-42317', 'Merida', 'Bicycle'),('XE95000', 'User64213', 'BKS-49562', 'Chevrolet', 'Car'),('XE95009', 'User94236', 'BKS-39587', 'KTM', 'Bike'),('XE95071', NULL, 'BKS-83984', 'Konna', 'Bicycle'),('XE95147', NULL, 'BKS-32601', 'Suzuki', 'Bike'),('XE95215', NULL, 'BKS-99544', 'Canondale', 'Bicycle'),('XE95317', 'User37487', 'BKS-66996', 'FAW', 'Car'),('XE95346', NULL, 'BKS-60400', 'Piaggio', 'Bike'),('XE95368', 'User50612', 'BKS-32457', 'Maserati', 'Car'),('XE95370', 'User84304', 'BKS-14461', 'Honda', 'Bike'),('XE95435', 'User39831', 'BKS-81992', 'Skoda', 'Car'),('XE95559', NULL, 'BKS-69740', 'Suzuki', 'Bike'),('XE95600', 'User87327', 'BKS-95643', 'Mini', 'Car'),('XE95630', 'User73248', 'BKS-59947', 'Carbon Motors', 'Car'),('XE95677', 'User54922', 'BKS-95193', 'Kawasaki', 'Bike'),('XE95720', NULL, 'BKS-66843', 'Harley Davidson', 'Bike'),('XE95748', NULL, 'BKS-81888', 'Canondale', 'Bicycle'),('XE95759', 'User64518', 'BKS-24668', 'Chrysler', 'Car'),('XE95850', NULL, 'BKS-12413', 'Martin', 'Bicycle'),('XE95922', NULL, 'BKS-44394', 'Piaggio', 'Bike'),('XE95925', NULL, 'BKS-95597', 'Harley Davidson', 'Bike'),('XE95955', NULL, 'BKS-69295', 'Piaggio', 'Bike'),('XE95963', 'User49765', 'BKS-69703', 'Land Rover', 'Car'),('XE95983', 'User29246', 'BKS-13942', 'Mercedes-Benz', 'Car'),('XE96068', 'User18520', 'BKS-18117', 'Huyndai', 'Car'),('XE96121', 'User37596', 'BKS-25718', 'Suzuki', 'Bike'),('XE96122', 'User35417', 'BKS-75003', 'Jeep', 'Car'),('XE96259', NULL, 'BKS-13522', 'Konna', 'Bicycle'),('XE96385', NULL, 'BKS-85733', 'Ducati', 'Bike'),('XE96434', 'User52659', 'BKS-11538', 'Koenigsegg', 'Car'),('XE96468', 'User14974', 'BKS-89436', 'Perodua', 'Car'),('XE96472', 'User12731', 'BKS-44150', 'Bugatti', 'Car'),('XE96473', 'User55219', 'BKS-47996', 'KTM', 'Bike'),('XE96489', 'User97141', 'BKS-33376', 'Gonow', 'Car'),('XE96516', 'User41189', 'BKS-44035', 'Geely', 'Car'),('XE96547', NULL, 'BKS-48398', 'Santa Cruz', 'Bicycle'),('XE96563', NULL, 'BKS-91215', 'Trek', 'Bicycle'),('XE96566', NULL, 'BKS-28247', 'Harley Davidson', 'Bike'),('XE96732', 'User42957', 'BKS-17375', 'Renault', 'Car'),('XE96749', NULL, 'BKS-59227', 'SYM', 'Bike'),('XE96854', 'User56793', 'BKS-60372', 'Kawasaki', 'Bike'),('XE96914', NULL, 'BKS-79277', 'Harley Davidson', 'Bike'),('XE96922', NULL, 'BKS-71433', 'GT', 'Bicycle'),('XE96952', 'User55748', 'BKS-12155', 'Lotus', 'Car'),('XE97119', 'User85062', 'BKS-75964', 'Mercedes-Benz', 'Car'),('XE97132', NULL, 'BKS-90697', 'Ducati', 'Bike'),('XE97143', NULL, 'BKS-77859', 'GT', 'Bicycle'),('XE97195', NULL, 'BKS-96109', 'Harley Davidson', 'Bike'),('XE97284', 'User65632', 'BKS-70177', 'Smart', 'Car'),('XE97332', 'User53574', 'BKS-46752', 'Triumph', 'Bike'),('XE97344', NULL, 'BKS-76863', 'Canondale', 'Bicycle'),('XE97394', NULL, 'BKS-63280', 'KTM', 'Bike'),('XE97406', NULL, 'BKS-24371', 'Kawasaki', 'Bike'),('XE97441', NULL, 'BKS-72037', 'Specialized', 'Bicycle'),('XE97528', NULL, 'BKS-79817', 'Konna', 'Bicycle'),('XE97629', 'User76081', 'BKS-36759', 'Baojun', 'Car'),('XE97632', 'User99953', 'BKS-85550', 'Hummer', 'Car'),('XE97662', NULL, 'BKS-27148', 'KTM', 'Bike'),('XE97690', NULL, 'BKS-51601', 'Harley Davidson', 'Bike'),('XE97719', 'User78850', 'BKS-10010', 'XinKai', 'Car'),('XE97767', 'User38648', 'BKS-28978', 'Volkswagen', 'Car'),('XE97768', 'User72842', 'BKS-30934', 'Ferrari', 'Car'),('XE97806', NULL, 'BKS-75098', 'Ducati', 'Bike'),('XE97883', NULL, 'BKS-98215', 'SYM', 'Bike'),('XE97954', NULL, 'BKS-64846', 'Suzuki', 'Bike'),('XE97971', 'User74639', 'BKS-86489', 'Fisker', 'Car'),('XE97973', 'User97832', 'BKS-68432', 'Fiat', 'Car'),('XE98000', NULL, 'BKS-33931', 'Triumph', 'Bike'),('XE98005', 'User62557', 'BKS-39760', 'Chevrolet', 'Car'),('XE98007', 'User35205', 'BKS-53106', 'Toyota', 'Car'),('XE98026', 'User87982', 'BKS-69569', 'Lamborghini', 'Car'),('XE98045', 'User97653', 'BKS-44369', 'Hawtai', 'Car'),('XE98050', 'User17132', 'BKS-12685', 'Maybach', 'Car'),('XE98132', 'User72556', 'BKS-90362', 'Perodua', 'Car'),('XE98158', 'User94436', 'BKS-20068', 'Subaru', 'Car'),('XE98254', NULL, 'BKS-98288', 'Kawasaki', 'Bike'),('XE98274', 'User41909', 'BKS-38365', 'Perodua', 'Car'),('XE98281', 'User23031', 'BKS-39455', 'Land Rover', 'Car'),('XE98347', NULL, 'BKS-23075', 'Martin', 'Bicycle'),('XE98360', NULL, 'BKS-69360', 'Ducati', 'Bike'),('XE98421', 'User78088', 'BKS-30225', 'SsangYoug', 'Car'),('XE98438', NULL, 'BKS-13421', 'Ducati', 'Bike'),('XE98585', 'User54201', 'BKS-18314', 'Mahindra', 'Car'),('XE98593', 'User65017', 'BKS-62368', 'Changan', 'Car'),('XE98602', NULL, 'BKS-75213', 'Specialized', 'Bicycle'),('XE98640', 'User87395', 'BKS-89422', 'Changan', 'Car'),('XE98657', 'User70912', 'BKS-25434', 'Jaguar', 'Car'),('XE98756', 'User51936', 'BKS-87861', 'Harley Davidson', 'Bike'),('XE98779', 'User95773', 'BKS-61046', 'Carbon Motors', 'Car'),('XE98932', 'User66603', 'BKS-60464', 'Peugeot', 'Car'),('XE98961', NULL, 'BKS-53049', 'Giant', 'Bicycle'),('XE98988', NULL, 'BKS-89418', 'Ducati', 'Bike'),('XE99007', 'User76148', 'BKS-46339', 'Tesla', 'Car'),('XE99055', NULL, 'BKS-54624', 'Kawasaki', 'Bike'),('XE99153', 'User43303', 'BKS-85148', 'Hawtai', 'Car'),('XE99169', 'User41127', 'BKS-87080', 'Yamaha', 'Bike'),('XE99176', NULL, 'BKS-46772', 'Harley Davidson', 'Bike'),('XE99180', NULL, 'BKS-58685', 'Martin', 'Bicycle'),('XE99189', 'User56152', 'BKS-41050', 'Seat', 'Car'),('XE99193', NULL, 'BKS-28299', 'GT', 'Bicycle'),('XE99214', 'User53321', 'BKS-21969', 'Honda', 'Bike'),('XE99254', 'User16022', 'BKS-39434', 'Citroen', 'Car'),('XE99307', NULL, 'BKS-10008', 'Harley Davidson', 'Bike'),('XE99343', NULL, 'BKS-82039', 'Martin', 'Bicycle'),('XE99414', NULL, 'BKS-65925', 'KTM', 'Bike'),('XE99426', NULL, 'BKS-92758', 'Honda', 'Bike'),('XE99430', 'User56438', 'BKS-98806', 'MG', 'Car'),('XE99571', NULL, 'BKS-72371', 'Konna', 'Bicycle'),('XE99703', NULL, 'BKS-34807', 'Trinx', 'Bicycle'),('XE99706', NULL, 'BKS-33816', 'Giant', 'Bicycle'),('XE99715', 'User61361', 'BKS-15897', 'Fiat', 'Car'),('XE99734', NULL, 'BKS-39255', 'Scott', 'Bicycle'),('XE99779', 'User72152', 'BKS-64067', 'Kawasaki', 'Bike'),('XE99790', NULL, 'BKS-93378', 'Kawasaki', 'Bike'),('XE99867', NULL, 'BKS-73454', 'Suzuki', 'Bike'),('XE99949', 'User32656', 'BKS-85589', 'Changan', 'Car'),('XE99963', 'User87920', 'BKS-67549', 'Hummer', 'Car'),('XE99977', 'User59350', 'BKS-99606', 'Buick', 'Car');
UNLOCK TABLES;
COMMIT;
CREATE DEFINER = `root`@`localhost` TRIGGER `gui_xe` AFTER INSERT ON `thong_tin_gui` FOR EACH ROW BEGIN
INSERT INTO Thoi_gian_gui_va_lay_xe
set Trang_thai = 'Gui',
ID_the = NEW.ID_the,
Thoi_gian = NOW();
END;;
CREATE DEFINER = `root`@`localhost` TRIGGER `lay_xe` AFTER DELETE ON `thong_tin_gui` FOR EACH ROW BEGIN
INSERT INTO Thoi_gian_gui_va_lay_xe
set Trang_thai = 'Lay',
ID_the = OLD.ID_the,
Thoi_gian = NOW();
END;;
